Clean_Player,Team,G,A,Pts,plus_minus,Sh,TOI_sec,PIM,FOW,FOL,Games_Played,FO%,TOI
A.J. Hodges,Bentley,9,9,18,7,78,28504.0,8,19.0,22.0,30,46.34146341463415,07:55:04
A.J. Macaulay,Bemidji State,0,2,2,-5,17,22475.0,4,0.0,0.0,28,,06:14:35
AJ Casperson,Long Island,0,0,0,0,1,249.0,0,0.0,0.0,1,,00:04:09
Aaron Bohlinger,Quinnipiac,3,11,14,11,34,40704.0,4,0.0,0.0,32,,11:18:24
Aaron Grounds,Long Island,0,0,0,0,0,544.0,0,0.0,0.0,1,,00:09:04
Aaron Huglen,Minnesota,5,14,19,4,48,35903.0,10,274.0,244.0,38,52.8957528957529,09:58:23
Aaron Pionk,Minnesota-Duluth,3,23,26,1,75,40395.0,12,0.0,0.0,36,,11:13:15
Aaron Schwartz,Quinnipiac,12,18,30,-1,89,39072.0,2,1.0,5.0,38,16.666666666666664,10:51:12
Aaron Trotter,St. Thomas,0,1,1,0,0,0.0,0,0.0,0.0,20,,00:00:00
Abram Wiebe,North Dakota,4,20,24,-2,74,52232.0,24,0.0,0.0,38,,14:30:32
Adam Barone,Lake Superior,0,1,1,-6,19,13042.0,4,0.0,0.0,17,,03:37:22
Adam Cardona,Alaska,0,5,5,-3,40,34936.0,32,0.0,0.0,31,,09:42:16
Adam Eisele,Minnesota State,13,13,26,23,87,37573.0,49,337.0,278.0,37,54.796747967479675,10:26:13
Adam Flammang,Bemidji State,5,13,18,-7,87,34858.0,27,3.0,6.0,38,33.33333333333333,09:40:58
Adam Gajan,Minnesota-Duluth,0,0,0,0,0,0.0,0,0.0,0.0,21,,00:00:00
Adam Ingram,St. Cloud State,2,6,8,-4,45,23870.0,12,0.0,0.0,29,,06:37:50
Adam Jeffery,RIT,1,2,3,-11,22,14616.0,6,0.0,0.0,26,,04:03:36
Adam Kleber,Minnesota-Duluth,2,3,5,-9,60,37123.0,13,0.0,0.0,33,,10:18:43
Adam Manji,American Int'l,0,1,1,0,1,0.0,0,0.0,0.0,7,,00:00:00
Adam Marshall,Army,7,5,12,-3,93,34330.0,33,1.0,5.0,38,16.666666666666664,09:32:10
Adam O'Marra,Robert Morris,0,1,1,-3,20,8013.0,0,54.0,59.0,13,47.78761061946903,02:13:33
Adam Parsons,Alaska-Anchorage,1,2,3,-5,30,15594.0,2,35.0,43.0,21,44.871794871794876,04:19:54
Adam Pietila,Wisconsin,1,2,3,0,28,14413.0,57,2.0,1.0,31,66.66666666666666,04:00:13
Adam Raesler,Lindenwood,0,0,0,-2,4,3837.0,4,2.0,1.0,7,66.66666666666666,01:03:57
Adam Schankula,Bowling Green,0,0,0,0,1,299.0,0,0.0,0.0,1,,00:04:59
Adam Zlnka,Bowling Green,1,3,4,6,30,13580.0,12,4.0,2.0,21,66.66666666666666,03:46:20
Aidan Carney,Maine,0,0,0,0,0,1285.0,2,0.0,0.0,5,,00:21:25
Aidan Hreschuk,Boston College,2,7,9,9,36,39141.0,21,1.0,2.0,33,33.33333333333333,10:52:21
Aidan Thompson,Denver,21,34,55,16,164,52067.0,26,37.0,17.0,44,68.51851851851852,14:27:47
Aiden Celebrini,Boston University,2,6,8,8,23,19768.0,14,0.0,1.0,31,0.0,05:29:28
Aiden Dubinsky,Minnesota-Duluth,4,10,14,-2,46,46129.0,20,0.0,0.0,36,,12:48:49
Aiden Fink,Penn State,23,30,53,15,144,47338.0,12,1.0,2.0,40,33.33333333333333,13:08:58
Aiden Gallacher,Omaha,0,1,1,0,4,4269.0,2,0.0,0.0,6,,01:11:09
Aiden Hansen-Bukata,Ohio State,2,29,31,11,55,46646.0,20,0.0,0.0,38,,12:57:26
Aiden VanRooyan,Sacred Heart,1,6,7,8,39,34260.0,10,0.0,1.0,32,0.0,09:31:00
Aiden Westin,Alaska-Anchorage,2,3,5,-7,26,23992.0,6,114.0,105.0,27,52.054794520547944,06:39:52
Aiden Yakimchuk,Lindenwood,0,1,1,-5,28,33649.0,4,0.0,0.0,32,,09:20:49
Aidyn Hutchinson,Northern Michigan,4,6,10,-6,43,27266.0,16,2.0,2.0,30,50.0,07:34:26
Ajeet Gundarah,Sacred Heart,0,1,1,0,0,0.0,0,0.0,0.0,26,,00:00:00
Aku Koskenvuo,Harvard,0,0,0,0,1,0.0,0,0.0,0.0,21,,00:00:00
Albin Boija,Maine,0,1,1,0,1,0.0,0,0.0,0.0,37,,00:00:00
Alec Cicero,Canisius,8,9,17,-7,41,26992.0,33,13.0,27.0,34,32.5,07:29:52
Alec Whipple,Denver,0,0,0,0,0,405.0,0,0.0,0.0,7,,00:06:45
Aleksi Kivioja,Providence,3,5,8,8,31,21366.0,10,76.0,64.0,28,54.285714285714285,05:56:06
Alex Bump,Western Michigan,23,24,47,11,248,48613.0,14,1.0,3.0,42,25.0,13:30:13
Alex DiPaolo,Colgate,11,15,26,-9,73,33476.0,12,123.0,92.0,32,57.20930232558139,09:17:56
Alex Gaffney,Harvard,0,0,0,0,3,2806.0,0,0.0,1.0,4,0.0,00:46:46
Alex Gagne,New Hampshire,4,13,17,0,83,53236.0,46,0.0,1.0,35,0.0,14:47:16
Alex Gomez,Alaska-Anchorage,0,5,5,5,11,12145.0,2,44.0,78.0,16,36.0655737704918,03:22:25
Alex Konovalov,Princeton,3,8,11,2,27,20149.0,6,5.0,9.0,27,35.714285714285715,05:35:49
Alex Krause,Dartmouth,4,8,12,13,37,19380.0,0,3.0,2.0,31,60.0,05:23:00
Alex Murray,Niagara,3,14,17,-2,68,42613.0,28,0.0,0.0,37,,11:50:13
Alex Nordstrom,Michigan Tech,7,2,9,1,53,22553.0,16,4.0,2.0,31,66.66666666666666,06:15:53
Alex Pineau,Brown,7,9,16,-3,54,52898.0,14,0.0,0.0,32,,14:41:38
Alex Power,Quinnipiac,1,3,4,0,15,12295.0,0,0.0,1.0,23,0.0,03:24:55
Alex Servagno,Penn State,0,1,1,0,14,7700.0,4,1.0,0.0,17,100.0,02:08:20
Alex Tracy,Minnesota State,0,0,0,0,0,0.0,0,0.0,0.0,38,,00:00:00
Alex Weiermair,Denver,0,2,2,3,5,4111.0,0,2.0,2.0,9,50.0,01:08:31
Alex Zetterberg,Boston University,5,3,8,0,16,13187.0,2,0.0,1.0,26,0.0,03:39:47
Alexander Bales,Providence,2,3,5,2,34,23980.0,10,0.0,0.0,32,,06:39:40
Alexander Lundman,Lindenwood,2,1,3,-6,19,15046.0,6,0.0,3.0,17,0.0,04:10:46
Alexander Malinowski,American Int'l,0,8,8,-8,45,21362.0,6,1.0,1.0,25,50.0,05:56:02
Alexander Tell,St. Thomas,1,2,3,-3,7,6603.0,4,28.0,49.0,10,36.36363636363637,01:50:03
Alexander Tertyshny,Stonehill,0,1,1,-5,7,8186.0,7,0.0,0.0,9,,02:16:26
Alexandros Aslanidis,Lindenwood,0,0,0,0,0,0.0,0,0.0,0.0,1,,00:00:00
Alexi Sylvestre,Bemidji State,1,0,1,-3,15,4461.0,0,1.0,3.0,9,25.0,01:14:21
Alexi Van Houtte-Cachero,Omaha,0,0,0,-2,3,2525.0,4,2.0,2.0,6,50.0,00:42:05
Alfred Lindberg,American Int'l,7,4,11,-17,77,31122.0,4,232.0,214.0,33,52.01793721973094,08:38:42
Alton McDermott,Canisius,7,8,15,5,43,25547.0,6,2.0,2.0,33,50.0,07:05:47
Andon Cerbone,Quinnipiac,15,20,35,4,92,40983.0,16,114.0,74.0,38,60.63829787234043,11:23:03
Andre Gasseau,Boston College,15,15,30,23,87,38601.0,49,206.0,203.0,36,50.36674816625917,10:43:21
Andrew Centrella,Providence,2,12,14,-6,27,31580.0,8,0.0,0.0,34,,08:46:20
Andrew DeCarlo,Air Force,5,2,7,-5,46,26586.0,31,154.0,145.0,35,51.50501672240802,07:23:06
Andrew Garby,Army,0,0,0,0,0,1451.0,12,0.0,0.0,2,,00:24:11
Andrew Gilbert,Army,0,3,3,-8,26,40653.0,8,0.0,0.0,38,,11:17:33
Andrew King,Brown,0,1,1,1,8,7092.0,0,0.0,0.0,14,,01:58:12
Andrew Noel,Ferris State,1,2,3,-13,26,28284.0,22,0.0,12.0,30,0.0,07:51:24
Andrew Strathmann,North Dakota,2,2,4,0,30,23743.0,24,0.0,0.0,30,,06:35:43
Andrew Takacs,Colgate,0,1,1,0,1,0.0,6,0.0,0.0,32,,00:00:00
Andrius Kulbis-Marino,Long Island,3,6,9,2,34,32506.0,9,0.0,2.0,32,0.0,09:01:46
Andy Moore,Northeastern,1,3,4,-1,27,19493.0,10,114.0,89.0,36,56.15763546798029,05:24:53
Andy Reist,Niagara,1,7,8,-12,72,25352.0,16,209.0,142.0,32,59.54415954415955,07:02:32
Anthony Calafiore,Maine,1,0,1,1,20,12794.0,4,4.0,9.0,21,30.76923076923077,03:33:14
Anthony Cipollone,Quinnipiac,0,3,3,-1,28,21861.0,9,3.0,6.0,38,33.33333333333333,06:04:21
Anthony Cliche,Northern Michigan,4,5,9,-4,35,38808.0,14,0.0,0.0,34,,10:46:48
Anthony Dowd,Arizona State,2,11,13,13,39,35955.0,10,0.0,1.0,37,0.0,09:59:15
Anthony Galante,Stonehill,12,9,21,-6,74,30872.0,37,20.0,14.0,30,58.82352941176471,08:34:32
Anthony Kehrer,Wisconsin,1,11,12,13,45,39953.0,14,0.0,0.0,35,,11:05:53
Anthony Lucarelli,Long Island,4,4,8,2,30,23285.0,8,180.0,144.0,27,55.55555555555556,06:28:05
Anthony Menghini,Minnesota-Duluth,12,7,19,6,107,33175.0,15,1.0,2.0,35,33.33333333333333,09:12:55
Anthony Messuri,Northeastern,0,1,1,4,1,3898.0,0,14.0,20.0,15,41.17647058823529,01:04:58
Anthony Yu,Air Force,3,4,7,-7,38,23361.0,8,0.0,1.0,29,0.0,06:29:21
Anton Castro,Wisconsin,0,0,0,0,0,0.0,0,0.0,0.0,1,,00:00:00
Anton Rubtsov,Alaska,3,1,4,0,27,13372.0,8,1.0,1.0,13,50.0,03:42:52
Antonio Fernandez,Colgate,5,9,14,-5,37,31132.0,10,0.0,0.0,31,,08:38:52
Antonio Venuto,Merrimack,8,6,14,-12,68,31011.0,8,17.0,30.0,35,36.17021276595745,08:36:51
Aram Minnetian,Boston College,2,13,15,20,43,45235.0,16,0.0,0.0,35,,12:33:55
Arlo Merritt,Bentley,8,7,15,10,59,35357.0,10,209.0,165.0,35,55.88235294117647,09:49:17
Arsenii Sergeev,Penn State,0,2,2,0,0,0.0,0,0.0,0.0,33,,00:00:00
Artem Buzoverya,Bentley,6,9,15,5,29,23274.0,4,206.0,153.0,32,57.381615598885794,06:27:54
Artem Shlaine,Arizona State,17,21,38,10,79,36026.0,16,356.0,296.0,31,54.601226993865026,10:00:26
Arthur Smith,Princeton,0,0,0,0,0,0.0,0,0.0,0.0,13,,00:00:00
Artur Turansky,Miami,0,1,1,-6,8,6868.0,0,0.0,1.0,11,0.0,01:54:28
Artyom Borshyov,Lindenwood,2,2,4,6,40,37360.0,14,0.0,0.0,32,,10:22:40
Arvils Bergmanis,Rensselaer,4,4,8,-10,52,40329.0,22,0.0,0.0,35,,11:12:09
August Falloon,Minnesota,2,3,5,0,20,11318.0,0,0.0,2.0,24,0.0,03:08:38
Austen May,Providence,1,13,14,7,61,34816.0,6,0.0,0.0,34,,09:40:16
Austin Brimmer,Long Island,7,8,15,4,50,27062.0,15,2.0,1.0,30,66.66666666666666,07:31:02
Austin Burnevik,St. Cloud State,13,15,28,-15,110,36049.0,8,0.0,2.0,35,0.0,10:00:49
Austin Jouppi,Bemidji State,2,5,7,-9,31,26452.0,12,2.0,2.0,33,50.0,07:20:52
Austin Oravetz,Michigan State,0,3,3,4,5,5979.0,15,0.0,0.0,13,,01:39:39
Austin Salani,Dartmouth,0,0,0,-1,0,500.0,2,1.0,1.0,1,50.0,00:08:20
Austin Schwartz,Air Force,12,9,21,-3,109,45888.0,6,11.0,24.0,40,31.428571428571427,12:44:48
Axel Begley,Minnesota,0,0,0,1,4,4765.0,0,0.0,0.0,15,,01:19:25
Axel Kumlin,Notre Dame,6,15,21,-5,72,53038.0,12,0.0,0.0,38,,14:43:58
Axel Mangbo,Vermont,0,1,1,0,0,0.0,0,0.0,0.0,23,,00:00:00
Aydar Suniev,Massachusetts,20,18,38,12,121,40542.0,41,0.0,3.0,35,0.0,11:15:42
Ayrton Martino,Clarkson,25,26,51,11,83,43670.0,8,2.0,4.0,39,33.33333333333333,12:07:50
Barrett Brooks,Mercyhurst,2,6,8,-15,36,21277.0,2,26.0,50.0,26,34.21052631578947,05:54:37
Barrett Hall,St. Cloud State,7,15,22,-10,67,35560.0,6,6.0,11.0,34,35.294117647058826,09:52:40
Barron Woodring,Army,11,15,26,-9,77,44341.0,12,388.0,332.0,38,53.888888888888886,12:19:01
Bayard Hall,Yale,0,4,4,-8,31,29679.0,12,0.0,0.0,27,,08:14:39
Beau Janzig,Air Force,0,5,5,-7,49,41649.0,6,0.0,1.0,40,0.0,11:34:09
Beckett Hendrickson,Minnesota,3,9,12,-1,61,27199.0,18,0.0,3.0,39,0.0,07:33:19
Ben Anderson,Alaska-Anchorage,1,2,3,-7,16,13244.0,41,13.0,23.0,21,36.11111111111111,03:40:44
Ben Bonisteel,Canisius,0,0,0,0,0,0.0,0,0.0,0.0,11,,00:00:00
Ben Charette,Harvard,0,0,0,0,0,0.0,0,0.0,0.0,16,,00:00:00
Ben Dexheimer,Wisconsin,1,16,17,-16,80,48918.0,2,0.0,0.0,35,,13:35:18
Ben Doran,Bowling Green,10,12,22,9,83,39187.0,43,282.0,263.0,36,51.74311926605505,10:53:07
Ben Ivey,Army,8,13,21,5,65,32780.0,10,131.0,177.0,37,42.532467532467535,09:06:20
Ben LeFranc,Holy Cross,1,0,1,-3,13,9724.0,2,0.0,0.0,22,,02:42:04
Ben MacDonald,Harvard,5,11,16,5,60,25421.0,18,66.0,91.0,27,42.038216560509554,07:03:41
Ben Meehan,Mass.-Lowell,3,14,17,-4,57,46334.0,29,1.0,1.0,36,50.0,12:52:14
Ben Muthersbaugh,Union,13,15,28,-3,118,36478.0,31,3.0,2.0,36,60.0,10:07:58
Ben Raymond,Colgate,9,9,18,-2,60,32391.0,21,3.0,5.0,36,37.5,08:59:51
Ben Robertson,Cornell,2,13,15,11,54,46751.0,8,0.0,0.0,36,,12:59:11
Ben Schoen,Penn State,7,13,20,-9,48,29571.0,27,108.0,109.0,37,49.76958525345622,08:12:51
Ben Strinden,North Dakota,8,8,16,5,66,30881.0,14,33.0,29.0,38,53.2258064516129,08:34:41
Ben Troumbly,Augustana,1,1,2,-3,10,7035.0,2,1.0,5.0,12,16.666666666666664,01:57:15
Ben Wozney,Bowling Green,1,5,6,1,39,42266.0,19,0.0,0.0,36,,11:44:26
Beni Halasz,Mass.-Lowell,0,0,0,0,0,0.0,0,0.0,0.0,18,,00:00:00
Benjamin Poitras,Northeastern,1,2,3,-3,25,14971.0,26,2.0,1.0,31,66.66666666666666,04:09:31
Benji Eckerle,Arizona State,3,4,7,0,30,19473.0,12,22.0,30.0,24,42.30769230769231,05:24:33
Bennett Schimek,Arizona State,15,22,37,5,94,42618.0,4,4.0,10.0,35,28.57142857142857,11:50:18
Bennett Zmolek,North Dakota,0,1,1,0,0,1248.0,0,0.0,0.0,1,,00:20:48
Billy Girard,Boston University,0,0,0,0,0,0.0,0,0.0,0.0,1,,00:00:00
Billy Norcross,Northeastern,0,1,1,-1,12,7574.0,2,3.0,4.0,22,42.857142857142854,02:06:14
Billy Renfrew,Northern Michigan,1,2,3,-10,17,27524.0,2,185.0,181.0,31,50.54644808743169,07:38:44
Blais Richartz,Michigan Tech,1,1,2,-4,16,6939.0,0,9.0,8.0,18,52.94117647058824,01:55:39
Blake Bechen,Minnesota-Duluth,5,4,9,-3,39,25978.0,12,2.0,5.0,34,28.57142857142857,07:12:58
Blake Biondi,Notre Dame,12,15,27,-12,114,41194.0,14,8.0,15.0,38,34.78260869565217,11:26:34
Blake Dangos,American Int'l,1,2,3,-7,22,35523.0,18,0.0,2.0,33,0.0,09:52:03
Blake Humphrey,Lake Superior,2,6,8,-1,45,24418.0,2,9.0,12.0,30,42.857142857142854,06:46:58
Blake Mesenburg,Miami,4,3,7,-16,40,24855.0,12,128.0,167.0,34,43.389830508474574,06:54:15
Blake Steenerson,Vermont,5,8,13,5,38,21959.0,23,2.0,1.0,32,66.66666666666666,06:05:59
Bo Cosman,Massachusetts,0,3,3,4,22,14835.0,10,11.0,4.0,30,73.33333333333333,04:07:15
Bobby Metz,Colgate,0,1,1,1,5,3487.0,0,0.0,1.0,10,0.0,00:58:07
Bodie Nobes,Maine,1,4,5,9,29,19030.0,4,0.0,0.0,21,,05:17:10
Boris Skalos,Mercyhurst,5,9,14,-19,96,38136.0,12,17.0,21.0,34,44.73684210526316,10:35:36
Boston Buckberger,Denver,9,21,30,30,71,49730.0,22,1.0,0.0,41,100.0,13:48:50
Brad McNeil,Rensselaer,2,3,5,-4,31,26505.0,2,131.0,164.0,35,44.40677966101695,07:21:45
Braden Birnie,Alaska,4,3,7,-8,43,32286.0,12,9.0,18.0,32,33.33333333333333,08:58:06
Braden Blace,Quinnipiac,1,2,3,5,14,16805.0,4,0.0,0.0,28,,04:40:05
Braden Doyle,Niagara,1,9,10,4,46,44377.0,12,0.0,0.0,37,,12:19:37
Braden Fischer,Minnesota-Duluth,2,3,5,0,14,11278.0,8,26.0,37.0,20,41.269841269841265,03:07:58
Braden Rourke,Robert Morris,2,2,4,-6,55,22980.0,36,1.0,7.0,30,12.5,06:23:00
Brady Berard,Boston College,4,1,5,-4,61,24203.0,10,52.0,49.0,35,51.48514851485149,06:43:23
Brady Cleveland,Colorado College,1,2,3,-3,31,32330.0,39,0.0,0.0,37,,08:58:50
Brady Egan,Clarkson,0,2,2,2,6,3693.0,4,0.0,3.0,9,0.0,01:01:33
Brady Hunter,Stonehill,3,5,8,-10,26,22036.0,8,5.0,4.0,26,55.55555555555556,06:07:16
Brady Parker,Clarkson,0,0,0,0,0,0.0,0,0.0,0.0,1,,00:00:00
Brady Risk,Omaha,13,12,25,6,60,30593.0,30,9.0,9.0,36,50.0,08:29:53
Brady Yakesh,Lindenwood,0,5,5,-4,14,22495.0,16,0.0,0.0,27,,06:14:55
Brady Ziemer,Augustana,0,4,4,-5,39,34518.0,16,0.0,0.0,35,,09:35:18
Braedon Ford,Penn State,1,0,1,-2,6,7446.0,15,14.0,19.0,14,42.42424242424242,02:04:06
Braiden Clark,Providence,1,2,3,4,18,11322.0,2,65.0,57.0,16,53.278688524590166,03:08:42
Braiden Dorfman,Dartmouth,7,9,16,9,48,24812.0,22,7.0,3.0,31,70.0,06:53:32
Branden Piku,Lake Superior,9,7,16,-4,71,31323.0,24,0.0,2.0,34,0.0,08:42:03
Brandon Buhr,Union,19,9,28,1,94,35994.0,25,3.0,9.0,36,25.0,09:59:54
Brandon Chabrier,Maine,0,10,10,10,59,38267.0,25,1.0,0.0,37,100.0,10:37:47
Brandon Holt,Maine,4,16,20,9,75,44028.0,12,0.0,0.0,34,,12:13:48
Brandon Lajoie,Alaska-Anchorage,1,1,2,-1,11,6318.0,0,0.0,1.0,11,0.0,01:45:18
Brandon Santa Juana,Bowling Green,0,0,0,-3,11,5858.0,2,0.0,0.0,11,,01:37:38
Brandon Svoboda,Boston University,7,2,9,-9,41,24352.0,29,138.0,139.0,33,49.81949458483754,06:45:52
Brasen Boser,Arizona State,2,5,7,5,59,38825.0,8,0.0,0.0,37,,10:47:05
Brayden Krieger,Bowling Green,0,0,0,-1,0,346.0,0,0.0,0.0,2,,00:05:46
Brayden Morrison,Miami,0,2,2,-9,11,16821.0,20,67.0,79.0,23,45.89041095890411,04:40:21
Brayden Nicholetts,Alaska,0,0,0,-1,11,10359.0,11,2.0,5.0,16,28.57142857142857,02:52:39
Breck McKinley,Bowling Green,1,6,7,4,51,37844.0,14,1.0,2.0,35,33.33333333333333,10:30:44
Brehdan Engum,Boston University,0,2,2,7,21,28299.0,8,0.0,0.0,30,,07:51:39
Brendan Clark,Brown,6,6,12,2,47,26992.0,30,18.0,17.0,31,51.42857142857142,07:29:52
Brendan Dumas,Sacred Heart,0,0,0,-2,6,4211.0,8,1.0,0.0,8,100.0,01:10:11
Brendan Fitzgerald,New Hampshire,1,2,3,3,34,23577.0,24,0.0,0.0,33,,06:32:57
Brendan Gibbons,Air Force,9,9,18,-14,95,41159.0,15,7.0,2.0,39,77.77777777777779,11:25:59
Brendan Gorman,Princeton,12,14,26,-7,64,32038.0,12,285.0,341.0,30,45.52715654952076,08:53:58
Brendan Lamb,Mercyhurst,2,8,10,-19,41,31752.0,4,187.0,253.0,33,42.5,08:49:12
Brendan Miles,Union,0,7,7,0,26,23947.0,10,0.0,0.0,29,,06:39:07
Brendan Poshak,Northern Michigan,1,1,2,-9,24,19851.0,4,3.0,3.0,25,50.0,05:30:51
Brendan Ross,Alaska,3,11,14,-11,52,28169.0,10,23.0,28.0,31,45.09803921568628,07:49:29
Brendan Wang,Princeton,1,1,2,0,18,17432.0,2,0.0,0.0,25,,04:50:32
Brenden Olson,Minnesota State,1,3,4,5,34,26129.0,8,0.0,0.0,37,,07:15:29
Brennan Ali,Notre Dame,7,12,19,-1,59,36859.0,18,1.0,2.0,38,33.33333333333333,10:14:19
Brennan Nelson,Long Island,0,3,3,-1,6,8987.0,26,56.0,52.0,14,51.85185185185185,02:29:47
Brent Johnson,Ohio State,5,8,13,-6,51,42270.0,4,0.0,2.0,38,0.0,11:44:30
Brent Keefer,Army,7,12,19,-5,66,36863.0,29,56.0,67.0,36,45.52845528455284,10:14:23
Bret Link,Colorado College,7,14,21,5,88,40879.0,24,15.0,27.0,37,35.714285714285715,11:21:19
Brett Bamber,American Int'l,6,12,18,-19,90,47410.0,14,1.0,1.0,35,50.0,13:10:10
Brett Bliss,Brown,1,4,5,3,51,34249.0,10,0.0,0.0,31,,09:30:49
Brett Chorske,Colgate,15,19,34,-4,85,42112.0,23,318.0,275.0,36,53.62563237774031,11:41:52
Brett Meerman,Augustana,7,16,23,0,93,35052.0,2,1.0,2.0,35,33.33333333333333,09:44:12
Brett Merner,Colgate,3,6,9,8,25,33935.0,0,0.0,2.0,35,0.0,09:25:35
Brett Miller,Miami,0,0,0,0,0,0.0,0,0.0,0.0,7,,00:00:00
Brett Moravec,Minnesota State,5,2,7,3,38,33793.0,16,111.0,120.0,37,48.05194805194805,09:23:13
Brett Pfoh,Bowling Green,5,13,18,6,70,27312.0,16,7.0,9.0,32,43.75,07:35:12
Brett Roloson,Niagara,1,7,8,1,12,13419.0,0,47.0,58.0,26,44.761904761904766,03:43:39
Brett Rylance,American Int'l,3,10,13,-1,79,31896.0,12,262.0,264.0,35,49.80988593155893,08:51:36
Brian Carrabes,Minnesota State,10,10,20,12,92,35028.0,8,2.0,5.0,39,28.57142857142857,09:43:48
Brian Kramer,Western Michigan,2,15,17,28,70,54970.0,16,0.0,1.0,42,0.0,15:16:10
Brian Nicholas,Brown,11,14,25,-4,70,32096.0,10,85.0,118.0,28,41.87192118226601,08:54:56
Brian Silver,Miami,0,0,0,0,0,342.0,15,0.0,0.0,1,,00:05:42
Briggs Gammill,Yale,3,4,7,-9,63,31727.0,18,9.0,13.0,30,40.909090909090914,08:48:47
Brock Bremer,Omaha,4,8,12,-3,72,35881.0,20,2.0,7.0,36,22.22222222222222,09:58:01
Brodie Ziemer,Minnesota,12,11,23,6,89,35658.0,21,3.0,7.0,38,30.0,09:54:18
Brody Gagno,Holy Cross,1,7,8,15,16,46009.0,40,0.0,0.0,39,,12:46:49
Brody Lamb,Minnesota,17,9,26,1,83,39555.0,12,16.0,22.0,39,42.10526315789473,10:59:15
Brody Maguire,Rensselaer,0,1,1,-3,6,6257.0,8,0.0,0.0,13,,01:44:17
Brody Mortensen,Lindenwood,3,2,5,-5,24,16322.0,10,1.0,1.0,24,50.0,04:32:02
Brody Waters,Bowling Green,16,6,22,5,100,35013.0,20,3.0,1.0,36,75.0,09:43:33
Broten Sabo,Alaska,8,13,21,-4,55,47083.0,31,0.0,0.0,32,,13:04:43
Bruno Bruveris,Miami,0,1,1,0,0,0.0,0,0.0,0.0,19,,00:00:00
Bryan Huggins,Lake Superior,1,4,5,-1,26,30301.0,12,0.0,0.0,32,,08:25:01
Bryant Marks,Alaska-Anchorage,0,0,0,0,0,0.0,0,0.0,0.0,3,,00:00:00
Bryce Monrean,Alaska,0,0,0,0,2,2351.0,6,12.0,18.0,4,40.0,00:39:11
CJ Foley,Dartmouth,11,19,30,16,65,48024.0,10,0.0,0.0,33,,13:20:24
Cade Ahrenholz,Alaska,3,1,4,-3,19,13760.0,41,2.0,6.0,24,25.0,03:49:20
Cade Alami,Minnesota State,0,0,0,-1,1,2939.0,4,0.0,0.0,6,,00:48:59
Cade Christenson,Penn State,2,7,9,23,45,50170.0,10,0.0,1.0,39,0.0,13:56:10
Cade Littler,North Dakota,7,2,9,9,30,16995.0,21,46.0,55.0,33,45.54455445544555,04:43:15
Cade Mason,Long Island,1,13,14,-1,60,32908.0,6,0.0,0.0,29,,09:08:28
Caden Brown,Ohio State,1,1,2,2,2,1382.0,0,9.0,10.0,3,47.368421052631575,00:23:02
Caden Cranston,Merrimack,7,10,17,-13,48,39426.0,2,10.0,14.0,35,41.66666666666667,10:57:06
Caden Lewandowski,Clarkson,0,0,0,-1,0,1088.0,0,0.0,0.0,2,,00:18:08
Caden Villegas,Union,7,22,29,6,66,32361.0,16,7.0,5.0,36,58.333333333333336,08:59:21
Caelan Fitzpatrick,Merrimack,6,9,15,0,54,36616.0,16,260.0,272.0,35,48.87218045112782,10:10:16
Caelum Dick,Alaska,1,7,8,4,26,20012.0,10,0.0,0.0,25,,05:33:32
Caiden Gault,Ferris State,15,10,25,0,93,30808.0,10,7.0,8.0,36,46.666666666666664,08:33:28
Caige Sterzer,St. Thomas,6,8,14,1,36,36341.0,33,66.0,70.0,38,48.529411764705884,10:05:41
Cal Mell,Union,0,1,1,-2,5,16839.0,6,0.0,0.0,24,,04:40:39
Cal Thomas,Minnesota,1,8,9,11,27,28451.0,8,0.0,0.0,27,,07:54:11
Cale Ashcroft,Denver,4,8,12,8,45,38254.0,8,0.0,0.0,44,,10:37:34
Caleb MacDonald,North Dakota,3,7,10,7,51,43437.0,42,0.0,0.0,35,,12:03:57
Caleb Price,Mercyhurst,0,7,7,-19,30,26038.0,0,0.0,0.0,24,,07:13:58
Callum Arnott,Minnesota-Duluth,6,4,10,-16,60,24620.0,2,119.0,166.0,36,41.75438596491228,06:50:20
Callum Gau,Augustana,1,1,2,-6,23,14448.0,19,89.0,99.0,23,47.340425531914896,04:00:48
Callum Tung,Connecticut,0,0,0,0,0,0.0,0,0.0,0.0,17,,00:00:00
Cam Dunn,Massachusetts,0,0,0,0,4,1811.0,0,1.0,0.0,6,100.0,00:30:11
Cam Gendron,Providence,0,0,0,0,3,4374.0,0,26.0,31.0,7,45.614035087719294,01:12:54
Cam Johnson,Harvard,5,4,9,-13,43,26693.0,2,51.0,44.0,31,53.68421052631579,07:24:53
Cam Knuble,Western Michigan,5,10,15,15,36,22990.0,4,133.0,163.0,41,44.932432432432435,06:23:10
Cam Kungle,Merrimack,0,1,1,-4,18,31451.0,12,0.0,0.0,32,,08:44:11
Cam Lund,Northeastern,18,22,40,1,174,50635.0,14,80.0,105.0,37,43.24324324324324,14:03:55
Cam MacDonald,Dartmouth,6,10,16,1,40,32956.0,10,1.0,3.0,33,25.0,09:09:16
Cam Mannion,Stonehill,0,1,1,-3,9,14732.0,2,0.0,0.0,18,,04:05:32
Cam Mitchell,Omaha,8,12,20,7,39,31743.0,10,236.0,265.0,33,47.1057884231537,08:49:03
Cam O'Neill,Massachusetts,2,1,3,1,32,18399.0,6,1.0,3.0,27,25.0,05:06:39
Cameron Berg,North Dakota,12,10,22,-2,66,29626.0,16,211.0,222.0,26,48.72979214780601,08:13:46
Cameron Garvey,Robert Morris,7,15,22,12,89,38773.0,6,327.0,343.0,34,48.80597014925373,10:46:13
Cameron Gaudette,Stonehill,1,3,4,-8,18,35219.0,21,0.0,0.0,31,,09:46:59
Cameron Korpi,Michigan,0,0,0,0,0,0.0,2,0.0,0.0,18,,00:00:00
Cameron Ricotta,Mercyhurst,0,0,0,-4,1,1283.0,0,0.0,1.0,2,0.0,00:21:23
Cameron Rowe,Western Michigan,0,1,1,0,0,0.0,0,0.0,0.0,17,,00:00:00
Cameron Whitehead,Northeastern,0,1,1,0,0,0.0,0,0.0,0.0,35,,00:00:00
Campbell Cichosz,Minnesota State,1,7,8,22,51,46909.0,8,2.0,2.0,37,50.0,13:01:49
Carl Fish,Providence,0,0,0,-3,5,4608.0,0,0.0,0.0,10,,01:16:48
Carsen Musser,Colorado College,0,0,0,0,0,0.0,0,0.0,0.0,9,,00:00:00
Carson Buydens,Princeton,1,3,4,-5,32,29961.0,24,150.0,158.0,29,48.701298701298704,08:19:21
Carson Dorfman,Rensselaer,0,0,0,0,0,0.0,0,0.0,0.0,1,,00:00:00
Carson Dyck,Penn State,1,2,3,-1,13,11703.0,0,29.0,26.0,28,52.72727272727272,03:15:03
Carson Peters,St. Thomas,0,2,2,5,11,15759.0,6,0.0,0.0,23,,04:22:39
Carson Reed,Alaska,1,1,2,-8,33,36369.0,10,0.0,0.0,31,,10:06:09
Carter Batchelder,Lake Superior,3,4,7,-8,40,24287.0,10,155.0,161.0,26,49.050632911392405,06:44:47
Carter Clafton,Air Force,0,0,0,0,0,0.0,0,0.0,0.0,3,,00:00:00
Carter King,Denver,21,22,43,17,116,53463.0,16,539.0,440.0,44,55.0561797752809,14:51:03
Carter Korpi,Union,6,2,8,7,29,15882.0,8,0.0,2.0,18,0.0,04:24:42
Carter Loney,Minnesota-Duluth,3,5,8,-10,42,29870.0,40,45.0,70.0,33,39.130434782608695,08:17:50
Carter McPhail,Mercyhurst,0,0,0,0,0,0.0,4,0.0,0.0,22,,00:00:00
Carter Patterson,Canisius,1,4,5,-1,28,31803.0,31,0.0,0.0,28,,08:50:03
Carter Randklev,Bemidji State,4,2,6,3,27,13591.0,6,0.0,2.0,18,0.0,03:46:31
Carter Rapalje,Long Island,14,11,25,-5,105,33522.0,2,3.0,6.0,32,33.33333333333333,09:18:42
Carter Rose,Clarkson,0,2,2,3,20,17609.0,10,0.0,1.0,25,0.0,04:53:29
Carter Schade,Penn State,0,9,9,-1,55,39131.0,26,0.0,0.0,35,,10:52:11
Carter Slaggert,Notre Dame,4,6,10,-7,38,29345.0,16,44.0,70.0,38,38.59649122807017,08:09:05
Carter Theissen,Augustana,0,0,0,-3,3,3211.0,0,0.0,0.0,6,,00:53:31
Carter Wilkie,North Dakota,9,9,18,0,94,40331.0,42,273.0,240.0,38,53.216374269005854,11:12:11
Casey Aman,Penn State,1,6,7,-1,45,37604.0,10,0.0,0.0,36,,10:26:44
Casey McDonald,American Int'l,3,4,7,-2,39,22854.0,25,10.0,20.0,27,33.33333333333333,06:20:54
Casey Severo,Harvard,16,12,28,10,63,35304.0,4,337.0,338.0,33,49.925925925925924,09:48:24
Casper Nassen,Miami,6,4,10,-22,52,32470.0,10,1.0,2.0,34,33.33333333333333,09:01:10
Casy Laylin,St. Thomas,4,7,11,-2,55,28814.0,8,2.0,3.0,38,40.0,08:00:14
Cayden Casey,St. Lawrence,1,3,4,6,23,10220.0,17,43.0,82.0,13,34.4,02:50:20
Chad Muller,Long Island,1,0,1,-1,9,4606.0,12,0.0,0.0,10,,01:16:46
Charles Banquier,Stonehill,1,4,5,-7,26,33618.0,26,0.0,0.0,29,,09:20:18
Charles Tardif,Sacred Heart,2,9,11,5,24,21185.0,14,172.0,140.0,35,55.12820512820513,05:53:05
Charlie Cerrato,Penn State,15,27,42,16,94,37990.0,58,388.0,290.0,38,57.227138643067846,10:33:10
Charlie Gollob,Brown,4,5,9,-2,34,24746.0,29,10.0,11.0,27,47.61904761904761,06:52:26
Charlie Kinsman,Vermont,1,1,2,-4,16,16521.0,2,0.0,0.0,26,,04:35:21
Charlie Leddy,Quinnipiac,1,10,11,17,41,38535.0,12,0.0,0.0,37,,10:42:15
Charlie Lurie,Omaha,4,6,10,-7,45,13241.0,28,1.0,2.0,20,33.33333333333333,03:40:41
Charlie Major,Cornell,5,13,18,7,60,26487.0,6,104.0,100.0,28,50.98039215686274,07:21:27
Charlie Russell,Maine,7,19,26,11,66,34268.0,24,18.0,19.0,35,48.64864864864865,09:31:08
Charlie Schoen,Arizona State,4,5,9,10,34,14019.0,4,0.0,2.0,18,0.0,03:53:39
Charlie Stramel,Michigan State,9,18,27,13,85,43184.0,26,381.0,356.0,37,51.69606512890095,11:59:44
Charlie Strobel,Colorado College,0,1,1,3,9,3473.0,6,0.0,0.0,6,,00:57:53
Chase Cheslock,St. Thomas,1,13,14,16,55,51072.0,22,0.0,0.0,38,,14:11:12
Chase Clark,American Int'l,0,1,1,0,0,0.0,5,0.0,0.0,25,,00:00:00
Chase Dafoe,Alaska,11,6,17,-2,64,33935.0,39,259.0,223.0,32,53.7344398340249,09:25:35
Chase Davis,Bentley,3,4,7,0,34,17550.0,4,102.0,87.0,25,53.96825396825397,04:52:30
Chase Foley,St. Thomas,3,19,22,13,65,53969.0,18,0.0,0.0,37,,14:59:29
Chase LaPinta,Omaha,3,1,4,-4,29,12692.0,4,2.0,3.0,19,40.0,03:31:32
Chase McLane,Colorado College,5,5,10,1,35,21428.0,26,32.0,24.0,33,57.14285714285714,05:57:08
Chase Pietila,Michigan Tech,7,15,22,1,68,57093.0,52,0.0,0.0,36,,15:51:33
Chase Ramsay,Quinnipiac,0,0,0,0,0,472.0,0,1.0,0.0,3,100.0,00:07:52
Chase Yoder,Providence,5,5,10,5,92,38647.0,18,366.0,251.0,37,59.3192868719611,10:44:07
Chris Able,Ohio State,0,9,9,10,14,31163.0,6,0.0,0.0,32,,08:39:23
Chris Delaney,Mass.-Lowell,9,9,18,-12,59,35753.0,16,3.0,3.0,35,50.0,09:55:53
Chris Hedden,Air Force,11,15,26,-16,148,59795.0,52,1.0,0.0,39,100.0,16:36:35
Chris Pappas,Long Island,4,13,17,3,36,24457.0,8,2.0,12.0,21,14.285714285714285,06:47:37
Chris Pelosi,Quinnipiac,13,11,24,12,86,41867.0,10,240.0,225.0,38,51.61290322580645,11:37:47
Chris Romaine,Ohio State,0,0,0,2,8,7129.0,4,0.0,0.0,9,,01:58:49
Christian Catalano,RIT,7,16,23,-10,121,36124.0,73,2.0,5.0,33,28.57142857142857,10:02:04
Christian Fitzgerald,Wisconsin,6,11,17,-11,79,36083.0,24,191.0,218.0,37,46.69926650366748,10:01:23
Christian Humphreys,Michigan,0,1,1,-2,8,5506.0,0,14.0,15.0,10,48.275862068965516,01:31:46
Christian Jimenez,Harvard,0,0,0,-1,1,1108.0,0,0.0,0.0,4,,00:18:28
Christian Kocsis,Mercyhurst,0,2,2,-20,15,17964.0,10,2.0,4.0,25,33.33333333333333,04:59:24
Christian MacDougall,Canisius,0,0,0,1,1,520.0,17,0.0,0.0,1,,00:08:40
Christian Manz,Augustana,0,0,0,0,0,0.0,0,0.0,0.0,5,,00:00:00
Christian Stoever,Bowling Green,0,0,0,0,0,0.0,0,0.0,0.0,18,,00:00:00
Christophe Fillion,Miami,4,6,10,-25,52,33593.0,16,38.0,45.0,34,45.78313253012048,09:19:53
Christopher Lie,Ferris State,1,3,4,-6,10,15897.0,6,0.0,0.0,20,,04:24:57
Clayton Cosentino,Air Force,9,20,29,-11,104,49689.0,23,547.0,432.0,40,55.87334014300307,13:48:09
Clint Levens,Providence,3,3,6,2,25,11978.0,18,0.0,4.0,22,0.0,03:19:38
Cody Croal,North Dakota,1,5,6,2,25,13894.0,12,1.0,4.0,22,20.0,03:51:34
Cody Laskosky,Wisconsin,7,4,11,6,42,24564.0,4,1.0,3.0,27,25.0,06:49:24
Cody Monds,Robert Morris,3,5,8,-7,33,25435.0,2,2.0,4.0,33,33.33333333333333,07:03:55
Cody Schiavon,Canisius,2,0,2,-5,33,36536.0,24,0.0,0.0,34,,10:08:56
Colby Ambrosio,Miami,7,13,20,-32,65,39504.0,45,46.0,52.0,34,46.93877551020408,10:58:24
Colby Browne,Northern Michigan,0,1,1,-6,24,13897.0,6,2.0,6.0,19,25.0,03:51:37
Colby Enns,Merrimack,0,4,4,-7,28,25222.0,10,0.0,0.0,30,,07:00:22
Colby MacArthur,Union,7,22,29,11,50,39535.0,18,198.0,201.0,36,49.62406015037594,10:58:55
Cole Burtch,Ferris State,7,19,26,0,67,34245.0,34,194.0,238.0,35,44.907407407407405,09:30:45
Cole Crusberg-Roseen,Western Michigan,3,9,12,25,60,51299.0,10,0.0,0.0,42,,14:14:59
Cole Eiserman,Boston University,25,11,36,7,107,36245.0,27,0.0,1.0,39,0.0,10:04:05
Cole Galata,Sacred Heart,6,7,13,4,32,29359.0,11,5.0,10.0,38,33.33333333333333,08:09:19
Cole Gordon,Arizona State,3,2,5,-4,25,15079.0,4,126.0,96.0,34,56.75675675675676,04:11:19
Cole Helm,Arizona State,0,1,1,1,0,1477.0,2,0.0,2.0,3,0.0,00:24:37
Cole Hutson,Boston University,14,34,48,5,117,55207.0,64,0.0,0.0,39,,15:20:07
Cole Knuble,Notre Dame,12,27,39,6,108,41647.0,12,193.0,198.0,34,49.36061381074169,11:34:07
Cole Kodsi,Canisius,4,8,12,-6,70,26038.0,8,19.0,38.0,31,33.33333333333333,07:13:58
Cole Melady,Stonehill,1,2,3,-8,20,22034.0,14,12.0,8.0,27,60.0,06:07:14
Cole Miller,St. Thomas,1,2,3,1,25,25999.0,10,0.0,0.0,31,,07:13:19
Cole Moore,Bowling Green,0,0,0,0,0,0.0,0,0.0,0.0,20,,00:00:00
Cole O'Hara,Massachusetts,22,29,51,21,116,48072.0,14,7.0,6.0,40,53.84615384615385,13:21:12
Cole Plowman,Alaska,0,0,0,0,0,0.0,0,0.0,0.0,1,,00:00:00
Colin Grable,Dartmouth,0,1,1,1,10,7652.0,8,0.0,0.0,19,,02:07:32
Colin Kessler,Vermont,12,11,23,-4,105,35259.0,39,84.0,113.0,34,42.63959390862944,09:47:39
Colin Ralph,St. Cloud State,1,7,8,-4,36,43852.0,20,0.0,0.0,35,,12:10:52
Coltan Wilkie,Lindenwood,0,1,1,-1,5,3701.0,0,0.0,1.0,6,0.0,01:01:41
Colton Cameron,Bentley,0,5,5,9,16,25908.0,10,0.0,1.0,38,0.0,07:11:48
Colton Friesen,Augustana,7,10,17,2,43,28185.0,6,81.0,108.0,32,42.857142857142854,07:49:45
Colton Huard,New Hampshire,0,10,10,-6,64,45496.0,22,0.0,0.0,35,,12:38:16
Conner Brown,Ferris State,0,2,2,-3,14,10247.0,4,0.0,0.0,16,,02:50:47
Conner Hutchison,Miami,2,7,9,-10,47,38069.0,22,1.0,0.0,33,100.0,10:34:29
Connor Androlewicz,Stonehill,0,0,0,0,0,0.0,0,0.0,0.0,28,,00:00:00
Connor Caponi,Denver,5,4,9,8,39,24692.0,65,133.0,103.0,42,56.355932203389834,06:51:32
Connor Eddy,Mass.-Lowell,5,5,10,7,63,30577.0,32,10.0,7.0,36,58.82352941176471,08:29:37
Connor Gourley,Robert Morris,1,0,1,-7,13,12666.0,20,1.0,3.0,23,25.0,03:31:06
Connor Gregga,Long Island,3,8,11,-4,56,31744.0,38,213.0,217.0,32,49.53488372093023,08:49:04
Connor Hasley,Bentley,0,0,0,0,0,0.0,0,0.0,0.0,36,,00:00:00
Connor Joyce,Boston College,3,2,5,4,35,20897.0,2,66.0,53.0,35,55.46218487394958,05:48:17
Connor Kelley,Providence,1,3,4,4,41,43480.0,24,0.0,0.0,37,,12:04:40
Connor Kurth,Minnesota,18,21,39,31,103,38162.0,10,0.0,1.0,40,0.0,10:36:02
Connor MacKenzie,Vermont,0,0,0,0,0,0.0,0,0.0,0.0,3,,00:00:00
Connor MacPherson,New Hampshire,0,0,0,-1,2,1452.0,0,0.0,0.0,5,,00:24:12
Connor Marritt,Alaska-Anchorage,2,2,4,-4,31,27342.0,4,7.0,14.0,28,33.33333333333333,07:35:42
Connor McDonough,Ferris State,0,0,0,0,0,0.0,0,0.0,0.0,1,,00:00:00
Connor McGrath,Ferris State,0,8,8,-8,36,21756.0,8,74.0,96.0,26,43.529411764705884,06:02:36
Connor Milburn,Lake Superior,9,14,23,-10,57,29275.0,14,262.0,259.0,28,50.287907869481764,08:07:55
Connor Pelc,Mercyhurst,2,5,7,-15,44,21342.0,29,106.0,126.0,28,45.689655172413794,05:55:42
Connor Smith,Union,1,0,1,-5,13,11808.0,6,0.0,0.0,22,,03:16:48
Connor Sullivan,Yale,2,9,11,-12,40,40081.0,24,0.0,0.0,30,,11:08:01
Connor Sweeney,New Hampshire,2,6,8,-7,39,25210.0,8,8.0,9.0,35,47.05882352941176,07:00:10
Connor Welsh,Holy Cross,0,3,3,-2,22,16866.0,8,3.0,0.0,33,100.0,04:41:06
Conor Cole,Alaska-Anchorage,4,13,17,-10,27,26585.0,12,168.0,174.0,28,49.122807017543856,07:23:05
Conor Lovett,New Hampshire,5,1,6,-2,27,20319.0,10,142.0,103.0,35,57.95918367346938,05:38:39
Conor Ronayne,Stonehill,1,0,1,-1,6,4415.0,0,0.0,1.0,9,0.0,01:13:35
Cooper Flinton,Dartmouth,11,13,24,5,55,37863.0,8,2.0,11.0,32,15.384615384615385,10:31:03
Cooper Gay,St. Thomas,19,11,30,6,158,36987.0,14,21.0,27.0,35,43.75,10:16:27
Cooper Haar,Canisius,0,2,2,0,8,6425.0,4,1.0,1.0,9,50.0,01:47:05
Cooper Moore,Quinnipiac,1,13,14,10,57,45441.0,16,0.0,0.0,37,,12:37:21
Cooper Wylie,St. Cloud State,2,6,8,1,42,33859.0,24,0.0,0.0,26,,09:24:19
Cristophe Tellier,Northeastern,5,13,18,-12,52,36207.0,36,8.0,4.0,36,66.66666666666666,10:03:27
Croix Kochendorfer,Robert Morris,0,1,1,0,0,0.0,2,0.0,0.0,23,,00:00:00
Crossley Stewart,RIT,3,3,6,0,34,25561.0,21,0.0,0.0,24,,07:06:01
Cruz Lucius,Arizona State,2,8,10,-7,38,18791.0,14,0.0,0.0,19,,05:13:11
Cullen DeYoung,Sacred Heart,0,0,0,0,0,0.0,0,0.0,0.0,15,,00:00:00
Cullen Ferguson,Union,4,12,16,-6,76,50651.0,39,0.0,0.0,36,,14:04:11
Cullen Potter,Arizona State,13,9,22,-1,118,40118.0,6,218.0,273.0,35,44.39918533604888,11:08:38
Cy LeClerc,New Hampshire,8,20,28,-10,75,33417.0,12,242.0,212.0,33,53.30396475770925,09:16:57
DJ Hart,Union,3,5,8,1,45,32326.0,33,0.0,0.0,32,,08:58:46
Daimon Gardner,St. Cloud State,5,9,14,0,49,28073.0,14,9.0,7.0,32,56.25,07:47:53
Dakoda Rheaume-Mullen,Michigan,3,6,9,-5,28,29880.0,8,0.0,0.0,35,,08:18:00
Dalton Andrew,North Dakota,1,0,1,0,14,4009.0,8,1.0,0.0,14,100.0,01:06:49
Dalton Bancroft,Cornell,15,12,27,11,102,42593.0,48,7.0,9.0,36,43.75,11:49:53
Dalton Norris,Bowling Green,2,15,17,0,53,43830.0,17,1.0,0.0,36,100.0,12:10:30
Damien Carfagna,Ohio State,7,21,28,16,86,49345.0,6,0.0,0.0,38,,13:42:25
Dane Dowiak,Penn State,12,8,20,4,64,39358.0,20,288.0,202.0,40,58.77551020408164,10:55:58
Dane Montgomery,North Dakota,1,6,7,-4,30,12989.0,8,0.0,0.0,27,,03:36:29
Daniel Baldassarra,Long Island,2,2,4,3,14,7523.0,2,0.0,0.0,15,,02:05:23
Daniel Buchbinder,Mass.-Lowell,0,1,1,-1,4,6782.0,4,0.0,1.0,15,0.0,01:53:02
Daniel Duris,Long Island,0,0,0,0,0,0.0,0,0.0,0.0,4,,00:00:00
Daniel Ebrahim,Sacred Heart,3,2,5,-1,49,21244.0,8,1.0,3.0,33,25.0,05:54:04
Daniel Jenčko,Massachusetts,6,11,17,9,52,22805.0,10,0.0,3.0,28,0.0,06:20:05
Daniel Laatsch,Wisconsin,2,3,5,1,28,28637.0,2,0.0,1.0,22,0.0,07:57:17
Daniel Panetta,Colgate,10,3,13,10,71,27562.0,12,143.0,154.0,25,48.148148148148145,07:39:22
Daniel Russell,Michigan State,13,12,25,17,102,38828.0,27,8.0,8.0,37,50.0,10:47:08
Daniel Sambuco,Vermont,2,2,4,0,34,18980.0,46,2.0,1.0,27,66.66666666666666,05:16:20
Danny Ciccarello,Northern Michigan,1,4,5,-10,33,28220.0,12,166.0,158.0,33,51.23456790123457,07:50:20
Danny Dzhaniyev,Penn State,12,19,31,-3,119,40793.0,4,83.0,59.0,40,58.45070422535211,11:19:53
Danny Nelson,Notre Dame,13,13,26,-4,123,44185.0,35,471.0,352.0,36,57.22964763061968,12:16:25
Danny Weight,American Int'l,5,7,12,-8,49,27735.0,37,15.0,19.0,34,44.11764705882353,07:42:15
Dans Locmelis,Massachusetts,8,25,33,16,79,46914.0,8,371.0,322.0,40,53.535353535353536,13:01:54
Dario Beljo,American Int'l,11,9,20,-2,32,22681.0,10,73.0,112.0,30,39.45945945945946,06:18:01
David Andreychuk,Yale,1,3,4,-19,18,18726.0,22,14.0,27.0,27,34.146341463414636,05:12:06
David Breazeale,Maine,3,10,13,15,69,51158.0,10,0.0,1.0,38,0.0,14:12:38
David Chen,Yale,10,7,17,-4,48,18359.0,23,2.0,5.0,18,28.57142857142857,05:05:59
David Cote,Union,0,0,0,-1,3,3503.0,2,0.0,0.0,12,,00:58:23
David Gagnon,Lindenwood,11,17,28,1,85,37014.0,23,120.0,162.0,32,42.5531914893617,10:16:54
David Gucciardi,Michigan State,6,10,16,21,88,39198.0,42,0.0,0.0,37,,10:53:18
David Helledy,Bentley,0,2,2,-3,13,15406.0,6,0.0,0.0,25,,04:16:46
David Hymovitch,Arizona State,2,3,5,1,15,12554.0,0,0.0,0.0,23,,03:29:14
David Jacobs,Princeton,3,11,14,-3,41,31824.0,0,5.0,14.0,26,26.31578947368421,08:50:24
David Ma,Princeton,6,7,13,0,39,39563.0,33,0.0,0.0,30,,10:59:23
David Posma,American Int'l,2,7,9,-1,35,33883.0,51,0.0,0.0,36,,09:24:43
David Sacco,Merrimack,9,0,9,-3,33,20578.0,37,66.0,64.0,26,50.76923076923077,05:42:58
Davis Burnside,Ohio State,14,19,33,8,100,45951.0,18,1.0,4.0,40,20.0,12:45:51
Davis Fry,Mercyhurst,1,0,1,-3,4,6689.0,4,33.0,54.0,11,37.93103448275862,01:51:29
Davis Goukler,Alaska-Anchorage,1,2,3,-4,17,22125.0,4,0.0,0.0,22,,06:08:45
Davis Pennington,Quinnipiac,1,16,17,7,72,45802.0,20,0.0,0.0,38,,12:43:22
Dawson Good,Vermont,0,0,0,-3,4,4624.0,2,1.0,0.0,7,100.0,01:17:04
Dawson Smith,Robert Morris,0,0,0,0,0,0.0,0,0.0,0.0,5,,00:00:00
Dawson Tritt,Lake Superior,7,10,17,-11,57,35658.0,33,14.0,24.0,33,36.84210526315789,09:54:18
Dean Bauchiero,Brown,3,0,3,0,11,7398.0,19,1.0,1.0,18,50.0,02:03:18
Dean Letourneau,Boston College,0,3,3,6,34,22232.0,6,67.0,101.0,36,39.88095238095239,06:10:32
Dean Schwenninger,Stonehill,0,2,2,-5,16,12322.0,10,124.0,102.0,16,54.86725663716814,03:25:22
Dean Spak,Alaska,0,0,0,-1,1,1121.0,0,2.0,3.0,3,40.0,00:18:41
Deivs Rolovs,Niagara,0,0,0,0,0,0.0,0,0.0,0.0,2,,00:00:00
Derek Mullahy,Michigan Tech,0,0,0,0,0,0.0,0,0.0,0.0,21,,00:00:00
Devin Kaplan,Boston University,10,8,18,-8,48,35012.0,65,2.0,4.0,38,33.33333333333333,09:43:32
Devin Phillips,Holy Cross,11,20,31,-1,78,35479.0,6,6.0,17.0,34,26.08695652173913,09:51:19
Devlin O'Brien,Stonehill,2,2,4,-6,42,28214.0,37,39.0,34.0,31,53.42465753424658,07:50:14
Devon Carlstrom,Stonehill,0,0,0,-8,9,14419.0,2,0.0,0.0,15,,04:00:19
Dillan Bentley,Mass.-Lowell,9,7,16,-5,66,30223.0,16,208.0,206.0,34,50.24154589371981,08:23:43
Dimitri Mikrogiannakis,RIT,4,7,11,-6,57,46256.0,17,0.0,1.0,30,0.0,12:50:56
Dimitry Kebreau,Alaska-Anchorage,8,15,23,-5,62,29080.0,15,20.0,25.0,31,44.44444444444444,08:04:40
Dominic Basse,St. Lawrence,0,0,0,0,0,0.0,0,0.0,0.0,10,,00:00:00
Dominic Elliott,Robert Morris,6,13,19,-6,55,46334.0,18,0.0,0.0,35,,12:52:14
Dominic Foglia,Colgate,0,1,1,5,9,7772.0,4,0.0,0.0,16,,02:09:32
Dominic James,Minnesota-Duluth,14,16,30,5,108,44968.0,20,377.0,346.0,35,52.14384508990319,12:29:28
Dominic Payne,Canisius,6,8,14,2,71,45958.0,14,0.0,0.0,37,,12:45:58
Dominick Campione,Stonehill,2,10,12,-12,31,34540.0,30,1.0,0.0,29,100.0,09:35:40
Dominick Rivelli,Mass.-Lowell,0,0,0,0,1,1165.0,2,0.0,0.0,4,,00:19:25
Dominik Bartecko,Mercyhurst,6,6,12,-12,50,26739.0,2,0.0,1.0,31,0.0,07:25:39
Donovan Frias,Yale,7,5,12,-11,65,31845.0,20,188.0,275.0,30,40.60475161987041,08:50:45
Donte Lawson,Bemidji State,3,4,7,-2,45,20802.0,2,0.0,1.0,36,0.0,05:46:42
Doug Grimes,Boston University,1,0,1,-4,12,6175.0,8,1.0,2.0,15,33.33333333333333,01:42:55
Douglas Andersson,American Int'l,0,1,1,-3,2,4524.0,2,0.0,0.0,8,,01:15:24
Douglas Scott,RIT,1,1,2,-15,17,19205.0,10,0.0,0.0,28,,05:20:05
Dovar Tinling,Rensselaer,10,10,20,-1,53,30138.0,18,257.0,218.0,32,54.10526315789473,08:22:18
Drake Burgin,St. Lawrence,2,5,7,-21,39,49894.0,14,0.0,0.0,35,,13:51:34
Drew Fortescue,Boston College,0,11,11,28,38,41202.0,42,0.0,0.0,36,,11:26:42
Drew Garzone,Princeton,1,3,4,3,31,23812.0,6,171.0,137.0,25,55.519480519480524,06:36:52
Drew Hockley,Quinnipiac,1,3,4,3,26,17597.0,6,0.0,0.0,23,,04:53:17
Drew Kuzma,Lindenwood,2,4,6,-12,32,23765.0,19,199.0,159.0,32,55.58659217877096,06:36:05
Drew Montgomery,Colorado College,10,8,18,9,50,30414.0,18,33.0,49.0,34,40.243902439024396,08:26:54
Drew Sutton,Union,3,3,6,-10,24,23989.0,2,171.0,127.0,35,57.38255033557047,06:39:49
Drew Vieten,Niagara,2,3,5,6,12,9837.0,4,30.0,18.0,20,62.5,02:43:57
Duncan Ramsay,Vermont,0,3,3,-3,24,34358.0,6,0.0,0.0,32,,09:32:38
Dustin Geregach,Mercyhurst,7,14,21,-15,80,49463.0,10,0.0,0.0,35,,13:44:23
Dylan Contreras,Alaska-Anchorage,8,4,12,-6,35,26261.0,6,129.0,116.0,29,52.6530612244898,07:17:41
Dylan Finlay,Alaska-Anchorage,4,6,10,-11,29,28594.0,8,1.0,0.0,28,100.0,07:56:34
Dylan Godbout,Ohio State,0,1,1,-2,7,8203.0,2,0.0,2.0,14,0.0,02:16:43
Dylan Gratton,Omaha,2,12,14,-2,38,37130.0,6,0.0,0.0,36,,10:18:50
Dylan Herzog,Yale,2,9,11,-19,31,40603.0,33,0.0,0.0,30,,11:16:43
Dylan Hryckowian,Northeastern,17,19,36,4,102,46049.0,26,5.0,8.0,36,38.46153846153847,12:47:29
Dylan Jackson,Arizona State,7,9,16,2,51,24215.0,10,1.0,2.0,25,33.33333333333333,06:43:35
Dylan James,North Dakota,14,8,22,-4,74,39964.0,20,3.0,5.0,38,37.5,11:06:04
Dylan Lugris,Penn State,4,8,12,-8,48,21745.0,6,0.0,3.0,34,0.0,06:02:25
Dylan Meilun,Robert Morris,0,0,0,0,0,0.0,0,0.0,0.0,12,,00:00:00
Dylan Moulton,Miami,3,4,7,-28,54,39082.0,16,2.0,5.0,33,28.57142857142857,10:51:22
Dylan Silverstein,Quinnipiac,0,0,0,0,0,0.0,0,0.0,0.0,24,,00:00:00
Dylan Wegner,Army,2,4,6,-8,46,26976.0,16,1.0,3.0,34,25.0,07:29:36
EJ Emery,North Dakota,0,1,1,3,36,36211.0,40,0.0,0.0,31,,10:03:31
Eamon Powell,Boston College,4,16,20,20,43,40889.0,12,0.0,0.0,32,,11:21:29
Ean Somoza,Western Michigan,0,0,0,0,1,707.0,0,1.0,3.0,4,25.0,00:11:47
Easton Hesse,Lake Superior,0,1,1,0,0,0.0,0,0.0,0.0,6,,00:00:00
Easton Young,Augustana,3,10,13,7,30,37853.0,25,0.0,0.0,33,,10:30:53
Easton Zueger,Army,2,3,5,-8,36,37055.0,28,0.0,1.0,36,0.0,10:17:35
Edward Moskowitz,Holy Cross,0,1,1,0,7,2924.0,0,1.0,0.0,7,100.0,00:48:44
Elan Bar-Lev-Wise,Yale,1,1,2,-15,12,17115.0,8,89.0,149.0,25,37.39495798319328,04:45:15
Eli Barnett,Vermont,0,0,0,6,6,5029.0,2,0.0,0.0,8,,01:23:49
Eli Pulver,Minnesota State,0,1,1,0,0,0.0,0,0.0,0.0,1,,00:00:00
Eli Sebastian,Northeastern,1,0,1,-15,33,27909.0,0,138.0,202.0,33,40.588235294117645,07:45:09
Elias Jansson,Michigan Tech,12,11,23,0,82,33281.0,4,2.0,14.0,36,12.5,09:14:41
Elliott Groenewold,Quinnipiac,4,8,12,5,56,44769.0,18,0.0,0.0,38,,12:26:09
Elliott McDermott,Rensselaer,3,15,18,0,64,44776.0,4,0.0,0.0,35,,12:26:16
Ellis Rickwood,Clarkson,10,25,35,16,81,40344.0,22,430.0,318.0,39,57.48663101604278,11:12:24
Emerson Goode,Ferris State,0,0,0,-9,21,8936.0,6,7.0,3.0,13,70.0,02:28:56
Emmett Croteau,Dartmouth,0,0,0,0,0,0.0,9,0.0,0.0,18,,00:00:00
Eric Charpentier,Dartmouth,3,8,11,14,37,44590.0,26,0.0,0.0,33,,12:23:10
Eric DeDobbelaer,Robert Morris,0,0,0,-2,0,1357.0,0,0.0,1.0,5,0.0,00:22:37
Eric Martin,Bemidji State,10,13,23,-6,106,42468.0,8,31.0,40.0,37,43.66197183098591,11:47:48
Eric Parker,Bowling Green,1,9,10,-4,39,43699.0,6,0.0,0.0,36,,12:08:19
Eric Pohlkamp,Denver,11,24,35,31,151,60955.0,22,0.0,0.0,44,,16:55:55
Erik Bargholtz,Clarkson,6,7,13,-2,49,35536.0,12,7.0,9.0,39,43.75,09:52:16
Erik Påhlsson,Minnesota,3,15,18,7,64,24936.0,6,105.0,206.0,30,33.762057877813504,06:55:36
Ethan AuCoin,St. Cloud State,3,2,5,-3,32,16056.0,6,3.0,2.0,23,60.0,04:27:36
Ethan Barwick,Northern Michigan,0,0,0,0,0,0.0,0,0.0,0.0,6,,00:00:00
Ethan Benz,Union,1,1,2,-2,17,8600.0,0,0.0,0.0,14,,02:23:20
Ethan Bono,Merrimack,5,4,9,0,41,28584.0,6,153.0,201.0,33,43.22033898305085,07:56:24
Ethan Dahlmeir,Miami,0,1,1,0,0,0.0,0,0.0,0.0,14,,00:00:00
Ethan David,RIT,0,0,0,0,0,0.0,0,0.0,0.0,12,,00:00:00
Ethan Edwards,Michigan,5,16,21,-2,91,53270.0,40,0.0,0.0,36,,14:47:50
Ethan Elias,St. Thomas,0,5,5,-1,19,19994.0,2,0.0,1.0,29,0.0,05:33:14
Ethan Fredericks,Northeastern,0,0,0,0,2,1450.0,0,0.0,0.0,5,,00:24:10
Ethan Gardula,Connecticut,8,10,18,-2,50,28773.0,19,2.0,5.0,37,28.57142857142857,07:59:33
Ethan Gauer,St. Thomas,2,9,11,-6,27,33990.0,26,0.0,3.0,38,0.0,09:26:30
Ethan Langenegger,Clarkson,0,1,1,0,1,0.0,0,0.0,0.0,36,,00:00:00
Ethan Leyh,Bentley,17,25,42,11,137,48287.0,29,436.0,336.0,37,56.476683937823836,13:24:47
Ethan Lund,Niagara,2,5,7,10,32,23293.0,14,0.0,0.0,27,,06:28:13
Ethan Mistry,Brown,2,10,12,4,45,41742.0,6,0.0,0.0,32,,11:35:42
Ethan Pearson,Princeton,0,0,0,0,0,0.0,0,0.0,0.0,17,,00:00:00
Ethan Robertson,Canisius,0,1,1,0,0,0.0,0,0.0,0.0,20,,00:00:00
Ethan Scardina,Bowling Green,7,9,16,-1,77,36771.0,31,309.0,254.0,35,54.88454706927176,10:12:51
Ethan Straky,Colorado College,0,6,6,-6,34,32710.0,24,0.0,1.0,32,0.0,09:05:10
Ethan Szmagaj,Arizona State,1,4,5,0,18,14723.0,0,0.0,0.0,29,,04:05:23
Ethan Ullrick,Air Force,1,0,1,-5,17,10075.0,0,0.0,2.0,15,0.0,02:47:55
Ethan Warrener,Alaska-Anchorage,1,1,2,-5,15,17929.0,6,0.0,0.0,18,,04:58:49
Ethan Whitcomb,Connecticut,6,5,11,3,52,31824.0,47,159.0,227.0,39,41.19170984455959,08:50:24
Ethan Wolthers,Western Michigan,2,2,4,-1,4,3869.0,2,0.0,0.0,9,,01:04:29
Ethan Zielke,Lindenwood,4,3,7,-2,41,32457.0,12,226.0,241.0,30,48.394004282655246,09:00:57
Evan Bushy,Lake Superior,0,14,14,-8,35,35996.0,8,1.0,0.0,33,100.0,09:59:56
Evan McIntyre,Augustana,1,10,11,7,30,34637.0,24,0.0,0.0,35,,09:37:17
Evan Miller,RIT,1,1,2,-14,16,15752.0,8,16.0,23.0,28,41.02564102564102,04:22:32
Evan Mitchell,St. Lawrence,0,0,0,-3,1,1317.0,0,0.0,0.0,6,,00:21:57
Evan Murr,Minnesota State,7,20,27,18,75,53050.0,8,0.0,1.0,39,0.0,14:44:10
Evan Orloff,St. Lawrence,0,2,2,-1,11,10924.0,10,0.0,0.0,20,,03:02:04
Evan Orr,Stonehill,8,5,13,-13,72,44853.0,18,1.0,0.0,32,100.0,12:27:33
Evan Stella,American Int'l,1,6,7,-19,56,44629.0,16,0.0,1.0,35,0.0,12:23:49
Evan Szary,Army,0,0,0,0,0,0.0,0,0.0,0.0,10,,00:00:00
Evan Werner,Michigan,11,11,22,-12,90,31558.0,21,0.0,2.0,33,0.0,08:45:58
Evan Zhang,Harvard,0,0,0,0,0,0.0,0,0.0,0.0,1,,00:00:00
Everett Pietila,Lake Superior,0,5,5,-4,30,15212.0,10,3.0,2.0,25,60.0,04:13:32
Felikss Gavars,St. Lawrence,6,9,15,-18,82,36849.0,25,12.0,18.0,34,40.0,10:14:09
Felix Trudeau,Sacred Heart,15,23,38,1,130,41161.0,64,37.0,48.0,39,43.529411764705884,11:26:01
Filip Sitar,Connecticut,1,2,3,-5,28,19297.0,2,129.0,100.0,31,56.33187772925764,05:21:37
Fin Williams,Minnesota State,1,1,2,1,9,11413.0,2,54.0,41.0,19,56.84210526315789,03:10:13
Finn Loftus,Massachusetts,0,1,1,3,13,10122.0,4,0.0,0.0,31,,02:48:42
Fisher Scott,Colorado College,3,7,10,0,30,33202.0,12,1.0,1.0,34,50.0,09:13:22
Francesco Dell'Elce,Massachusetts,7,17,24,18,80,54434.0,12,0.0,0.0,40,,15:07:14
Frank Djurasevic,Maine,7,21,28,18,77,49051.0,14,0.0,0.0,38,,13:37:31
Frank Ireland,Stonehill,6,4,10,-13,58,19606.0,26,0.0,4.0,32,0.0,05:26:46
Frankie Carogioiello,Miami,1,1,2,-12,13,19107.0,24,4.0,7.0,32,36.36363636363637,05:18:27
Freddie Halyk,Denver,0,0,0,0,0,0.0,2,0.0,0.0,9,,00:00:00
Fyodor Nikolayenya,Alaska,1,2,3,3,27,17957.0,20,1.0,4.0,28,20.0,04:59:17
Félix Caron,Rensselaer,6,15,21,-10,53,32116.0,62,4.0,2.0,35,66.66666666666666,08:55:16
Gabe Blanchard,Sacred Heart,0,6,6,-2,47,35599.0,31,1.0,1.0,38,50.0,09:53:19
Gabe Perreault,Boston College,16,32,48,28,119,44128.0,25,20.0,20.0,37,50.0,12:15:28
Gabe Westling,St. Lawrence,1,8,9,-13,28,24117.0,6,107.0,142.0,30,42.971887550200805,06:41:57
Gabriel Lunn,Robert Morris,0,7,7,-5,45,36502.0,10,0.0,0.0,29,,10:08:22
Garett Drotts,Augustana,1,6,7,3,15,12393.0,8,1.0,2.0,20,33.33333333333333,03:26:33
Garrett Brown,Denver,2,6,8,9,29,32035.0,33,0.0,0.0,42,,08:53:55
Garrett Dahm,Clarkson,6,8,14,0,34,32307.0,12,212.0,256.0,38,45.2991452991453,08:58:27
Garrett Horsager,Bentley,0,9,9,12,46,43355.0,31,0.0,0.0,37,,12:02:35
Garrett Pinoniemi,Omaha,1,2,3,-5,30,22949.0,8,57.0,65.0,29,46.72131147540984,06:22:29
Garrett Schifsky,Michigan,11,9,20,0,87,36135.0,14,49.0,55.0,36,47.11538461538461,10:02:15
Garrett Sundquist,Sacred Heart,1,3,4,8,14,17730.0,2,0.0,0.0,20,,04:55:30
Garrett Szydlowski,Western Michigan,3,7,10,11,33,19203.0,4,0.0,10.0,39,0.0,05:20:03
Garrett Valk,Long Island,0,1,1,2,9,13507.0,2,0.0,0.0,19,,03:45:07
Gavin Best,Ferris State,10,9,19,-3,72,38458.0,4,9.0,14.0,36,39.130434782608695,10:40:58
Gavin Enright,St. Cloud State,0,0,0,0,0,0.0,0,0.0,0.0,10,,00:00:00
Gavin Gulash,Robert Morris,5,2,7,1,51,24449.0,33,4.0,12.0,33,25.0,06:47:29
Gavin Lindberg,Colorado College,5,5,10,-11,52,32138.0,8,119.0,95.0,37,55.60747663551402,08:55:38
Gavin McCarthy,Boston University,3,13,16,3,49,53998.0,51,0.0,0.0,39,,14:59:58
Gavin Morrissey,Wisconsin,9,23,32,4,72,43728.0,14,437.0,322.0,37,57.57575757575758,12:08:48
Gavin O'Connell,Michigan State,6,7,13,5,57,24921.0,10,4.0,3.0,28,57.14285714285714,06:55:21
Gavyn Thoreson,St. Cloud State,6,4,10,-6,63,34306.0,36,2.0,5.0,36,28.57142857142857,09:31:46
Gentry Shamburger,Boston College,1,0,1,1,11,8107.0,10,0.0,0.0,21,,02:15:07
George Fegaras,Cornell,1,13,14,1,50,28528.0,10,0.0,0.0,30,,07:55:28
George Grannis,Clarkson,0,0,0,1,1,1002.0,0,0.0,0.0,2,,00:16:42
George Krotiris,Robert Morris,4,6,10,-6,55,30345.0,20,53.0,61.0,32,46.49122807017544,08:25:45
Gibson Homer,Arizona State,0,0,0,0,0,0.0,0,0.0,0.0,16,,00:00:00
Girts Silkalns,Mass.-Lowell,1,2,3,0,8,4937.0,2,0.0,0.0,10,,01:22:17
Gleb Veremyev,Colorado College,9,8,17,5,65,35894.0,50,2.0,6.0,37,25.0,09:58:14
Glebs Prohorenkovs,Niagara,9,22,31,15,71,43016.0,16,410.0,327.0,37,55.63093622795115,11:56:56
Grady Hobbs,RIT,4,5,9,-18,62,29422.0,8,2.0,3.0,31,40.0,08:10:22
Graham Gamache,Providence,10,10,20,4,72,36621.0,10,119.0,98.0,37,54.83870967741935,10:10:21
Grant Ahcan,St. Cloud State,5,6,11,-3,37,30291.0,16,1.0,5.0,36,16.666666666666664,08:24:51
Grant Docter,St. Thomas,2,1,3,-5,14,19202.0,4,1.0,0.0,25,100.0,05:20:02
Grant Hindman,Lake Superior,3,3,6,-14,42,37868.0,30,0.0,0.0,36,,10:31:08
Grant Porter,Canisius,10,5,15,-7,65,29555.0,12,129.0,144.0,33,47.25274725274725,08:12:35
Grant Riley,Lake Superior,0,0,0,0,0,0.0,0,0.0,0.0,1,,00:00:00
Grant Silianoff,Notre Dame,5,3,8,-8,50,31176.0,18,3.0,4.0,38,42.857142857142854,08:39:36
Grant Slukynsky,Western Michigan,10,26,36,19,110,42132.0,2,245.0,252.0,42,49.29577464788733,11:42:12
Grayden Daul,Northern Michigan,0,1,1,-5,12,19938.0,16,0.0,0.0,28,,05:32:18
Grayden Slipec,Northern Michigan,10,9,19,-15,84,39499.0,14,15.0,33.0,32,31.25,10:58:19
Grayson Arnott,Maine,2,0,2,4,24,14182.0,4,0.0,0.0,20,,03:56:22
Grayson Dietrich,Niagara,5,6,11,5,34,24849.0,33,4.0,5.0,32,44.44444444444444,06:54:09
Greg Japchen,Robert Morris,1,6,7,-5,41,26419.0,10,0.0,0.0,25,,07:20:19
Greg Lapointe,St. Lawrence,11,8,19,-15,99,31821.0,18,2.0,3.0,34,40.0,08:50:21
Greg Orosz,Alaska-Anchorage,0,0,0,0,0,0.0,0,0.0,0.0,20,,00:00:00
Griffin Erdman,Northeastern,1,2,3,1,35,23415.0,2,6.0,7.0,37,46.15384615384615,06:30:15
Griffin Jurecki,Michigan State,0,2,2,-2,50,13567.0,0,0.0,0.0,26,,03:46:07
Griffin Ludtke,Omaha,2,11,13,0,48,37310.0,21,0.0,0.0,36,,10:21:50
Guillaume Richard,Providence,2,12,14,7,61,50593.0,14,0.0,0.0,37,,14:03:13
Gunnar Thoreson,St. Lawrence,5,3,8,-11,40,24771.0,8,9.0,23.0,33,28.125,06:52:51
Gunnar VanDamme,Alaska-Anchorage,2,4,6,-12,32,39131.0,12,0.0,0.0,34,,10:52:11
Gunnarwolfe Fontaine,Ohio State,17,23,40,6,107,39630.0,6,4.0,1.0,40,80.0,11:00:30
Gustav Blom,RIT,2,0,2,-1,24,27756.0,8,0.0,0.0,26,,07:42:36
Gustav Stjernberg,Bowling Green,4,12,16,7,89,41723.0,35,0.0,0.0,30,,11:35:23
Gustavs Ozolins,Rensselaer,1,2,3,-4,27,26707.0,2,0.0,0.0,31,,07:25:07
Guy Blessing,Air Force,0,2,2,0,0,0.0,0,0.0,0.0,39,,00:00:00
Haden Kruse,Alaska,3,3,6,3,31,13484.0,2,2.0,1.0,15,66.66666666666666,03:44:44
Hadley Hudak,Lake Superior,0,0,0,-4,5,4344.0,4,1.0,0.0,8,100.0,01:12:24
Hagen Burrows,Denver,1,8,9,5,33,20304.0,14,0.0,0.0,39,,05:38:24
Hampton Slukynsky,Western Michigan,0,1,1,0,0,0.0,0,0.0,0.0,25,,00:00:00
Hampus Rydqvist,Miami,2,3,5,-12,42,25813.0,10,3.0,0.0,28,100.0,07:10:13
Hank Cleaves,Dartmouth,5,16,21,5,43,28823.0,10,75.0,78.0,32,49.01960784313725,08:00:23
Hank Kempf,Cornell,2,5,7,4,31,39423.0,18,0.0,0.0,36,,10:57:03
Harper Bentz,Minnesota-Duluth,2,7,9,3,38,21397.0,4,3.0,3.0,27,50.0,05:56:37
Harrison Israels,Omaha,10,15,25,12,65,30948.0,14,272.0,225.0,34,54.72837022132797,08:35:48
Harrison Roy,Merrimack,2,7,9,-13,80,33587.0,12,193.0,188.0,35,50.65616797900262,09:19:47
Harrison Scott,Maine,18,17,35,13,133,45446.0,26,421.0,322.0,38,56.6621803499327,12:37:26
Hayden Hennen,Augustana,3,12,15,9,62,47370.0,29,0.0,1.0,34,0.0,13:09:30
Hayden Stavroff,Dartmouth,10,12,22,3,66,29340.0,43,1.0,2.0,31,33.33333333333333,08:09:00
Heath Armstrong,Long Island,0,3,3,1,9,8163.0,2,8.0,19.0,14,29.629629629629626,02:16:03
Henri Schreifels,Stonehill,4,10,14,-6,62,37428.0,25,137.0,180.0,31,43.217665615141954,10:23:48
Henry Bartle,Michigan Tech,1,2,3,-3,11,9379.0,8,8.0,5.0,22,61.53846153846154,02:36:19
Henry Graham,Lindenwood,0,0,0,0,0,0.0,0,0.0,0.0,2,,00:00:00
Henry Nelson,Notre Dame,3,5,8,0,43,29553.0,32,0.0,1.0,30,0.0,08:12:33
Henry Welsch,Mass.-Lowell,0,1,1,0,0,0.0,0,0.0,0.0,20,,00:00:00
Henry Wilder,Colorado College,0,0,0,0,0,0.0,0,0.0,0.0,2,,00:00:00
Hobie Hedquist,North Dakota,0,0,0,0,0,0.0,0,0.0,0.0,10,,00:00:00
Holden Doell,Ferris State,2,8,10,-2,39,22558.0,12,73.0,103.0,31,41.47727272727273,06:15:58
Holt Oliphant,Air Force,2,7,9,-1,56,32486.0,6,5.0,4.0,38,55.55555555555556,09:01:26
Hoyt Stanley,Cornell,2,11,13,14,33,43417.0,40,0.0,0.0,36,,12:03:37
Hudson Malinoski,Providence,11,12,23,-7,67,34616.0,26,192.0,165.0,35,53.78151260504202,09:36:56
Hudson Schandor,Connecticut,10,31,41,21,72,39149.0,12,299.0,306.0,37,49.421487603305785,10:52:29
Hugh Larkin,Connecticut,3,3,6,-4,20,20346.0,37,1.0,2.0,32,33.33333333333333,05:39:06
Hughie Hooker,Yale,1,5,6,-23,30,28857.0,10,0.0,1.0,26,0.0,08:00:57
Hunter Andrew,Canisius,2,1,3,2,25,10377.0,6,0.0,2.0,16,0.0,02:52:57
Hunter Bischoff,Augustana,10,13,23,3,75,36029.0,14,7.0,11.0,35,38.88888888888889,10:00:29
Hunter Hady,Michigan,0,1,1,-2,10,18495.0,35,0.0,0.0,32,,05:08:15
Hunter Hastings,Stonehill,0,1,1,-5,11,8778.0,4,18.0,28.0,15,39.130434782608695,02:26:18
Hunter Jones,American Int'l,0,0,0,-2,2,2282.0,0,1.0,1.0,5,50.0,00:38:02
Hunter Longhi,American Int'l,2,2,4,-1,18,7813.0,4,0.0,0.0,13,,02:10:13
Hunter McCoy,Army,4,7,11,4,40,20010.0,10,28.0,31.0,30,47.45762711864407,05:33:30
Hunter McCurdy,American Int'l,0,0,0,0,0,140.0,0,0.0,0.0,1,,00:02:20
Hunter Price,Canisius,0,0,0,-4,15,8127.0,4,31.0,47.0,16,39.743589743589745,02:15:27
Hunter Sansbury,Sacred Heart,6,15,21,12,82,58361.0,30,1.0,1.0,39,50.0,16:12:41
Hunter Strand,Notre Dame,8,8,16,-7,69,38166.0,20,260.0,250.0,38,50.98039215686274,10:36:06
Hunter Wallace,Merrimack,2,0,2,2,7,4370.0,0,0.0,0.0,6,,01:12:50
Hunter Weiss,Notre Dame,0,0,0,0,0,206.0,0,0.0,0.0,3,,00:03:26
Huston Karpman,Connecticut,0,0,0,0,2,2407.0,0,4.0,3.0,17,57.14285714285714,00:40:07
Ian Carpentier,Mass.-Lowell,2,7,9,4,45,20780.0,8,24.0,41.0,27,36.92307692307693,05:46:20
Ian Devlin,Princeton,1,3,4,3,23,29734.0,12,1.0,0.0,30,100.0,08:15:34
Ian Moore,Harvard,3,11,14,-5,77,41217.0,14,0.0,0.0,32,,11:26:57
Ian Murphy,Notre Dame,4,7,11,-5,46,33847.0,24,88.0,112.0,38,44.0,09:24:07
Ian Pierce,Dartmouth,1,8,9,7,25,29321.0,13,0.0,0.0,24,,08:08:41
Ian Shane,Cornell,0,1,1,0,0,0.0,2,0.0,0.0,34,,00:00:00
Iiro Hakkarainen,Western Michigan,13,16,29,21,77,41003.0,21,3.0,10.0,42,23.076923076923077,11:23:23
Iisai Pesonen,Yale,1,2,3,-5,19,19547.0,10,4.0,6.0,25,40.0,05:25:47
Isa Parekh,Bemidji State,3,15,18,-5,37,35724.0,18,0.0,0.0,35,,09:55:24
Isaac Gordon,Michigan Tech,7,19,26,-4,116,42319.0,8,9.0,6.0,36,60.0,11:45:19
Isaac Howard,Michigan State,26,26,52,19,169,42521.0,10,0.0,0.0,37,,11:48:41
Isaac Lambert,Long Island,4,9,13,-4,52,25374.0,15,47.0,39.0,29,54.65116279069767,07:02:54
Isaac Tremblay,St. Lawrence,4,8,12,-20,52,33104.0,25,185.0,254.0,33,42.14123006833713,09:11:44
Isac Jonsson,Mass.-Lowell,2,10,12,-2,69,36156.0,4,1.0,0.0,35,100.0,10:02:36
Isack Bandu,St. Lawrence,2,5,7,-12,28,30411.0,27,0.0,0.0,32,,08:26:51
Isaiah Fox,Long Island,9,7,16,0,71,30860.0,54,25.0,24.0,31,51.02040816326531,08:34:20
Isaiah Norlin,Omaha,0,1,1,-2,14,8135.0,2,0.0,0.0,16,,02:15:35
Isak Posch,St. Cloud State,0,0,0,0,0,0.0,0,0.0,0.0,22,,00:00:00
Isak Walther,Vermont,6,11,17,-2,67,27204.0,10,3.0,3.0,33,50.0,07:33:24
Ivan Korodiuk,Bowling Green,0,1,1,0,18,7197.0,4,0.0,0.0,17,,01:59:57
Ivan Zadvernyuk,Brown,3,7,10,-1,56,31341.0,33,7.0,10.0,32,41.17647058823529,08:42:21
Ivan Zivlak,Merrimack,3,6,9,-1,27,36931.0,6,0.0,0.0,32,,10:15:31
J.D. Metz,St. Thomas,0,1,1,0,6,3195.0,2,1.0,3.0,7,25.0,00:53:15
J.P. Turner,New Hampshire,5,8,13,0,59,27995.0,22,7.0,2.0,35,77.77777777777779,07:46:35
J.R. Ashmead,Robert Morris,0,2,2,-6,31,29187.0,14,0.0,0.0,33,,08:06:27
JJ Cataldo,Army,0,1,1,0,0,0.0,0,0.0,0.0,31,,00:00:00
JJ Wiebusch,Penn State,14,19,33,13,83,37381.0,14,1.0,4.0,40,20.0,10:23:01
JP Steele,Alaska-Anchorage,0,2,2,0,11,14956.0,12,1.0,0.0,17,100.0,04:09:16
JR Perdion,Long Island,3,8,11,2,42,18948.0,10,62.0,103.0,29,37.57575757575757,05:15:48
Jack Agnew,Rensselaer,1,2,3,-5,15,10916.0,4,0.0,0.0,21,,03:01:56
Jack Anderson,Lindenwood,1,9,10,-5,55,40336.0,14,0.0,1.0,32,0.0,11:12:16
Jack Babbage,New Hampshire,1,0,1,-5,18,9644.0,6,0.0,0.0,20,,02:40:44
Jack Bar,Harvard,0,3,3,0,20,22799.0,25,0.0,0.0,25,,06:19:59
Jack Blake,Bowling Green,0,0,0,1,1,2922.0,2,0.0,0.0,13,,00:48:42
Jack Blanchett,Lake Superior,0,0,0,-2,5,2945.0,6,0.0,0.0,6,,00:49:05
Jack Brackett,Rensselaer,6,11,17,4,56,31582.0,10,3.0,7.0,35,30.0,08:46:22
Jack Brandt,Colgate,2,5,7,-4,27,17590.0,40,7.0,6.0,31,53.84615384615385,04:53:10
Jack Budd,Canisius,1,10,11,-8,50,33352.0,12,0.0,0.0,28,,09:15:52
Jack Collins,Mass.-Lowell,0,1,1,2,13,7915.0,0,70.0,57.0,16,55.118110236220474,02:11:55
Jack Devine,Denver,13,44,57,16,148,53249.0,32,1.0,2.0,44,33.33333333333333,14:47:29
Jack Gorton,Boston University,0,0,0,-1,0,238.0,0,0.0,1.0,3,0.0,00:03:58
Jack Harvey,Boston University,11,16,27,12,89,41057.0,2,4.0,4.0,40,50.0,11:24:17
Jack Henry,Northeastern,0,1,1,-9,13,30542.0,6,0.0,0.0,32,,08:29:02
Jack Hewitt,Brown,0,1,1,-2,8,6877.0,2,0.0,0.0,12,,01:54:37
Jack Horbach,Wisconsin,3,6,9,8,42,28715.0,21,10.0,8.0,35,55.55555555555556,07:58:35
Jack Hughes,Boston University,7,18,25,9,68,39031.0,22,145.0,159.0,40,47.69736842105263,10:50:31
Jack Ivey,Army,10,15,25,4,104,34201.0,6,16.0,19.0,38,45.714285714285715,09:30:01
Jack Larrigan,Notre Dame,1,5,6,-11,17,16013.0,4,1.0,0.0,29,100.0,04:26:53
Jack Malinski,Vermont,0,1,1,1,12,13683.0,6,0.0,0.0,15,,03:48:03
Jack Mesic,Western Michigan,0,0,0,0,6,1442.0,0,0.0,0.0,5,,00:24:02
Jack Musa,Massachusetts,18,17,35,18,99,46380.0,4,55.0,29.0,40,65.47619047619048,12:53:00
Jack O'Brien,Cornell,0,3,3,4,15,11008.0,2,0.0,0.0,30,,03:03:28
Jack O'Dea,Sacred Heart,0,0,0,0,0,0.0,0,0.0,0.0,1,,00:00:00
Jack O'Leary,Cornell,8,9,17,5,44,28630.0,19,7.0,7.0,35,50.0,07:57:10
Jack Page,Boston University,0,2,2,-2,6,10306.0,14,0.0,0.0,23,,02:51:46
Jack Pascucci,Connecticut,0,1,1,2,0,4295.0,4,0.0,0.0,10,,01:11:35
Jack Phelan,Wisconsin,0,4,4,0,31,31628.0,14,0.0,0.0,36,,08:47:08
Jack Reimann,St. Cloud State,1,3,4,-9,45,27243.0,18,41.0,55.0,35,42.70833333333333,07:34:03
Jack Ricketts,Quinnipiac,20,7,27,22,89,39633.0,47,67.0,46.0,38,59.29203539823009,11:00:33
Jack Robilotti,Mass.-Lowell,2,4,6,6,23,32388.0,32,0.0,0.0,36,,08:59:48
Jack Rogers,St. Cloud State,0,1,1,-1,2,2088.0,2,1.0,0.0,4,100.0,00:34:48
Jack Seymour,Holy Cross,7,12,19,7,67,34635.0,34,8.0,10.0,34,44.44444444444444,09:37:15
Jack Silich,Ferris State,3,3,6,-4,43,18773.0,6,5.0,13.0,20,27.77777777777778,05:12:53
Jack Silverberg,Dartmouth,0,5,5,9,12,22120.0,15,1.0,2.0,29,33.33333333333333,06:08:40
Jack Smith,Minnesota-Duluth,4,5,9,-10,48,27461.0,23,204.0,225.0,33,47.55244755244755,07:37:41
Jack Sparkes,Clarkson,1,4,5,1,26,28576.0,50,0.0,0.0,38,,07:56:16
Jack Stark,Yale,0,0,0,0,0,0.0,0,0.0,0.0,20,,00:00:00
Jack Stockfish,Holy Cross,15,12,27,0,75,39158.0,30,393.0,300.0,36,56.709956709956714,10:52:38
Jack Watson,Rensselaer,0,1,1,0,0,0.0,0,0.0,0.0,8,,00:00:00
Jack Williams,Northeastern,16,25,41,6,105,49431.0,25,392.0,320.0,37,55.0561797752809,13:43:51
Jack Williams,Notre Dame,0,0,0,0,0,0.0,0,0.0,0.0,1,,00:00:00
Jack Works,Michigan Tech,5,10,15,2,73,30495.0,20,66.0,76.0,31,46.478873239436616,08:28:15
Jackson Decker,Canisius,1,12,13,-7,46,38104.0,16,1.0,0.0,34,100.0,10:35:04
Jackson Dorrington,Northeastern,2,13,15,-2,73,52415.0,20,0.0,0.0,37,,14:33:35
Jackson Hallum,Michigan,8,9,17,-3,71,39267.0,18,6.0,10.0,36,37.5,10:54:27
Jackson Irving,Massachusetts,0,1,1,0,0,0.0,0,0.0,0.0,5,,00:00:00
Jackson Jutting,Bemidji State,14,8,22,-12,97,43947.0,4,457.0,435.0,38,51.23318385650224,12:12:27
Jackson Kunz,North Dakota,7,8,15,7,44,29546.0,21,1.0,5.0,36,16.666666666666664,08:12:26
Jackson Niedermayer,Bowling Green,2,6,8,-9,59,26878.0,12,0.0,4.0,33,0.0,07:27:58
Jackson Nieuwendyk,Canisius,1,2,3,-5,21,12984.0,6,68.0,83.0,22,45.033112582781456,03:36:24
Jacob Badal,Ferris State,4,6,10,0,48,17758.0,6,1.0,6.0,25,14.285714285714285,04:55:58
Jacob Bernadet,St. Lawrence,1,1,2,-15,30,16688.0,2,1.0,2.0,27,33.33333333333333,04:38:08
Jacob Biron,Army,0,1,1,0,0,0.0,0,0.0,0.0,2,,00:00:00
Jacob Bonkowski,Minnesota State,0,0,0,1,3,3542.0,0,0.0,0.0,7,,00:59:02
Jacob Conrad,Lake Superior,6,4,10,8,40,23981.0,4,0.0,0.0,28,,06:39:41
Jacob Dirks,Ferris State,1,0,1,-8,22,17841.0,2,56.0,71.0,23,44.09448818897638,04:57:21
Jacob Fowler,Boston College,0,2,2,0,0,0.0,17,0.0,0.0,35,,00:00:00
Jacob Guevin,Omaha,7,13,20,4,86,45572.0,10,1.0,0.0,36,100.0,12:39:32
Jacob Jeannette,Union,2,3,5,-3,31,19706.0,12,128.0,127.0,29,50.19607843137255,05:28:26
Jacob MacDonald,Mass.-Lowell,2,2,4,-2,12,8600.0,4,14.0,17.0,14,45.16129032258064,02:23:20
Jacob Napier,Colgate,2,2,4,-3,22,17853.0,6,0.0,0.0,27,,04:57:33
Jacob Slipec,Omaha,1,3,4,-10,29,23953.0,24,11.0,26.0,33,29.72972972972973,06:39:13
Jacob Truscott,Michigan,3,13,16,-3,59,48171.0,27,0.0,0.0,36,,13:22:51
Jacob Vockler,Lindenwood,0,1,1,-5,21,12123.0,4,2.0,3.0,19,40.0,03:22:03
Jaden Grant,Bowling Green,5,8,13,-1,55,29014.0,20,241.0,222.0,34,52.05183585313174,08:03:34
Jaeden Mercier,Lindenwood,8,3,11,-2,50,29064.0,4,4.0,5.0,30,44.44444444444444,08:04:24
Jaedon Kerr,Notre Dame,1,3,4,2,12,8455.0,6,0.0,0.0,22,,02:20:55
Jagger Tapper,Rensselaer,8,12,20,9,35,26539.0,8,33.0,31.0,29,51.5625,07:22:19
Jaiden Moriello,Mass.-Lowell,0,0,0,-1,1,1046.0,0,0.0,0.0,2,,00:17:26
Jak Vaarwerk,Mass.-Lowell,5,11,16,-1,57,38154.0,12,296.0,305.0,36,49.25124792013311,10:35:54
Jake Beaune,Mercyhurst,1,2,3,-16,42,29563.0,36,0.0,0.0,26,,08:12:43
Jake Black,Bentley,4,3,7,-1,43,14578.0,6,8.0,10.0,22,44.44444444444444,04:02:58
Jake Boltmann,Northeastern,2,10,12,-2,24,44734.0,39,0.0,0.0,35,,12:25:34
Jake Bongo,Sacred Heart,3,4,7,4,24,18599.0,0,21.0,24.0,22,46.666666666666664,05:09:59
Jake Braccini,St. Thomas,9,10,19,3,87,32945.0,16,138.0,181.0,37,43.260188087774296,09:09:05
Jake Cady,Stonehill,0,3,3,-7,21,11228.0,23,0.0,1.0,20,0.0,03:07:08
Jake Dunlap,Ohio State,0,4,4,1,37,13918.0,2,1.0,1.0,21,50.0,03:51:58
Jake Fisher,Denver,8,7,15,8,56,26505.0,12,77.0,106.0,42,42.07650273224044,07:21:45
Jake Gagnon,Rensselaer,8,7,15,-6,68,27969.0,12,0.0,3.0,33,0.0,07:46:09
Jake Hewitt,Sacred Heart,5,8,13,5,37,20333.0,14,2.0,5.0,33,28.57142857142857,05:38:53
Jake Higgins,Northeastern,2,1,3,-3,17,20652.0,4,0.0,0.0,36,,05:44:12
Jake Kraft,Cornell,7,6,13,5,56,30955.0,4,3.0,9.0,36,25.0,08:35:55
Jake LaRusso,Stonehill,0,0,0,-1,0,360.0,0,0.0,0.0,1,,00:06:00
Jake Lammens,St. Lawrence,0,0,0,-17,21,14525.0,2,0.0,0.0,24,,04:02:05
Jake Livanavage,North Dakota,4,24,28,0,59,56794.0,12,0.0,0.0,38,,15:46:34
Jake Manfre,Princeton,8,9,17,-1,54,30445.0,12,2.0,0.0,30,100.0,08:27:25
Jake McLean,Bemidji State,2,5,7,-6,28,20780.0,2,115.0,127.0,33,47.5206611570248,05:46:20
Jake Percival,Connecticut,9,10,19,5,87,40948.0,14,0.0,7.0,39,0.0,11:22:28
Jake Peterson,Air Force,0,1,1,-2,24,24857.0,2,0.0,0.0,36,,06:54:17
Jake Ratzlaff,St. Thomas,0,0,0,0,4,5433.0,11,0.0,0.0,9,,01:30:33
Jake Richard,Connecticut,15,28,43,26,84,35231.0,16,1.0,1.0,34,50.0,09:47:11
Jake Rozzi,Ohio State,5,7,12,-2,40,24027.0,2,0.0,1.0,33,0.0,06:40:27
Jake Schmaltz,North Dakota,6,10,16,2,49,35706.0,26,361.0,291.0,38,55.3680981595092,09:55:06
Jake Schneider,Colgate,4,11,15,10,71,34511.0,14,16.0,34.0,36,32.0,09:35:11
Jake Sibell,St. Thomas,0,0,0,0,0,0.0,0,0.0,0.0,20,,00:00:00
Jake Sondreal,Boston College,2,4,6,6,37,26202.0,36,25.0,27.0,36,48.07692307692308,07:16:42
Jake Southgate,Lindenwood,5,7,12,-1,56,29196.0,10,3.0,8.0,30,27.27272727272727,08:06:36
Jakob Lee,Rensselaer,13,7,20,6,62,39286.0,26,351.0,294.0,35,54.418604651162795,10:54:46
Jakob Peterson,Northern Michigan,2,4,6,-14,28,26655.0,12,0.0,0.0,29,,07:24:15
Jakob Stender,Minnesota State,3,2,5,2,38,31204.0,13,66.0,120.0,37,35.483870967741936,08:40:04
Jaksen Panzer,Bemidji State,2,3,5,-7,47,19611.0,2,43.0,34.0,26,55.84415584415584,05:26:51
Jakub Altrichter,Northern Michigan,3,16,19,-7,80,39148.0,4,280.0,252.0,32,52.63157894736842,10:52:28
Jakub Krbecek,RIT,0,1,1,0,0,0.0,4,0.0,0.0,18,,00:00:00
Jakub Lewandowski,Northern Michigan,0,3,3,-1,4,10515.0,4,2.0,3.0,17,40.0,02:55:15
James Callahan,Air Force,0,0,0,-3,2,1325.0,0,0.0,0.0,5,,00:22:05
James Duerr,Massachusetts,2,3,5,1,20,13425.0,6,50.0,97.0,31,34.01360544217687,03:43:45
James Fisher,Northeastern,1,1,2,-3,21,8418.0,6,0.0,0.0,24,,02:20:18
James Gray,St. Cloud State,0,0,0,0,0,0.0,0,0.0,0.0,6,,00:00:00
James Hagens,Boston College,11,26,37,21,99,42982.0,24,185.0,219.0,37,45.79207920792079,11:56:22
James Hong,Ohio State,4,9,13,2,54,27504.0,17,10.0,13.0,34,43.47826086956522,07:38:24
James Reeder,Denver,11,10,21,17,59,39351.0,2,2.0,3.0,44,40.0,10:55:51
Jan Korec,Boston College,0,0,0,0,0,0.0,0,0.0,0.0,3,,00:00:00
Jan Lasak,St. Lawrence,4,2,6,-7,23,14096.0,4,4.0,4.0,16,50.0,03:54:56
Jan Olenginski,St. Lawrence,2,4,6,-4,31,31043.0,10,1.0,0.0,30,100.0,08:37:23
Jared Mangan,Clarkson,6,5,11,0,69,34581.0,10,74.0,60.0,38,55.223880597014926,09:36:21
Jared Whale,New Hampshire,0,0,0,0,0,0.0,0,0.0,0.0,31,,00:00:00
Jared Wright,Denver,9,8,17,17,75,38657.0,6,2.0,2.0,44,50.0,10:44:17
Jarod Crespo,Penn State,2,5,7,-10,37,34968.0,10,1.0,0.0,36,100.0,09:42:48
Jarred White,Alaska-Anchorage,3,5,8,-4,43,24223.0,17,94.0,133.0,32,41.409691629955944,06:43:43
Jarrod Smith,Holy Cross,0,1,1,1,9,6024.0,8,22.0,23.0,14,48.888888888888886,01:40:24
Jaryd Sych,Mercyhurst,2,0,2,-15,27,29118.0,12,0.0,0.0,30,,08:05:18
Jase Sofo,St. Thomas,0,0,0,-1,1,1317.0,4,0.0,0.0,2,,00:21:57
Jason Ahearn,Niagara,19,20,39,6,120,39576.0,23,2.0,3.0,36,40.0,10:59:36
Jason Gallucci,Penn State,0,0,0,1,12,8116.0,8,0.0,0.0,12,,02:15:16
Jason Marsella,Yale,0,0,0,-2,2,1209.0,0,0.0,0.0,2,,00:20:09
Jason Siedem,New Hampshire,3,8,11,-3,26,20649.0,4,1.0,6.0,32,14.285714285714285,05:44:09
Jasper Lester,Air Force,0,0,0,0,10,5991.0,23,0.0,0.0,12,,01:39:51
Jax Wismer,Vermont,2,13,15,-1,51,36885.0,22,0.0,0.0,34,,10:14:45
Jaxson Ezman,Princeton,7,8,15,-2,53,30550.0,28,28.0,32.0,30,46.666666666666664,08:29:10
Jayden Davis,Notre Dame,1,2,3,-5,8,10535.0,8,75.0,75.0,22,50.0,02:55:35
Jayden Jubenvill,North Dakota,2,4,6,8,32,30968.0,29,0.0,0.0,37,,08:36:08
Jayden Perron,North Dakota,10,9,19,-2,79,30380.0,7,0.0,2.0,31,0.0,08:26:20
Jayden Sison,Princeton,2,4,6,-5,24,19895.0,10,0.0,1.0,24,0.0,05:31:35
Jayson Shaugabay,Minnesota-Duluth,12,14,26,-3,60,34688.0,4,14.0,15.0,36,48.275862068965516,09:38:08
Jeff Hutchinson,Augustana,0,0,0,5,15,16271.0,6,0.0,0.0,22,,04:31:11
Jens Richards,Vermont,5,2,7,-6,33,19969.0,6,0.0,0.0,26,,05:32:49
Jere Vaisanen,Bemidji State,7,12,19,-7,61,39846.0,16,241.0,233.0,38,50.84388185654009,11:04:06
Jeremi Tremblay,Sacred Heart,2,4,6,8,21,11906.0,21,1.0,0.0,24,100.0,03:18:26
Jeremie Payant,Rensselaer,3,3,6,-7,40,20204.0,6,31.0,36.0,33,46.26865671641791,05:36:44
Jeremy Wilmer,Quinnipiac,15,26,41,-6,65,36851.0,4,17.0,6.0,38,73.91304347826086,10:14:11
Jesse Tucker,Northern Michigan,3,5,8,-25,50,33712.0,26,327.0,298.0,34,52.32,09:21:52
Jimmy Clark,Minnesota,5,17,22,15,79,39616.0,0,239.0,277.0,39,46.31782945736434,11:00:16
"Jimmy Dowd, Jr.",Penn State,1,9,10,-5,41,25771.0,21,0.0,0.0,27,,07:09:31
Jimmy Doyle,Bentley,0,8,8,3,51,22681.0,6,30.0,35.0,32,46.15384615384615,06:18:01
Jimmy Glynn,Omaha,8,7,15,-2,59,35675.0,14,246.0,260.0,35,48.616600790513836,09:54:35
Jimmy Goffredo,Rensselaer,2,3,5,-9,40,35956.0,20,0.0,0.0,35,,09:59:16
Jimmy Jurcev,Notre Dame,1,3,4,-8,17,18079.0,10,0.0,0.0,31,,05:01:19
Jimmy Rayhill,Cornell,0,1,1,0,3,2948.0,0,0.0,1.0,6,0.0,00:49:08
Jimmy Snuggerud,Minnesota,24,27,51,13,161,44623.0,29,8.0,19.0,40,29.629629629629626,12:23:43
JoJo Tanaka-Campbell,Yale,0,0,0,-6,2,3721.0,2,5.0,8.0,10,38.46153846153847,01:02:01
Joaquim Lemay,Northeastern,3,9,12,-11,58,44662.0,29,0.0,0.0,30,,12:24:22
Joe Blackley,Yale,0,1,1,-2,4,4817.0,0,1.0,1.0,9,50.0,01:20:17
Joe Connor,Northeastern,7,10,17,-10,103,42954.0,47,3.0,7.0,37,30.0,11:55:54
Joe Dunlap,Ohio State,8,14,22,3,107,39096.0,22,1.0,0.0,39,100.0,10:51:36
Joe Gramer,Omaha,0,4,4,1,14,29891.0,4,0.0,1.0,33,0.0,08:18:11
Joe Miller,Harvard,5,18,23,5,50,29929.0,8,11.0,5.0,28,68.75,08:18:49
Joe Molenaar,Minnesota-Duluth,3,3,6,-8,45,25158.0,6,2.0,6.0,31,25.0,06:59:18
Joe Palodichuk,Wisconsin,1,3,4,-7,19,29076.0,8,0.0,0.0,25,,08:04:36
Joe Prouty,Lindenwood,1,3,4,-8,50,38827.0,24,0.0,0.0,32,,10:47:07
Joe Schiller,Northern Michigan,0,3,3,-6,11,12174.0,4,0.0,0.0,10,,03:22:54
Joe Sharib,Union,0,0,0,0,0,0.0,0,0.0,0.0,3,,00:00:00
Joe Solimine,Holy Cross,1,5,6,-1,40,21366.0,12,115.0,123.0,32,48.319327731092436,05:56:06
Joel Kjellberg,Arizona State,0,11,11,6,26,33106.0,12,0.0,0.0,34,,09:11:46
Joel Lehtinen,Stonehill,1,3,4,-3,23,18999.0,12,122.0,137.0,25,47.10424710424711,05:16:39
Joel Maatta,Vermont,9,18,27,5,51,39000.0,16,358.0,286.0,35,55.590062111801245,10:50:00
Joey Baez,Army,7,9,16,-19,82,33898.0,14,0.0,0.0,38,,09:24:58
Joey DelGreco,Augustana,7,8,15,3,56,35855.0,20,119.0,171.0,35,41.03448275862069,09:57:35
Joey Dosan,Army,0,0,0,0,3,420.0,0,0.0,4.0,1,0.0,00:07:00
Joey Larson,Michigan State,10,14,24,7,111,33603.0,22,0.0,4.0,37,0.0,09:20:03
Joey LoVullo,American Int'l,0,0,0,0,0,0.0,0,0.0,0.0,1,,00:00:00
Joey Muldowney,Connecticut,29,18,47,27,142,45057.0,12,11.0,21.0,39,34.375,12:30:57
Joey Musa,Massachusetts,1,2,3,-7,24,19381.0,6,26.0,35.0,33,42.62295081967213,05:23:01
Joey Potter,Alaska-Anchorage,2,3,5,-7,37,23357.0,12,0.0,0.0,18,,06:29:17
Johannes Løkkeberg,Bowling Green,0,0,0,-2,3,3536.0,4,22.0,23.0,9,48.888888888888886,00:58:56
John Beaton,Rensselaer,6,13,19,-10,58,33927.0,0,75.0,52.0,34,59.055118110236215,09:25:27
John Dalton,Maine,0,5,5,-3,14,13920.0,21,0.0,0.0,21,,03:52:00
John Driscoll,Sacred Heart,2,8,10,2,49,57396.0,14,0.0,0.0,39,,15:56:36
John Emmons,Miami,1,0,1,-14,14,17520.0,29,85.0,105.0,21,44.73684210526316,04:52:00
John Evans,Lindenwood,4,8,12,0,40,24335.0,6,1.0,9.0,28,10.0,06:45:35
John Fusco,Dartmouth,11,10,21,15,85,46515.0,39,0.0,0.0,32,,12:55:15
John Gelatt,Holy Cross,7,10,17,10,71,32498.0,10,94.0,124.0,37,43.11926605504588,09:01:38
John Gormley,Long Island,2,0,2,-4,29,38036.0,26,1.0,2.0,32,33.33333333333333,10:33:56
John Herrington,Lake Superior,4,14,18,-8,95,41943.0,18,230.0,234.0,36,49.56896551724138,11:39:03
John Jaworski,Sacred Heart,13,18,31,8,80,47353.0,12,248.0,310.0,39,44.44444444444444,13:09:13
John Larkin,Ohio State,0,0,0,0,5,3455.0,0,0.0,0.0,7,,00:57:35
John Lundy,American Int'l,10,10,20,-12,84,33751.0,10,62.0,35.0,37,63.91752577319587,09:22:31
John Mittelstadt,Minnesota,3,5,8,5,33,20435.0,0,105.0,100.0,35,51.21951219512195,05:40:35
John Mustard,Providence,7,13,20,1,108,34144.0,14,5.0,4.0,37,55.55555555555556,09:29:04
John Prokop,Union,8,19,27,12,87,53689.0,20,0.0,0.0,36,,14:54:49
John Seifarth,Penn State,0,0,0,0,0,0.0,0,0.0,0.0,6,,00:00:00
John Spetz,Connecticut,1,12,13,14,56,46336.0,27,3.0,26.0,35,10.344827586206897,12:52:16
John Waldron,Miami,4,16,20,-19,46,32842.0,8,156.0,198.0,28,44.06779661016949,09:07:22
John Whipple,Minnesota,0,3,3,4,14,18297.0,6,0.0,0.0,29,,05:04:57
Johnny Druskinis,Lake Superior,4,7,11,-16,56,40052.0,30,2.0,0.0,36,100.0,11:07:32
Johnny Wescoe,Niagara,1,2,3,-4,34,19007.0,2,3.0,7.0,26,30.0,05:16:47
Jon Bell,Army,0,4,4,-5,37,20445.0,14,0.0,1.0,27,0.0,05:40:45
Jonathan Castagna,Cornell,5,10,15,2,61,32942.0,20,290.0,204.0,32,58.70445344129555,09:09:02
Jonathan Ziskie,Niagara,1,0,1,-1,6,4655.0,0,0.0,0.0,7,,01:17:35
Joona Väisänen,Western Michigan,4,22,26,24,51,49472.0,12,0.0,0.0,42,,13:44:32
Jordan Biro,American Int'l,3,9,12,-7,56,31454.0,6,0.0,0.0,36,,08:44:14
Jordan Brisson,Colorado College,0,0,0,-1,0,509.0,0,0.0,0.0,1,,00:08:29
Jordan Hughesman,Merrimack,0,0,0,-1,0,1238.0,0,2.0,1.0,2,66.66666666666666,00:20:38
Jordan Power,Minnesota State,2,4,6,8,40,30889.0,31,0.0,3.0,37,0.0,08:34:49
Jordan Venegoni,Lake Superior,0,9,9,-2,19,16936.0,6,0.0,1.0,28,0.0,04:42:16
Josef Mysak,Merrimack,2,8,10,5,44,37296.0,25,1.0,0.0,34,100.0,10:21:36
Joseph Grainda,Stonehill,2,5,7,-2,39,31681.0,15,3.0,5.0,31,37.5,08:48:01
Joseph Messina,Union,1,3,4,1,16,13565.0,4,0.0,0.0,26,,03:46:05
Joseph Pierce,Minnesota-Duluth,1,4,5,5,67,30150.0,50,0.0,0.0,36,,08:22:30
Josh Bohlin,Army,0,0,0,-2,4,1891.0,0,0.0,0.0,4,,00:31:31
Josh Eernisse,Michigan,1,10,11,0,56,31633.0,34,1.0,7.0,36,12.5,08:47:13
Josh Groll,Minnesota State,14,18,32,31,88,41407.0,31,106.0,87.0,38,54.92227979274611,11:30:07
Josh Kotai,Augustana,0,1,1,0,0,0.0,2,0.0,0.0,31,,00:00:00
Josh Luedtke,St. Cloud State,3,5,8,-14,71,44810.0,10,0.0,0.0,36,,12:26:50
Josh Nadeau,Maine,10,19,29,12,114,40814.0,14,8.0,6.0,37,57.14285714285714,11:20:14
Josh Nixon,Union,14,9,23,8,79,34206.0,20,1.0,1.0,36,50.0,09:30:06
Josh Orrico,Michigan,0,0,0,-3,3,5041.0,0,0.0,0.0,8,,01:24:01
Josh Phillips,Union,0,1,1,-2,9,10156.0,2,0.0,0.0,18,,02:49:16
Josh Player,New Hampshire,0,0,0,-6,7,6280.0,2,0.0,0.0,13,,01:44:40
Josh Zary,Long Island,12,6,18,-1,75,28504.0,14,279.0,189.0,28,59.61538461538461,07:55:04
Josh Zinger,St. Cloud State,4,4,8,-13,58,33121.0,16,0.0,0.0,33,,09:12:01
Joshua Barnes,American Int'l,14,10,24,-14,85,35977.0,6,229.0,248.0,38,48.0083857442348,09:59:37
Joshua Karnish,Princeton,1,2,3,-4,32,22262.0,19,1.0,6.0,29,14.285714285714285,06:11:02
Joshua Schenk,Dartmouth,0,2,2,-2,16,9684.0,2,10.0,24.0,19,29.411764705882355,02:41:24
Joshua Wildauer,Lake Superior,0,0,0,-2,5,3746.0,2,0.0,0.0,7,,01:02:26
Jude Brower,Army,1,0,1,-5,5,5373.0,0,0.0,0.0,6,,01:29:33
Julian Facchinelli,Princeton,0,0,0,0,2,297.0,0,2.0,0.0,2,100.0,00:04:57
Julian Frias,Yale,2,4,6,-12,41,26189.0,12,3.0,6.0,30,33.33333333333333,07:16:29
Julian Molinaro,Northern Michigan,0,0,0,0,0,0.0,0,0.0,0.0,1,,00:00:00
Justin Barker,Stonehill,0,0,0,-2,1,986.0,2,1.0,2.0,2,33.33333333333333,00:16:26
Justin Gibson,Stonehill,1,5,6,-11,33,30685.0,0,0.0,0.0,30,,08:31:25
Justin Janicke,Notre Dame,15,19,34,-3,71,46486.0,29,0.0,4.0,38,0.0,12:54:46
Justin Mexico,American Int'l,3,12,15,-3,58,30163.0,12,131.0,171.0,32,43.377483443708606,08:22:43
Justin Solovey,Harvard,5,7,12,4,59,31951.0,16,2.0,6.0,33,25.0,08:52:31
Kade Nielsen,Minnesota State,0,0,0,0,1,964.0,0,0.0,0.0,4,,00:16:04
Kade Turner,Ferris State,1,1,2,-9,8,14806.0,4,1.0,0.0,25,100.0,04:06:46
Kaden Bohlsen,Minnesota State,12,5,17,13,64,25503.0,31,11.0,16.0,28,40.74074074074074,07:05:03
Kaden Muir,Mercyhurst,0,1,1,-16,8,16576.0,16,0.0,0.0,21,,04:36:16
Kaden Shahan,Connecticut,9,5,14,-4,98,32400.0,4,3.0,8.0,39,27.27272727272727,09:00:00
Kaelan Taylor,Clarkson,1,6,7,15,31,41370.0,10,0.0,0.0,39,,11:29:30
Kai Daniells,Princeton,2,2,4,-8,22,16454.0,2,8.0,13.0,18,38.095238095238095,04:34:14
Kai Greaves,Princeton,2,1,3,-10,26,27740.0,2,0.0,0.0,29,,07:42:20
Kai Janviriya,Connecticut,0,14,14,5,48,46091.0,6,0.0,0.0,39,,12:48:11
Kaidan Mbereko,Colorado College,0,0,0,0,0,0.0,0,0.0,0.0,31,,00:00:00
Kaleb Ergang,Ferris State,6,15,21,3,61,35360.0,6,1.0,10.0,35,9.090909090909092,09:49:20
Kaleb Tiessen,St. Cloud State,0,0,0,-3,10,6495.0,2,0.0,0.0,11,,01:48:15
Kalen Szeto,Yale,4,1,5,-14,38,20203.0,4,1.0,9.0,27,10.0,05:36:43
Kamil Bednarik,Boston University,2,17,19,1,46,38250.0,28,269.0,279.0,40,49.08759124087591,10:37:30
Karl Falk,St. Cloud State,0,4,4,-3,21,20147.0,6,0.0,0.0,28,,05:35:47
Karsen Dorwart,Michigan State,13,18,31,20,104,36303.0,12,300.0,315.0,35,48.78048780487805,10:05:03
Karter McNarland,Alaska-Anchorage,2,4,6,-1,21,19828.0,4,2.0,3.0,23,40.0,05:30:28
Kash Rasmussen,Canisius,2,6,8,5,20,11540.0,6,59.0,68.0,14,46.45669291338583,03:12:20
Kasper Magnussen,Bemidji State,7,9,16,-13,64,33118.0,44,0.0,1.0,37,0.0,09:11:58
Kasper Vaharautio,Michigan Tech,0,4,4,-7,16,34520.0,2,0.0,0.0,36,,09:35:20
Kazimier Sobieski,Massachusetts,0,0,0,1,1,1907.0,2,0.0,0.0,5,,00:31:47
Keaton Peters,Penn State,2,4,6,-13,38,29689.0,6,246.0,202.0,35,54.91071428571429,08:14:49
Keegan Langefels,Canisius,0,0,0,0,3,3149.0,0,0.0,0.0,4,,00:52:29
Keenan Rancier,Vermont,0,0,0,0,0,0.0,0,0.0,0.0,14,,00:00:00
Kellan Hjartarson,Bentley,8,8,16,0,64,37218.0,4,61.0,56.0,40,52.13675213675214,10:20:18
Kennedy O'Connor,Massachusetts,0,6,6,7,16,16815.0,8,0.0,0.0,34,,04:40:15
Kenny Connors,Massachusetts,10,19,29,4,101,47644.0,6,313.0,300.0,40,51.060358890701465,13:14:04
Kent Anderson,Denver,1,7,8,13,32,51574.0,14,0.0,0.0,44,,14:19:34
Kevin Anderson,Princeton,5,4,9,-5,52,26864.0,27,6.0,8.0,28,42.857142857142854,07:27:44
Kevin Marx-Norén,RIT,1,0,1,-2,4,3909.0,0,0.0,0.0,5,,01:05:09
Kevin Reidler,Omaha,0,0,0,0,0,0.0,0,0.0,0.0,8,,00:00:00
Kevin Scott,RIT,0,4,4,-19,32,34741.0,14,1.0,2.0,35,33.33333333333333,09:39:01
Kienan Draper,Michigan,7,2,9,-4,46,28569.0,37,183.0,210.0,33,46.56488549618321,07:56:09
Kieran Cebrian,Denver,6,9,15,12,48,41272.0,16,386.0,339.0,44,53.241379310344826,11:27:52
Kieran O'Hearn,Yale,1,6,7,-5,33,35619.0,32,0.0,0.0,29,,09:53:39
Killian Kiecker-Olson,Canisius,3,2,5,1,21,16803.0,6,132.0,101.0,22,56.65236051502146,04:40:03
Kirklan Irey,Bemidji State,11,13,24,-4,71,40586.0,14,4.0,5.0,38,44.44444444444444,11:16:26
Klavs Veinbergs,Colorado College,9,10,19,-8,60,34482.0,32,308.0,214.0,36,59.00383141762452,09:34:42
Klayton Knapp,Minnesota-Duluth,0,0,0,0,0,0.0,0,0.0,0.0,16,,00:00:00
Kolby Amici,Bentley,0,0,0,-3,2,1978.0,2,0.0,0.0,5,,00:32:58
Kristaps Skrastins,New Hampshire,3,3,6,-5,50,22746.0,4,1.0,3.0,32,25.0,06:19:06
Kristof Papp,Lindenwood,4,7,11,-1,56,33547.0,2,246.0,208.0,29,54.18502202643172,09:19:07
Kristoffer Eberly,Ohio State,0,0,0,0,0,0.0,0,0.0,0.0,17,,00:00:00
Kyle Aucoin,Harvard,2,2,4,-3,40,24980.0,8,0.0,0.0,28,,06:56:20
Kyle Bettens,Minnesota-Duluth,1,5,6,-9,25,23595.0,12,6.0,6.0,32,50.0,06:33:15
Kyle Chauvette,Union,0,0,0,0,0,0.0,0,0.0,0.0,35,,00:00:00
Kyle Furey,Northeastern,0,0,0,-1,0,778.0,0,0.0,0.0,3,,00:12:58
Kyle Gaffney,Alaska,6,14,20,-6,61,37349.0,6,252.0,248.0,32,50.4,10:22:29
Kyle Haskins,Canisius,11,12,23,-12,89,36811.0,24,220.0,301.0,37,42.226487523992326,10:13:31
Kyle Heath,Stonehill,1,3,4,-4,10,12791.0,2,25.0,45.0,20,35.714285714285715,03:33:11
Kyle Kukkonen,Wisconsin,10,9,19,-1,101,31776.0,22,1.0,1.0,37,50.0,08:49:36
Kyle Penney,Cornell,6,1,7,8,45,21692.0,15,20.0,25.0,25,44.44444444444444,06:01:32
Kyle Smolen,Arizona State,12,18,30,12,67,37346.0,22,113.0,152.0,35,42.64150943396226,10:22:26
Kyler Head,Mercyhurst,0,0,0,-3,10,3369.0,6,1.0,0.0,6,100.0,00:56:09
Kyler Kleven,Niagara,3,6,9,-4,26,15044.0,10,4.0,3.0,26,57.14285714285714,04:10:44
Kyler Kovich,Cornell,5,9,14,13,45,29714.0,25,119.0,110.0,36,51.96506550218341,08:15:14
Lachlan Getz,Holy Cross,0,8,8,5,34,41574.0,32,0.0,0.0,38,,11:32:54
Lane Brockhoff,Niagara,0,1,1,0,13,11240.0,4,0.0,0.0,15,,03:07:20
Larry Keenan,Massachusetts,4,7,11,16,75,48096.0,16,0.0,0.0,40,,13:21:36
Lars Rodne,Niagara,10,4,14,2,84,28313.0,6,0.0,1.0,29,0.0,07:51:53
Lassi Lehti,Alaska,0,0,0,0,0,0.0,0,0.0,0.0,13,,00:00:00
Lauri Raiman,Michigan Tech,1,4,5,1,41,27214.0,4,44.0,47.0,35,48.35164835164835,07:33:34
Lauri Sertti,American Int'l,1,6,7,1,34,48820.0,6,0.0,0.0,37,,13:33:40
Lawton Zacher,Brown,0,0,0,0,0,0.0,0,0.0,0.0,28,,00:00:00
Lee Chiang,Robert Morris,0,0,0,0,2,1254.0,0,0.0,0.0,3,,00:20:54
Lee Parks,Mass.-Lowell,8,6,14,6,54,28159.0,10,2.0,3.0,34,40.0,07:49:19
Leo Chambers,Stonehill,2,3,5,-4,34,22820.0,10,95.0,193.0,31,32.98611111111111,06:20:20
Leo Gruba,Minnesota,1,2,3,7,45,35556.0,10,0.0,0.0,40,,09:52:36
Leo Schwartz,Brown,0,2,2,2,10,8500.0,6,0.0,0.0,20,,02:21:40
Liam Devlin,New Hampshire,9,14,23,-6,83,36797.0,40,1.0,2.0,35,33.33333333333333,10:13:17
Liam Lesakowski,Maine,0,0,0,2,18,14942.0,8,0.0,0.0,24,,04:09:02
Liam Malmquist,St. Thomas,20,25,45,18,132,49248.0,8,8.0,16.0,38,33.33333333333333,13:40:48
Liam McLinskey,Holy Cross,24,30,54,5,140,46429.0,18,13.0,18.0,40,41.935483870967744,12:53:49
Liam Souliere,Minnesota,0,1,1,0,0,0.0,0,0.0,0.0,25,,00:00:00
Liam Valente,Western Michigan,14,19,33,8,125,36896.0,10,1.0,0.0,42,100.0,10:14:56
Liam Watkins,Omaha,2,2,4,-7,15,9695.0,0,67.0,56.0,15,54.47154471544715,02:41:35
Libor Nemec,Mass.-Lowell,6,6,12,-9,49,24472.0,14,56.0,75.0,26,42.74809160305343,06:47:52
Linards Lipskis,Stonehill,0,0,0,0,0,0.0,0,0.0,0.0,6,,00:00:00
Linden Alger,Massachusetts,3,7,10,5,49,34611.0,10,0.0,0.0,40,,09:36:51
Logan Acheson,Alaska-Anchorage,1,5,6,-2,26,23259.0,4,0.0,0.0,27,,06:27:39
Logan Hensler,Wisconsin,2,10,12,-13,50,34548.0,27,0.0,0.0,32,,09:35:48
Logan Heroux,Ferris State,3,11,14,1,58,26686.0,28,0.0,0.0,32,,07:24:46
Logan Morrell,Michigan Tech,11,10,21,5,71,31568.0,29,299.0,210.0,32,58.7426326129666,08:46:08
Logan Sawyer,Providence,6,10,16,7,106,31580.0,10,5.0,3.0,37,62.5,08:46:20
Logan Stein,Michigan,0,1,1,0,0,0.0,0,0.0,0.0,23,,00:00:00
Logan Terness,Ohio State,0,1,1,0,0,0.0,0,0.0,0.0,25,,00:00:00
Logan Will,Providence,8,16,24,10,73,36347.0,4,302.0,251.0,37,54.61121157323689,10:05:47
Louden Hogg,Holy Cross,0,0,0,0,0,0.0,0,0.0,0.0,1,,00:00:00
Louis Jamernik V,North Dakota,4,6,10,3,31,24464.0,29,105.0,89.0,30,54.123711340206185,06:47:44
Luc Laylin,St. Thomas,4,6,10,-5,45,28709.0,18,216.0,208.0,38,50.943396226415096,07:58:29
Luc Pelletier,Princeton,3,5,8,-7,29,13589.0,35,155.0,154.0,29,50.161812297734635,03:46:29
Luc Wilson,Minnesota State,7,6,13,0,63,26534.0,24,2.0,3.0,32,40.0,07:22:14
Luca Di Pasquo,Michigan State,0,0,0,0,0,0.0,0,0.0,0.0,7,,00:00:00
Luca Fantilli,Michigan,1,5,6,-5,30,37880.0,8,0.0,0.0,34,,10:31:20
Luca Leighton,Long Island,1,7,8,5,38,15383.0,22,0.0,1.0,23,0.0,04:16:23
Luca Münzenberger,Vermont,5,7,12,11,40,38257.0,18,0.0,1.0,31,0.0,10:37:37
Lucas Buzziol,Union,5,8,13,-3,41,28675.0,14,169.0,188.0,29,47.33893557422969,07:57:55
Lucas Kanta,Army,0,0,0,-3,4,2533.0,2,1.0,0.0,5,100.0,00:42:13
Lucas Massie,Union,0,0,0,0,0,0.0,0,0.0,0.0,2,,00:00:00
Lucas Matta,Rensselaer,0,0,0,-4,19,8967.0,8,1.0,0.0,19,100.0,02:29:27
Lucas Mercuri,Massachusetts,10,21,31,14,81,44768.0,24,383.0,330.0,40,53.71669004207573,12:26:08
Lucas Olvestad,Massachusetts,4,16,20,8,61,51771.0,22,0.0,0.0,38,,14:22:51
Lucas St. Louis,Harvard,2,9,11,-6,35,36259.0,12,0.0,0.0,33,,10:04:19
Lucas Wahlin,St. Thomas,17,24,41,15,141,50945.0,50,385.0,425.0,38,47.53086419753087,14:09:05
Luigi Benincasa,Minnesota State,6,18,24,9,56,31749.0,8,170.0,200.0,39,45.94594594594595,08:49:09
Luis Lindner,New Hampshire,0,6,6,3,27,18249.0,4,0.0,0.0,28,,05:04:09
Luka Sukovic,Clarkson,7,9,16,7,51,28927.0,16,119.0,127.0,36,48.3739837398374,08:02:07
Lukas Gustafsson,Boston College,2,13,15,16,48,37875.0,14,0.0,0.0,35,,10:31:15
Lukas Sillinger,Arizona State,8,30,38,8,55,38488.0,12,1.0,5.0,35,16.666666666666664,10:41:28
Luke Amell,Sacred Heart,1,0,1,0,8,5023.0,6,0.0,0.0,7,,01:23:43
Luke Antonacci,Maine,2,2,4,10,23,24966.0,6,0.0,0.0,30,,06:56:06
Luke Ashton,Minnesota State,5,8,13,10,61,36670.0,6,1.0,0.0,38,100.0,10:11:10
Luke Bast,Minnesota-Duluth,0,1,1,-5,2,5824.0,2,0.0,0.0,15,,01:37:04
Luke Buss,Wisconsin,0,0,0,-2,2,1406.0,0,0.0,0.0,5,,00:23:26
Luke Farthing,Canisius,1,4,5,-8,21,15692.0,10,0.0,0.0,15,,04:21:32
Luke Haymes,Dartmouth,12,6,18,-1,60,25333.0,14,243.0,142.0,22,63.116883116883116,07:02:13
Luke Johnson,Alaska,2,2,4,1,18,11735.0,4,1.0,3.0,15,25.0,03:15:35
Luke Khozozian,Harvard,0,0,0,0,1,508.0,0,0.0,0.0,1,,00:08:28
Luke LaMaster,Alaska,0,6,6,9,25,23816.0,10,0.0,0.0,27,,06:36:56
Luke Levandowski,Lake Superior,5,9,14,-2,48,28061.0,4,1.0,0.0,34,100.0,07:47:41
Luke Lisko,Ferris State,0,0,0,-3,2,2013.0,2,14.0,11.0,3,56.00000000000001,00:33:33
Luke Marshall,Canisius,1,1,2,0,25,23497.0,6,0.0,0.0,23,,06:31:37
Luke Mittelstadt,Minnesota,2,16,18,23,65,46413.0,8,0.0,0.0,40,,12:53:33
Luke Mobley,Augustana,13,7,20,6,70,40871.0,14,376.0,362.0,34,50.94850948509485,11:21:11
Luke Mylymok,Niagara,1,1,2,-9,13,6934.0,2,1.0,2.0,10,33.33333333333333,01:55:34
Luke Pakulak,Clarkson,2,5,7,-3,14,13895.0,10,71.0,95.0,30,42.77108433734939,03:51:35
Luke Pavicich,Arizona State,0,0,0,0,0,0.0,0,0.0,0.0,23,,00:00:00
Luke Pearson,Yale,0,0,0,0,0,0.0,0,0.0,0.0,6,,00:00:00
Luke Reid,New Hampshire,1,11,12,-7,63,51750.0,10,0.0,0.0,35,,14:22:30
Luke Roelofs,Bemidji State,0,1,1,-6,20,12231.0,6,0.0,0.0,18,,03:23:51
Luke Weilandt,Merrimack,1,5,6,-8,45,29719.0,14,181.0,197.0,35,47.883597883597886,08:15:19
Luke van Why,Robert Morris,2,12,14,-3,48,40613.0,12,0.0,0.0,31,,11:16:53
Lynden Breen,Maine,7,6,13,5,52,22528.0,18,141.0,129.0,22,52.22222222222223,06:15:28
Lynden Grandberg,Brown,1,0,1,3,12,9522.0,4,22.0,23.0,20,48.888888888888886,02:38:42
Mac Gadowsky,Army,16,26,42,5,99,55406.0,6,0.0,0.0,38,,15:23:26
Mac Swanson,North Dakota,2,16,18,0,26,32706.0,2,0.0,1.0,38,0.0,09:05:06
Mack Oliphant,Holy Cross,3,26,29,3,78,55169.0,4,0.0,0.0,36,,15:19:29
Maddox Fleming,Notre Dame,0,3,3,-3,22,14368.0,10,2.0,1.0,22,66.66666666666666,03:59:28
Malachi Klassen,Holy Cross,0,0,0,0,0,0.0,0,0.0,0.0,1,,00:00:00
Marcus Broberg,Omaha,1,8,9,6,28,22819.0,22,0.0,0.0,27,,06:20:19
Marcus Brännman,Clarkson,0,0,0,0,0,0.0,2,0.0,0.0,5,,00:00:00
Marcus Joughin,Sacred Heart,3,18,21,-2,58,39032.0,14,233.0,226.0,39,50.76252723311547,10:50:32
Marcus Pedersen,Michigan Tech,4,4,8,-2,36,20069.0,8,17.0,18.0,29,48.57142857142857,05:34:29
Marek Hejduk,Harvard,4,1,5,-10,27,19236.0,8,5.0,6.0,26,45.45454545454545,05:20:36
Marian Mosko,Cornell,0,0,0,-1,1,597.0,0,0.0,0.0,2,,00:09:57
Mario Gasparini,Vermont,0,1,1,-1,1,2787.0,0,0.0,0.0,6,,00:46:27
Mark Estapa,Michigan,2,10,12,-2,49,30461.0,32,304.0,238.0,35,56.08856088560885,08:27:41
Martin Lundberg,Ferris State,0,0,0,0,0,0.0,0,0.0,0.0,3,,00:00:00
Marty Lavins,New Hampshire,8,9,17,-2,79,38978.0,34,174.0,169.0,35,50.72886297376093,10:49:38
Mason Croucher,RIT,0,0,0,-1,17,13738.0,10,0.0,0.0,21,,03:48:58
Mason Kucenski,St. Lawrence,0,2,2,0,0,0.0,0,0.0,0.0,28,,00:00:00
Mason Langenbrunner,Harvard,6,4,10,3,52,33173.0,24,0.0,0.0,33,,09:12:53
Mason Marcellus,Quinnipiac,10,28,38,6,67,42278.0,28,53.0,67.0,38,44.166666666666664,11:44:38
Mason McCormick,Air Force,5,5,10,-7,72,36544.0,41,298.0,272.0,35,52.28070175438596,10:09:04
Mason Nevers,Minnesota,6,3,9,2,30,23279.0,4,4.0,5.0,33,44.44444444444444,06:27:59
Mason Poolman,St. Thomas,4,7,11,-9,44,37680.0,13,0.0,1.0,38,0.0,10:28:00
Mason Reiners,St. Cloud State,0,3,3,2,38,42512.0,4,0.0,1.0,36,0.0,11:48:32
Mason Salquist,St. Cloud State,3,4,7,-7,47,32626.0,16,368.0,275.0,36,57.23172628304821,09:03:46
Mason Waite,St. Lawrence,4,12,16,-15,69,50336.0,6,0.0,0.0,35,,13:58:56
Mason Wheeler,Minnesota State,0,6,6,22,34,47628.0,13,0.0,7.0,39,0.0,13:13:48
Massimo Lombardi,Vermont,8,10,18,-15,61,36325.0,8,9.0,10.0,35,47.368421052631575,10:05:25
Matej Marinov,Quinnipiac,0,1,1,0,0,0.0,0,0.0,0.0,17,,00:00:00
Mateo Dixon,Vermont,1,0,1,-4,4,2227.0,17,0.0,0.0,4,,00:37:07
Mathieu Caron,Boston University,0,3,3,0,0,0.0,0,0.0,0.0,21,,00:00:00
Mathieu Cobetto-Roy,RIT,0,3,3,-5,27,17685.0,12,129.0,126.0,29,50.588235294117645,04:54:45
Matt Basgall,Michigan State,6,20,26,9,89,45134.0,8,0.0,1.0,37,0.0,12:32:14
Matt Cato,Vermont,0,0,0,-1,2,891.0,0,0.0,0.0,2,,00:14:51
Matt Choupani,Miami,6,10,16,-18,49,38537.0,28,8.0,29.0,34,21.62162162162162,10:42:17
Matt Copponi,Boston University,6,18,24,15,79,40878.0,14,140.0,181.0,40,43.613707165109034,11:21:18
Matt Corbet,Ferris State,2,3,5,-4,45,16136.0,12,3.0,8.0,21,27.27272727272727,04:28:56
Matt Crasa,Mass.-Lowell,5,9,14,1,52,25167.0,12,4.0,8.0,29,33.33333333333333,06:59:27
Matt Davis,Denver,0,1,1,0,0,0.0,0,0.0,0.0,40,,00:00:00
Matt DeBoer,Holy Cross,11,20,31,3,108,39296.0,46,4.0,13.0,40,23.52941176470588,10:54:56
Matt DiMarsico,Penn State,17,15,32,12,153,40038.0,30,6.0,3.0,39,66.66666666666666,11:07:18
Matt Fusco,Dartmouth,1,6,7,-3,39,24301.0,4,0.0,0.0,32,,06:45:01
Matt Hubbarde,Alaska,13,10,23,5,60,31343.0,25,9.0,13.0,30,40.909090909090914,08:42:23
Matt Johnson,Alaska-Anchorage,4,5,9,0,31,21708.0,10,44.0,71.0,26,38.26086956521739,06:01:48
Matt Koethe,Alaska,5,8,13,-8,82,28479.0,14,7.0,18.0,32,28.000000000000004,07:54:39
Matt Rickard,Alaska,4,2,6,-6,34,25048.0,18,0.0,0.0,25,,06:57:28
Matt Shatsky,Holy Cross,1,8,9,-5,29,36202.0,8,0.0,0.0,28,,10:03:22
Matt Vermaeten,Canisius,4,4,8,-5,46,25675.0,2,44.0,74.0,35,37.28813559322034,07:07:55
Matteo Costantini,Western Michigan,8,15,23,10,91,41181.0,20,227.0,205.0,40,52.54629629629629,11:26:21
Matteo Disipio,Mercyhurst,3,3,6,-4,20,10830.0,2,0.0,0.0,16,,03:00:30
Matteo Giampa,Canisius,8,22,30,-10,82,40510.0,10,3.0,12.0,37,20.0,11:15:10
Matteo Pecchia,Alaska,0,0,0,-1,4,2565.0,6,1.0,1.0,6,50.0,00:42:45
Matthew Argentina,Northern Michigan,2,2,4,-2,23,10343.0,10,0.0,0.0,16,,02:52:23
Matthew Brille,Brown,0,0,0,1,2,1672.0,2,1.0,0.0,4,100.0,00:27:52
Matthew Campbell,Michigan Tech,6,6,12,7,60,41410.0,26,0.0,1.0,34,0.0,11:30:10
Matthew Gleason,St. Thomas,11,11,22,10,64,38996.0,43,189.0,189.0,35,50.0,10:49:56
Matthew Guerra,Sacred Heart,7,12,19,8,73,37352.0,37,131.0,148.0,39,46.95340501792115,10:22:32
Matthew Kursonis,Holy Cross,10,15,25,1,75,24492.0,14,199.0,152.0,27,56.69515669515669,06:48:12
Matthew McGroarty,Quinnipiac,0,2,2,-4,11,6390.0,2,52.0,34.0,20,60.46511627906976,01:46:30
Matthew Morden,Harvard,1,5,6,-1,29,35358.0,6,0.0,0.0,31,,09:49:18
Matthew Perkins,Minnesota-Duluth,1,4,5,-7,38,20156.0,14,14.0,15.0,29,48.275862068965516,05:35:56
Matthew Romer,Northern Michigan,5,3,8,-8,35,19015.0,4,1.0,10.0,23,9.090909090909092,05:16:55
Matthew Syverson,Minnesota State,0,0,0,0,0,0.0,0,0.0,0.0,1,,00:00:00
Matthew Wilde,RIT,18,14,32,-7,95,30484.0,24,2.0,5.0,27,28.57142857142857,08:28:04
Matthew Wood,Minnesota,17,22,39,19,123,39465.0,16,35.0,26.0,39,57.377049180327866,10:57:45
Mattias Sholl,Bemidji State,0,1,1,0,0,0.0,0,0.0,0.0,37,,00:00:00
Matvei Kabanov,Bowling Green,2,4,6,0,12,8208.0,2,1.0,0.0,13,100.0,02:16:48
Max Beckford,Bentley,0,0,0,0,0,0.0,0,0.0,0.0,4,,00:00:00
Max Burkholder,Colorado College,6,20,26,-2,59,45135.0,12,0.0,0.0,37,,12:32:15
Max Dorrington,Sacred Heart,12,10,22,4,67,36382.0,47,337.0,282.0,38,54.44264943457189,10:06:22
Max Dukovac,Miami,5,5,10,-14,33,22741.0,14,1.0,5.0,25,16.666666666666664,06:19:01
Max Helgeson,Alaska-Anchorage,8,11,19,-7,78,41269.0,16,97.0,130.0,34,42.731277533039645,11:27:49
Max Itagaki,Ferris State,2,6,8,-6,28,18141.0,14,2.0,2.0,26,50.0,05:02:21
Max Koskipirtti,Michigan Tech,7,20,27,-2,63,43000.0,0,336.0,361.0,36,48.20659971305595,11:56:40
Max Lacroix,Boston University,0,0,0,0,0,0.0,0,0.0,0.0,4,,00:00:00
Max Lundgren,Merrimack,0,0,0,0,0,0.0,0,0.0,0.0,24,,00:00:00
Max Montes,Ohio State,14,12,26,3,93,39795.0,16,239.0,233.0,40,50.63559322033898,11:03:15
Max Nagel,Colgate,6,18,24,-4,78,40941.0,12,2.0,2.0,36,50.0,11:22:21
Max Plante,Minnesota-Duluth,9,19,28,5,73,26748.0,16,5.0,10.0,23,33.33333333333333,07:25:48
Max Scott,Brown,12,14,26,-6,82,45386.0,21,463.0,398.0,32,53.7746806039489,12:36:26
Max Smolinski,Rensselaer,5,10,15,-3,74,40009.0,6,0.0,0.0,35,,11:06:49
Max Strand,Vermont,8,14,22,1,51,32172.0,8,161.0,200.0,33,44.59833795013851,08:56:12
Max Vayrynen,Michigan Tech,0,0,0,0,0,0.0,0,0.0,0.0,6,,00:00:00
Max Wattvil,Merrimack,0,0,0,-3,9,9708.0,4,0.0,0.0,11,,02:41:48
Maxim Štrbák,Michigan State,3,16,19,6,56,40886.0,16,0.0,0.0,33,,11:21:26
Maxwell Martin,Bowling Green,6,3,9,1,70,24869.0,10,5.0,8.0,32,38.46153846153847,06:54:29
McKay Hayes,Robert Morris,4,6,10,-5,60,25671.0,11,10.0,15.0,33,40.0,07:07:51
Medrick Bolduc,Northern Michigan,2,3,5,-13,24,22082.0,34,37.0,26.0,26,58.730158730158735,06:08:02
Micah Berger,Yale,5,10,15,-9,31,20191.0,6,11.0,6.0,21,64.70588235294117,05:36:31
Michael Abgrall,Holy Cross,8,17,25,2,68,37158.0,56,251.0,317.0,40,44.190140845070424,10:19:18
Michael Callow,Harvard,3,5,8,2,48,22923.0,14,0.0,7.0,30,0.0,06:22:03
Michael Cameron,Massachusetts,3,4,7,-2,29,15595.0,4,7.0,22.0,21,24.137931034482758,04:19:55
Michael Chambre,Mercyhurst,0,0,0,0,0,0.0,0,0.0,0.0,6,,00:00:00
Michael Citara,Merrimack,1,0,1,-1,10,6447.0,2,0.0,0.0,9,,01:47:27
Michael Colella,Canisius,4,8,12,-10,41,32339.0,6,8.0,21.0,37,27.586206896551722,08:58:59
Michael Craig,Robert Morris,5,19,24,-3,52,48011.0,6,0.0,0.0,35,,13:20:11
Michael DeAngelo,Michigan State,3,6,9,3,33,19579.0,19,116.0,134.0,33,46.400000000000006,05:26:19
Michael Emerson,Merrimack,6,6,12,1,31,25733.0,0,62.0,115.0,32,35.02824858757062,07:08:53
Michael Feenstra,Miami,1,3,4,-7,6,10662.0,16,0.0,0.0,13,,02:57:42
Michael Felsing,Robert Morris,7,15,22,-12,33,27108.0,2,32.0,57.0,34,35.95505617977528,07:31:48
Michael Hage,Michigan,13,21,34,-9,74,33268.0,23,169.0,203.0,33,45.43010752688172,09:14:28
Michael Hagens,Boston College,1,7,8,5,23,25247.0,5,0.0,1.0,37,0.0,07:00:47
Michael Hodge,Holy Cross,3,1,4,3,25,11909.0,2,3.0,8.0,25,27.27272727272727,03:18:29
Michael Hrabal,Massachusetts,0,0,0,0,0,0.0,0,0.0,0.0,36,,00:00:00
Michael Kadlecik,Air Force,0,3,3,-6,18,14359.0,4,56.0,42.0,22,57.14285714285714,03:59:19
Michael La Starza,Vermont,2,3,5,-6,15,12384.0,4,0.0,0.0,18,,03:26:24
Michael Mastrodomenico,Notre Dame,4,11,15,-4,55,37000.0,18,0.0,1.0,30,0.0,10:16:40
Michael Neumeier,Colgate,8,12,20,10,67,48252.0,9,0.0,0.0,35,,13:24:12
Michael Polston,Long Island,0,0,0,0,0,0.0,0,0.0,0.0,1,,00:00:00
Michael Quinn,Miami,2,10,12,-26,50,38710.0,4,0.0,0.0,34,,10:45:10
Michael Rubin,Sacred Heart,1,6,7,9,17,23717.0,10,0.0,0.0,31,,06:35:17
Michael Sacco,Army,2,9,11,-7,60,41661.0,35,204.0,269.0,38,43.12896405919662,11:34:21
Michael Schermerhorn,Notre Dame,0,0,0,-1,2,421.0,0,0.0,0.0,1,,00:07:01
Michael Suda,Cornell,0,11,11,12,38,43142.0,24,0.0,0.0,36,,11:59:02
Michael Young,Princeton,0,2,2,-1,8,4467.0,0,0.0,0.0,11,,01:14:27
Mick Frechette,Boston University,0,0,0,1,9,7768.0,8,0.0,0.0,26,,02:09:28
Mick Thompson,Harvard,14,18,32,-5,80,36532.0,2,0.0,2.0,33,0.0,10:08:52
Mickey Burns,Mercyhurst,10,11,21,-6,74,30607.0,23,32.0,32.0,32,50.0,08:30:07
Mike Brown,Lake Superior,0,2,2,4,35,29413.0,47,1.0,0.0,30,100.0,08:10:13
Mike Cataldo,Brown,1,2,3,1,19,16336.0,4,114.0,79.0,28,59.067357512953365,04:32:16
Mike Koster,Minnesota,4,16,20,9,44,42979.0,14,0.0,0.0,40,,11:56:19
Mike Murtagh,Connecticut,0,1,1,-7,33,14269.0,4,2.0,4.0,28,33.33333333333333,03:57:49
Mike Posma,Boston College,4,5,9,4,59,30254.0,16,211.0,191.0,37,52.48756218905473,08:24:14
Mikey Adamson,Sacred Heart,12,15,27,11,61,46084.0,14,0.0,0.0,37,,12:48:04
Mikhail Yegorov,Boston University,0,1,1,0,0,0.0,0,0.0,0.0,18,,00:00:00
Miles Gunty,Princeton,3,7,10,-4,35,21404.0,4,3.0,4.0,29,42.857142857142854,05:56:44
Mirko Buttazzoni,Mass.-Lowell,5,14,19,-3,72,33707.0,16,17.0,18.0,32,48.57142857142857,09:21:47
Mitch Allard,Lindenwood,1,4,5,1,34,22739.0,33,117.0,119.0,32,49.57627118644068,06:18:59
Mitch Deelstra,Robert Morris,12,5,17,-15,73,30588.0,34,49.0,96.0,35,33.793103448275865,08:29:48
Mitch Wolfe,Bemidji State,2,6,8,-8,68,46247.0,12,0.0,0.0,38,,12:50:47
Mitchell Becker,Mass.-Lowell,1,2,3,-5,10,10201.0,8,0.0,0.0,17,,02:50:01
Mitchell Day,Niagara,0,0,0,0,0,0.0,0,0.0,0.0,1,,00:00:00
Mitchell Digby,Air Force,3,4,7,6,30,24391.0,4,0.0,0.0,36,,06:46:31
Morgan Winters,New Hampshire,2,12,14,4,44,26536.0,8,20.0,16.0,26,55.55555555555556,07:22:16
Myles Hilman,Omaha,6,6,12,14,51,20691.0,4,2.0,2.0,25,50.0,05:44:51
NIck Mikan,St. Thomas,0,0,0,-2,2,1886.0,2,0.0,0.0,5,,00:31:26
Nace Langus,Augustana,6,10,16,8,44,26960.0,8,45.0,50.0,29,47.368421052631575,07:29:20
Nate Benoit,Quinnipiac,0,2,2,1,8,13396.0,4,0.0,0.0,24,,03:43:16
Nate Hanley,Union,10,18,28,-3,79,36729.0,4,205.0,229.0,35,47.235023041474655,10:12:09
Nate Morgan,Dartmouth,4,0,4,4,8,6039.0,0,0.0,2.0,17,0.0,01:40:39
Nate Schweitzer,Lake Superior,3,15,18,-9,54,40894.0,42,1.0,0.0,34,100.0,11:21:34
Nathan Airey,Minnesota,0,1,1,0,0,0.0,0,0.0,0.0,19,,00:00:00
Nathan King,Merrimack,0,2,2,-2,6,5782.0,2,0.0,0.0,11,,01:36:22
Nathan Lewis,Ohio State,2,4,6,2,26,18874.0,2,2.0,2.0,28,50.0,05:14:34
Nathan Mackie,Michigan State,0,1,1,-1,7,4176.0,6,19.0,13.0,9,59.375,01:09:36
Nathan McBrayer,Ohio State,4,6,10,9,47,46711.0,22,0.0,0.0,40,,12:58:31
Nathan Oickle,Niagara,3,6,9,9,47,32785.0,14,0.0,1.0,37,0.0,09:06:25
Nathan Rickey,Alaska,1,3,4,1,30,18122.0,6,0.0,0.0,24,,05:02:02
Nathan Sullivan,Rensselaer,2,2,4,1,8,10192.0,0,1.0,0.0,21,100.0,02:49:52
Nic Belpedio,Colgate,3,6,9,-10,27,20583.0,6,0.0,0.0,31,,05:43:03
Nic Petruolo,Holy Cross,1,7,8,13,26,27224.0,54,0.0,0.0,27,,07:33:44
Nicholas Beneteau,St. Lawrence,2,5,7,-16,42,25501.0,6,153.0,157.0,32,49.354838709677416,07:05:01
Nicholas Bevilacqua,Bentley,0,0,0,0,0,0.0,0,0.0,0.0,1,,00:00:00
Nicholas DeGraves,Penn State,4,5,9,3,28,20124.0,8,77.0,75.0,33,50.6578947368421,05:35:24
Nicholas Grabko,Alaska,0,0,0,0,0,0.0,4,0.0,0.0,20,,00:00:00
Nicholas Kempf,Notre Dame,0,0,0,0,0,0.0,0,0.0,0.0,13,,00:00:00
Nicholas Niemo,Maine,3,2,5,0,24,11923.0,21,0.0,2.0,23,0.0,03:18:43
Nicholas Trela,Long Island,1,4,5,-1,18,12009.0,21,4.0,4.0,21,50.0,03:20:09
Nicholas Wallace,American Int'l,0,0,0,0,0,64.0,0,0.0,0.0,1,,00:01:04
Nicholas Wolfenberg,Cornell,1,1,2,2,8,6082.0,2,0.0,0.0,13,,01:41:22
Nick Ahern,Vermont,0,1,1,-1,7,2368.0,0,0.0,0.0,3,,00:39:28
Nick Anderson,Mass.-Lowell,2,12,14,-1,26,38318.0,14,0.0,1.0,35,0.0,10:38:38
Nick Bernardo,Long Island,1,3,4,-2,18,19769.0,10,0.0,0.0,25,,05:29:29
Nick Bochen,Bentley,9,21,30,15,110,59207.0,31,0.0,0.0,40,,16:26:47
Nick Cafarelli,RIT,1,7,8,-6,31,25209.0,34,10.0,16.0,33,38.46153846153847,07:00:09
Nick Carabin,Connecticut,3,6,9,7,60,44065.0,16,0.0,0.0,39,,12:14:25
Nick DeSantis,Cornell,8,6,14,11,45,26660.0,24,5.0,2.0,33,71.42857142857143,07:24:20
Nick Donato,Miami,0,0,0,-8,6,11988.0,21,0.0,2.0,13,0.0,03:19:48
Nick Fascia,Penn State,0,3,3,-6,16,21960.0,13,0.0,0.0,27,,06:06:00
Nick Haas,Colgate,0,0,0,0,0,0.0,0,0.0,0.0,7,,00:00:00
Nick Marciano,Princeton,4,10,14,-5,51,36241.0,4,0.0,0.0,30,,10:04:01
Nick Michel,Minnesota,1,3,4,5,10,3785.0,17,0.0,0.0,10,,01:03:05
Nick Moldenhauer,Michigan,3,7,10,1,34,24709.0,4,16.0,10.0,29,61.53846153846154,06:51:49
Nick Nardecchia,Ferris State,2,6,8,-6,42,26900.0,14,80.0,111.0,33,41.8848167539267,07:28:20
Nick O'Hanisain,Bowling Green,0,0,0,0,1,658.0,0,0.0,0.0,4,,00:10:58
Nick Pierre,Merrimack,5,11,16,-8,94,33544.0,8,8.0,9.0,34,47.05882352941176,09:19:04
Nick Poisson,Providence,8,8,16,3,69,34775.0,16,12.0,18.0,37,40.0,09:39:35
Nick Portz,St. Cloud State,4,1,5,-11,31,22467.0,12,1.0,5.0,33,16.666666666666664,06:14:27
Nick Remissong,Air Force,4,11,15,-9,55,36945.0,14,4.0,8.0,36,33.33333333333333,10:15:45
Nick Rhéaume,Northeastern,2,2,4,-16,49,32765.0,39,8.0,9.0,37,47.05882352941176,09:06:05
Nick Ring,New Hampshire,9,11,20,-14,52,37022.0,4,198.0,239.0,35,45.30892448512586,10:17:02
Nick Roukounakis,Boston University,0,5,5,-1,14,8491.0,12,2.0,1.0,21,66.66666666666666,02:21:31
Nick Sajevic,Air Force,2,5,7,0,33,15184.0,4,44.0,50.0,20,46.808510638297875,04:13:04
Nick Strom,Rensselaer,0,1,1,0,8,5683.0,2,0.0,0.0,6,,01:34:43
Nick Traggio,Brown,1,3,4,3,36,23226.0,10,0.0,0.0,26,,06:27:06
Nick VanTassell,Massachusetts,2,2,4,-10,23,19693.0,11,3.0,4.0,37,42.857142857142854,05:28:13
Nick Williams,Michigan Tech,0,8,8,7,39,39105.0,10,1.0,0.0,34,100.0,10:51:45
Nick Young,Union,2,8,10,12,53,41671.0,18,0.0,0.0,36,,11:34:31
Nicklas Andrews,Michigan State,2,16,18,28,48,46703.0,14,0.0,0.0,37,,12:58:23
Nico DeVita,Ferris State,1,3,4,-2,39,39196.0,21,0.0,5.0,36,0.0,10:53:16
Nicolas Ardanaz,Northern Michigan,0,3,3,-8,36,29663.0,6,0.0,0.0,26,,08:14:23
Nik Armstrong-Kingkade,Bentley,12,15,27,7,90,38092.0,16,0.0,0.0,38,,10:34:52
Nik Hong,Army,11,11,22,-9,66,36920.0,10,318.0,290.0,36,52.30263157894737,10:15:20
Nikita Nikora,Dartmouth,4,26,30,-8,50,37404.0,4,7.0,7.0,33,50.0,10:23:24
Niko Jovanovic,Notre Dame,1,0,1,-6,14,5728.0,0,0.0,2.0,12,0.0,01:35:28
Niko Rexine,Colgate,5,10,15,6,39,27549.0,12,160.0,211.0,33,43.126684636118604,07:39:09
Nikolai Jenson,New Hampshire,2,4,6,0,34,39394.0,33,1.0,0.0,28,100.0,10:56:34
Nikolai Tishkevich,American Int'l,0,0,0,0,0,62.0,0,0.0,0.0,1,,00:01:02
Nils Forselius,Army,7,15,22,5,60,33658.0,18,5.0,6.0,35,45.45454545454545,09:20:58
Nils Wallstrom,Merrimack,0,0,0,0,1,0.0,2,0.0,0.0,11,,00:00:00
Noah Altman,Quinnipiac,0,0,0,0,0,0.0,0,0.0,0.0,3,,00:00:00
Noah Alvarez,Army,0,0,0,-2,2,1780.0,0,0.0,0.0,3,,00:29:40
Noah Barlage,Alaska,0,2,2,6,3,10473.0,2,0.0,0.0,15,,02:54:33
Noah Beck,Arizona State,5,28,33,12,66,50231.0,28,0.0,0.0,37,,13:57:11
Noah Carlin,Niagara,4,3,7,1,41,44472.0,18,0.0,0.0,37,,12:21:12
Noah Ellis,Omaha,1,3,4,-10,21,21153.0,8,0.0,1.0,26,0.0,05:52:33
Noah Eyre,Quinnipiac,0,0,0,0,2,1696.0,0,0.0,0.0,5,,00:28:16
Noah Giesbrecht,Rensselaer,0,1,1,0,0,0.0,0,0.0,0.0,30,,00:00:00
Noah Grannan,Penn State,0,0,0,0,0,0.0,0,0.0,0.0,3,,00:00:00
Noah Hackett,Niagara,11,7,18,-1,89,24766.0,10,11.0,9.0,36,55.00000000000001,06:52:46
Noah Houle,Lindenwood,4,12,16,7,57,34543.0,26,1.0,1.0,32,50.0,09:35:43
Noah Laba,Colorado College,10,16,26,10,61,32710.0,25,279.0,208.0,29,57.28952772073922,09:05:10
Noah Pak,Yale,0,0,0,0,0,0.0,0,0.0,0.0,8,,00:00:00
Noah Powell,Ohio State,2,3,5,0,21,12449.0,4,4.0,0.0,17,100.0,03:27:29
Noah Quinn,Bemidji State,6,2,8,2,31,17068.0,12,6.0,8.0,21,42.857142857142854,04:44:28
Noah Rupprecht,Long Island,0,1,1,0,0,0.0,0,0.0,0.0,16,,00:00:00
Noah Serdachny,American Int'l,4,12,16,-10,71,33223.0,10,72.0,81.0,37,47.05882352941176,09:13:43
Noah Wakeford,Brown,0,0,0,0,0,408.0,0,1.0,1.0,2,50.0,00:06:48
Noah West,Ferris State,0,1,1,0,0,0.0,0,0.0,0.0,35,,00:00:00
Noah de la Durantaye,Princeton,4,6,10,-12,56,36987.0,8,0.0,0.0,29,,10:16:27
Nolan Cunningham,Air Force,5,13,18,-15,84,52967.0,26,0.0,0.0,40,,14:42:47
Nolan Gagnon,Alaska-Anchorage,0,2,2,-1,20,19504.0,4,0.0,1.0,20,0.0,05:25:04
Nolan Hayes,Northeastern,0,0,0,0,1,1631.0,2,0.0,0.0,5,,00:27:11
Nolan Joyce,Boston College,0,0,0,2,12,8522.0,4,0.0,0.0,17,,02:22:02
Nolan Krenzen,Omaha,0,11,11,5,38,46878.0,18,0.0,0.0,36,,13:01:18
Nolan Renwick,Maine,9,15,24,25,68,39987.0,22,392.0,304.0,38,56.32183908045977,11:06:27
Oak MacLeod,St. Lawrence,0,0,0,0,4,2488.0,0,0.0,0.0,4,,00:41:28
Ocean Wallace,St. Cloud State,0,0,0,0,0,1148.0,4,0.0,0.0,2,,00:19:08
Oliver Bezick,Michigan Tech,0,0,0,0,0,1090.0,0,0.0,0.0,5,,00:18:10
Oliver Flynn,Connecticut,1,0,1,1,6,3645.0,2,0.0,2.0,8,0.0,01:00:45
Oliver Moberg,Clarkson,0,0,0,0,8,7228.0,6,41.0,59.0,13,41.0,02:00:28
Oliver Moore,Minnesota,12,21,33,13,108,40685.0,6,355.0,319.0,38,52.6706231454006,11:18:05
Oliver Salo,Bentley,2,4,6,3,37,21505.0,8,1.0,0.0,31,100.0,05:58:25
Oliver Tarr,Canisius,8,7,15,-6,71,25205.0,8,0.0,5.0,30,0.0,07:00:05
Ondrej Psenicka,Cornell,9,13,22,9,56,31331.0,10,15.0,13.0,30,53.57142857142857,08:42:11
Onni Leppänen,Long Island,6,9,15,-5,27,16031.0,2,0.0,1.0,19,0.0,04:27:11
Oscar Geschwind,American Int'l,5,7,12,-3,55,31563.0,4,15.0,24.0,36,38.46153846153847,08:46:03
Oskar Bakkevig,Bentley,10,6,16,3,59,24381.0,29,83.0,76.0,28,52.20125786163522,06:46:21
Oskar Jellvik,Boston College,4,9,13,6,39,23275.0,10,24.0,46.0,23,34.285714285714285,06:27:55
Oskar Komarov,Maine,2,5,7,3,48,23741.0,4,99.0,119.0,37,45.412844036697244,06:35:41
Oskari Vuorio,Dartmouth,1,0,1,2,3,1066.0,0,0.0,0.0,4,,00:17:46
Owen Baker,Michigan Tech,3,2,5,-8,42,20349.0,2,24.0,25.0,33,48.97959183673469,05:39:09
Owen Bartoszkiewicz,Lindenwood,0,0,0,0,0,0.0,4,0.0,0.0,29,,00:00:00
Owen Baumgartner,Augustana,2,9,11,4,46,21167.0,21,0.0,0.0,21,,05:52:47
Owen Beckner,Colorado College,7,20,27,8,48,34249.0,4,117.0,108.0,37,52.0,09:30:49
Owen Bohn,Augustana,6,6,12,1,37,18747.0,8,3.0,5.0,23,37.5,05:12:27
Owen Cole,Mass.-Lowell,8,12,20,1,73,41241.0,6,261.0,276.0,36,48.60335195530726,11:27:21
Owen Dubois,Air Force,3,3,6,-9,36,31874.0,23,182.0,163.0,34,52.7536231884058,08:51:14
Owen Forester,Yale,0,0,0,-3,2,1302.0,0,0.0,0.0,2,,00:21:42
Owen Fowler,Maine,10,10,20,5,87,38200.0,16,44.0,71.0,38,38.26086956521739,10:36:40
Owen Gallatin,Minnesota-Duluth,4,11,15,-8,78,48734.0,15,0.0,0.0,36,,13:32:14
Owen Kim,Holy Cross,3,4,7,-3,45,20632.0,39,19.0,12.0,26,61.29032258064516,05:43:52
Owen Lindmark,Wisconsin,5,4,9,-13,54,35571.0,12,363.0,238.0,37,60.39933444259567,09:52:51
Owen McLaughlin,North Dakota,5,25,30,3,72,39768.0,6,20.0,30.0,38,40.0,11:02:48
Owen Mehlenbacher,Wisconsin,4,2,6,-2,33,13804.0,2,54.0,46.0,25,54.0,03:50:04
Owen Michaels,Western Michigan,18,18,36,27,105,46541.0,6,318.0,291.0,42,52.21674876847291,12:55:41
Owen Murray,Massachusetts,5,9,14,5,73,53143.0,16,0.0,0.0,40,,14:45:43
Owen Neuharth,Colgate,3,6,9,3,18,17870.0,8,35.0,64.0,29,35.35353535353536,04:57:50
Owen Nolan,Army,0,0,0,-2,6,7053.0,10,0.0,0.0,8,,01:57:33
Owen Ozar,Bowling Green,1,0,1,-2,18,8043.0,2,2.0,0.0,15,100.0,02:14:03
Owen Say,Notre Dame,0,0,0,0,0,0.0,0,0.0,0.0,27,,00:00:00
Owen Simpson,Connecticut,0,2,2,2,4,2607.0,0,0.0,0.0,5,,00:43:27
Owen West,Michigan State,0,3,3,9,33,24337.0,20,0.0,0.0,34,,06:45:37
Parker Lindauer,Union,3,11,14,-3,54,36563.0,10,167.0,148.0,34,53.01587301587302,10:09:23
Parker Murray,Cornell,0,0,0,0,1,1438.0,2,0.0,0.0,4,,00:23:58
Pat Lawn,Bentley,0,0,0,2,2,3730.0,2,0.0,0.0,8,,01:02:10
Pat Reilly,Princeton,0,0,0,-1,2,3303.0,2,0.0,0.0,9,,00:55:03
Patrick Geary,Michigan State,1,6,7,4,52,41569.0,43,0.0,0.0,37,,11:32:49
Patrick Guzzo,Ohio State,9,7,16,8,60,36516.0,8,308.0,314.0,36,49.51768488745981,10:08:36
Patrick Johnson,Robert Morris,3,5,8,-5,39,27868.0,24,208.0,209.0,34,49.88009592326139,07:44:28
Patrick Schmiedlin,Lindenwood,5,4,9,6,22,11752.0,4,5.0,4.0,14,55.55555555555556,03:15:52
Patrik Satosaari,Bemidji State,3,7,10,-8,23,28402.0,4,0.0,0.0,30,,07:53:22
Patriks Berzins,Maine,0,0,0,0,0,0.0,0,0.0,0.0,2,,00:00:00
Paul Fischer,Notre Dame,2,19,21,-19,58,46316.0,16,1.0,0.0,36,100.0,12:51:56
Paul Minnehan,Sacred Heart,1,3,4,0,13,8574.0,2,1.0,1.0,14,50.0,02:22:54
Pavol Funtek,Alaska-Anchorage,1,1,2,-2,5,12403.0,6,0.0,0.0,17,,03:26:43
Payton Matsui,Augustana,8,13,21,17,76,40703.0,2,186.0,222.0,34,45.588235294117645,11:18:23
Peter Kramer,Bentley,0,4,4,2,25,11629.0,8,0.0,0.0,22,,03:13:49
Peter LaJoy,Denver,0,0,0,0,1,41.0,2,0.0,0.0,5,,00:00:41
Petter Wickström Stumer,Canisius,0,0,0,0,0,0.0,0,0.0,0.0,15,,00:00:00
Peyton Grainer,American Int'l,0,0,0,0,0,0.0,0,0.0,0.0,12,,00:00:00
Peyton Platter,Alaska,2,11,13,-6,61,36371.0,24,91.0,144.0,32,38.72340425531915,10:06:11
Philip Fankl,Michigan Tech,1,0,1,-4,23,8812.0,0,27.0,32.0,23,45.76271186440678,02:26:52
Philip Svedebäck,Providence,0,2,2,0,0,0.0,0,0.0,0.0,26,,00:00:00
Philip Tresca,Harvard,4,8,12,1,45,30887.0,6,104.0,128.0,31,44.827586206896555,08:34:47
Philip Törnqvist,Vermont,2,6,8,-7,27,38642.0,4,0.0,0.0,33,,10:44:02
Philippe Blais-Savoie,Colorado College,4,11,15,4,61,30527.0,10,0.0,0.0,30,,08:28:47
Philippe Chapleau,St. Lawrence,3,8,11,-17,29,47829.0,12,0.0,1.0,35,0.0,13:17:09
Philippe Jacques,RIT,4,2,6,-18,40,22951.0,6,131.0,157.0,34,45.48611111111111,06:22:31
Philippe Lapointe,Michigan,6,6,12,3,30,24548.0,10,2.0,5.0,34,28.57142857142857,06:49:08
Pierce Charleson,Niagara,0,0,0,0,0,0.0,0,0.0,0.0,34,,00:00:00
Pierce Patterson,Army,2,7,9,-3,43,32945.0,12,0.0,0.0,38,,09:09:05
Pierson Brandon,Mass.-Lowell,6,2,8,-1,54,36649.0,16,1.0,1.0,34,50.0,10:10:49
Porter Schachle,Alaska-Anchorage,4,1,5,-4,37,17530.0,20,47.0,58.0,21,44.761904761904766,04:52:10
Quentin Sigurdson,Northeastern,0,1,1,0,0,0.0,0,0.0,0.0,6,,00:00:00
Quinn Disher,Michigan Tech,0,0,0,0,0,177.0,0,0.0,0.0,1,,00:02:57
Quinn Emerson,Bowling Green,6,8,14,6,62,29101.0,10,1.0,2.0,35,33.33333333333333,08:05:01
Quinn Finley,Wisconsin,20,20,40,-2,139,39926.0,31,2.0,11.0,37,15.384615384615385,11:05:26
Quinn Hutson,Boston University,23,27,50,17,148,39408.0,33,2.0,3.0,38,40.0,10:56:48
Quinn Rudrud,Augustana,6,3,9,-2,53,23246.0,27,4.0,4.0,32,50.0,06:27:26
Quinton Pepper,St. Thomas,1,1,2,-5,33,18990.0,4,51.0,102.0,34,33.33333333333333,05:16:30
Raimonds Vitolins,Miami,4,10,14,-13,47,28657.0,12,126.0,116.0,31,52.066115702479344,07:57:37
Rainers Darzins,Niagara,0,0,0,-2,0,998.0,0,0.0,0.0,3,,00:16:38
Rainers Rullers,Rensselaer,5,8,13,-8,37,32869.0,25,232.0,255.0,34,47.63860369609856,09:07:49
Ralfs Bergmanis,Minnesota State,3,9,12,16,33,38733.0,29,1.0,3.0,36,25.0,10:45:33
Raphael Gaughan,New Hampshire,0,0,0,0,0,0.0,0,0.0,0.0,1,,00:00:00
Rasmus Larsson,Northern Michigan,3,0,3,-9,34,27174.0,14,0.0,0.0,29,,07:32:54
Ray Christy,St. Thomas,0,0,0,-9,4,11069.0,8,8.0,25.0,21,24.242424242424242,03:04:29
Ray Fust,Clarkson,2,2,4,-3,17,12845.0,2,0.0,1.0,19,0.0,03:34:05
Ray Murakami,Niagara,2,2,4,6,12,9908.0,2,0.0,0.0,17,,02:45:08
Raythan Robbins,Bemidji State,0,0,0,0,0,0.0,0,0.0,0.0,3,,00:00:00
Reagan Milburn,Lake Superior,7,5,12,-5,50,19096.0,18,1.0,1.0,24,50.0,05:18:16
Red Savage,Michigan State,5,6,11,6,35,19104.0,6,96.0,91.0,20,51.33689839572193,05:18:24
Reese Laubach,Penn State,15,15,30,9,95,36739.0,59,143.0,167.0,35,46.12903225806452,10:12:19
Reid Irwin,Colgate,6,11,17,0,54,45935.0,8,0.0,0.0,32,,12:45:35
Reid Pabich,Sacred Heart,13,15,28,13,78,39365.0,18,1.0,4.0,39,20.0,10:56:05
Reilly Connors,St. Lawrence,2,7,9,-14,51,31459.0,24,274.0,279.0,35,49.54792043399638,08:44:19
Reilly Funk,Bemidji State,7,16,23,1,77,32891.0,21,183.0,238.0,36,43.46793349168646,09:08:11
Remington Keopple,Cornell,0,1,1,0,0,0.0,0,0.0,0.0,5,,00:00:00
Ren Morque,Air Force,0,7,7,9,44,37275.0,2,0.0,0.0,39,,10:21:15
Rhett Pitlick,Minnesota State,13,27,40,32,96,43380.0,14,0.0,1.0,39,0.0,12:03:00
Rhys Bentham,Yale,1,3,4,-1,11,8892.0,2,0.0,0.0,8,,02:28:12
Rhys Chiddenton,Bemidji State,0,4,4,-2,30,10278.0,4,0.0,0.0,17,,02:51:18
Rico DiMatteo,New Hampshire,0,0,0,0,0,0.0,0,0.0,0.0,8,,00:00:00
Rieger Lorenz,Denver,6,14,20,14,86,47003.0,18,11.0,11.0,44,50.0,13:03:23
Rihards Simanovics,Miami,1,3,4,-15,26,31379.0,10,1.0,0.0,34,100.0,08:42:59
Riley Bodnarchuk,Minnesota-Duluth,0,0,0,1,2,4681.0,6,0.0,0.0,13,,01:18:01
Riley Brueck,Union,3,7,10,-1,31,29158.0,6,1.0,1.0,33,50.0,08:05:58
Riley Fitzgerald,Mercyhurst,7,7,14,-17,48,27195.0,6,41.0,62.0,33,39.80582524271845,07:33:15
Riley Rosenthal,Stonehill,0,0,0,-2,1,2220.0,0,0.0,0.0,3,,00:37:00
Riley Stuart,Colorado College,1,0,1,-7,20,10938.0,36,21.0,29.0,21,42.0,03:02:18
Riley Thompson,Ohio State,17,16,33,12,123,44716.0,32,327.0,408.0,40,44.48979591836735,12:25:16
Riley Wallack,Long Island,6,5,11,4,31,13334.0,8,143.0,122.0,14,53.9622641509434,03:42:14
Roan Clarke,Dartmouth,0,0,0,0,0,0.0,0,0.0,0.0,17,,00:00:00
Robby Drazner,Western Michigan,5,9,14,18,33,47316.0,6,0.0,0.0,42,,13:08:36
Robby Newton,Colgate,3,6,9,7,29,15907.0,8,56.0,99.0,25,36.12903225806451,04:25:07
Robert Cronin,New Hampshire,17,11,28,-5,57,33460.0,20,186.0,191.0,35,49.3368700265252,09:17:40
Robert Kincaid,Canisius,2,4,6,-6,38,27019.0,0,0.0,0.0,24,,07:30:19
Ronan O'Donnell,Yale,11,9,20,-10,68,28015.0,31,7.0,6.0,29,53.84615384615385,07:46:55
Ronan Walsh,New Hampshire,0,0,0,2,2,3579.0,15,0.0,0.0,15,,00:59:39
Rorke Applebee,Lake Superior,0,0,0,0,0,0.0,2,0.0,0.0,31,,00:00:00
Ross Mitton,Maine,4,7,11,10,51,27350.0,38,3.0,5.0,32,37.5,07:35:50
Ross Roloson,Niagara,3,11,14,4,64,51758.0,6,0.0,0.0,37,,14:22:38
Ryan Alexander,Arizona State,3,5,8,11,43,21951.0,6,29.0,21.0,31,57.99999999999999,06:05:51
Ryan Beck,Colorado College,0,7,7,-13,28,19891.0,8,18.0,10.0,27,64.28571428571429,05:31:31
Ryan Botterill,Wisconsin,4,3,7,-12,56,22795.0,2,0.0,0.0,31,,06:19:55
Ryan Bottrill,Clarkson,8,11,19,5,56,36444.0,26,117.0,154.0,39,43.17343173431734,10:07:24
Ryan Buckley,Holy Cross,0,1,1,3,6,4199.0,4,0.0,0.0,14,,01:09:59
Ryan Chesley,Minnesota,8,12,20,17,97,49622.0,48,0.0,0.0,40,,13:47:02
Ryan Conmy,New Hampshire,15,18,33,-1,124,40186.0,6,0.0,0.0,34,,11:09:46
Ryan Coughlin,Mercyhurst,5,10,15,-14,46,31630.0,12,112.0,200.0,35,35.8974358974359,08:47:10
Ryan Davies,Stonehill,0,0,0,-3,1,5240.0,2,0.0,0.0,6,,01:27:20
Ryan Duguay,Northern Michigan,6,2,8,-9,26,18771.0,4,1.0,1.0,24,50.0,05:12:51
Ryan Fine,Harvard,1,4,5,-9,30,20789.0,2,5.0,7.0,24,41.66666666666667,05:46:29
Ryan Forberg,Lindenwood,0,2,2,-2,7,4682.0,2,5.0,1.0,9,83.33333333333334,01:18:02
Ryan Gillespie,Canisius,0,0,0,0,2,583.0,0,0.0,0.0,1,,00:09:43
Ryan Gordon,Ohio State,5,8,13,-1,47,28994.0,27,203.0,187.0,39,52.05128205128206,08:03:14
Ryan Greene,Boston University,13,25,38,6,88,48298.0,18,353.0,329.0,40,51.759530791788855,13:24:58
Ryan Healey,Harvard,4,9,13,-4,65,35111.0,12,0.0,0.0,33,,09:45:11
Ryan Helliwell,Notre Dame,1,6,7,1,22,42077.0,39,1.0,2.0,37,33.33333333333333,11:41:17
Ryan Henderson,Bemidji State,0,0,0,-3,3,3318.0,2,0.0,0.0,7,,00:55:18
Ryan Johnson,Alaska-Anchorage,11,14,25,-13,107,35115.0,6,14.0,21.0,33,40.0,09:45:15
Ryan Keyes,Merrimack,0,0,0,0,0,0.0,0,0.0,0.0,5,,00:00:00
Ryan Kirwan,Arizona State,26,13,39,6,178,36255.0,6,1.0,2.0,37,33.33333333333333,10:04:15
Ryan Koering,Colorado College,1,2,3,-7,34,27829.0,2,0.0,0.0,30,,07:43:49
Ryan Lautenbach,Massachusetts,6,15,21,5,71,37862.0,19,13.0,8.0,40,61.904761904761905,10:31:02
Ryan Leonard,Boston College,30,19,49,30,191,45064.0,46,108.0,138.0,37,43.90243902439025,12:31:04
Ryan MacPherson,New Hampshire,1,1,2,1,7,8107.0,2,11.0,12.0,18,47.82608695652174,02:15:07
Ryan Mansfield,Bentley,8,10,18,7,65,31102.0,4,108.0,114.0,31,48.64864864864865,08:38:22
Ryan Manzella,Michigan Tech,0,0,0,0,0,0.0,0,0.0,0.0,15,,00:00:00
Ryan McGuire,Northeastern,4,3,7,-9,58,37067.0,14,381.0,282.0,37,57.466063348416284,10:17:47
Ryan Nause,Bentley,0,0,0,-2,9,5788.0,6,0.0,0.0,19,,01:36:28
Ryan O'Connell,Merrimack,1,7,8,-5,35,18250.0,18,0.0,3.0,28,0.0,05:04:10
Ryan O'Hara,Bowling Green,11,22,33,5,138,40943.0,16,82.0,59.0,36,58.156028368794324,11:22:23
Ryan O'Neill,St. Thomas,6,15,21,-9,58,35144.0,20,2.0,2.0,38,50.0,09:45:44
Ryan O'Reilly,Providence,6,3,9,10,40,16530.0,6,3.0,4.0,26,42.857142857142854,04:35:30
Ryan Ouellette,Northern Michigan,0,1,1,0,1,0.0,0,0.0,0.0,32,,00:00:00
Ryan Richardson,Clarkson,11,19,30,15,86,41110.0,16,38.0,56.0,38,40.42553191489361,11:25:10
Ryan Rosborough,St. Cloud State,1,0,1,-7,36,21699.0,4,90.0,137.0,28,39.647577092511014,06:01:39
Ryan Shostak,Brown,3,3,6,-2,26,29405.0,14,159.0,209.0,32,43.20652173913043,08:10:05
Ryan Smith,Quinnipiac,2,3,5,-10,31,21756.0,21,71.0,60.0,34,54.19847328244275,06:02:36
Ryan Spinale,Colgate,4,2,6,-14,31,21523.0,69,5.0,12.0,34,29.411764705882355,05:58:43
Ryan St. Louis,Brown,11,18,29,0,48,29104.0,2,3.0,2.0,23,60.0,08:05:04
Ryan Sullivan,Colgate,5,10,15,1,44,22769.0,20,117.0,122.0,23,48.95397489539749,06:19:29
Ryan Sullivan,Miami,6,4,10,-11,41,32362.0,8,216.0,221.0,34,49.4279176201373,08:59:22
Ryan Tattle,Connecticut,18,14,32,10,118,42980.0,22,318.0,280.0,39,53.17725752508361,11:56:20
Ryan Taylor,Clarkson,3,7,10,-9,52,26742.0,4,6.0,4.0,31,60.0,07:25:42
Ryan Upson,Bentley,1,12,13,14,32,26697.0,6,5.0,5.0,33,50.0,07:24:57
Ryan Walsh,Cornell,17,14,31,14,96,44163.0,21,419.0,330.0,36,55.941255006675576,12:16:03
Ryan Williams,RIT,0,1,1,-10,18,20135.0,8,0.0,0.0,29,,05:35:35
Ryder Donovan,St. Thomas,0,2,2,-1,21,16564.0,24,18.0,36.0,24,33.33333333333333,04:36:04
Ryder Matter,Michigan Tech,2,1,3,-2,16,12483.0,4,91.0,85.0,19,51.70454545454546,03:28:03
Rylan Brown,Michigan Tech,3,15,18,-2,56,39310.0,14,0.0,0.0,36,,10:55:10
Ryland Mosley,Wisconsin,18,19,37,-2,117,38312.0,21,12.0,11.0,37,52.17391304347826,10:38:32
Rylee Hlusiak,Sacred Heart,1,1,2,-1,10,5884.0,0,1.0,2.0,14,33.33333333333333,01:38:04
Sacha Boisvert,North Dakota,18,14,32,-4,94,35965.0,20,135.0,162.0,37,45.45454545454545,09:59:25
Salvatore Guzzo,Harvard,3,0,3,-3,21,14072.0,8,0.0,0.0,21,,03:54:32
Sam Court,Arizona State,3,8,11,1,66,35992.0,16,0.0,0.0,36,,09:59:52
Sam Deckhut,Ohio State,6,8,14,7,40,28988.0,10,80.0,112.0,37,41.66666666666667,08:03:08
Sam Duerr,Bentley,8,7,15,8,80,42073.0,12,0.0,0.0,37,,11:41:13
Sam Groebner,Army,2,7,9,4,25,41209.0,14,0.0,0.0,38,,11:26:49
Sam Hall,St. Lawrence,0,2,2,-9,15,16329.0,8,0.0,0.0,24,,04:32:09
Sam Harris,Denver,23,12,35,14,126,40740.0,42,3.0,14.0,43,17.647058823529413,11:19:00
Sam Jacobs,Air Force,1,2,3,1,18,10995.0,2,0.0,0.0,17,,03:03:15
Sam Rinzel,Minnesota,10,22,32,20,95,55582.0,12,0.0,0.0,40,,15:26:22
Sam Stange,Omaha,16,18,34,14,82,37781.0,20,4.0,9.0,36,30.76923076923077,10:29:41
Sam Stitz,Air Force,8,8,16,2,63,29390.0,8,3.0,2.0,39,60.0,08:09:50
Samo Meritähti,Providence,0,0,0,0,0,11.0,0,0.0,0.0,1,,00:00:11
Samu Salminen,Denver,10,18,28,21,59,39620.0,24,325.0,261.0,44,55.460750853242324,11:00:20
Samuel Sjolund,Western Michigan,4,25,29,19,66,55202.0,18,0.0,0.0,42,,15:20:02
Sascha Boumedienne,Boston University,3,10,13,8,33,45213.0,33,0.0,0.0,40,,12:33:33
Sasha Teleguine,Lake Superior,14,5,19,-4,81,32840.0,34,0.0,4.0,32,0.0,09:07:20
Sawyer Scholl,Wisconsin,3,6,9,3,50,23440.0,26,100.0,102.0,34,49.504950495049506,06:30:40
Scout Truman,Mass.-Lowell,10,8,18,-3,90,35200.0,52,1.0,8.0,36,11.11111111111111,09:46:40
Seamus Powell,Merrimack,5,16,21,-8,68,45199.0,2,0.0,0.0,35,,12:33:19
Sean Chisholm,Dartmouth,15,12,27,4,82,37183.0,12,300.0,284.0,33,51.369863013698634,10:19:43
Sean Donaldson,Cornell,0,0,0,-7,15,8159.0,19,0.0,1.0,16,0.0,02:15:59
Sean James,Mercyhurst,3,8,11,-10,57,33314.0,10,0.0,0.0,34,,09:15:14
Sean Keohane,Harvard,0,2,2,-3,7,8167.0,12,0.0,0.0,11,,02:16:07
Sean Kilcullen,Mass.-Lowell,0,0,0,-1,2,2833.0,0,0.0,1.0,8,0.0,00:47:13
Sean Vlasich,Army,0,5,5,1,47,26552.0,6,0.0,0.0,33,,07:22:32
Sebastian Törnqvist,Vermont,1,17,18,-9,58,31909.0,46,0.0,0.0,31,,08:51:49
Seiya Tanaka-Campbell,Yale,0,0,0,-7,3,7144.0,4,7.0,8.0,20,46.666666666666664,01:59:04
Seth Bernard-Docker,Bentley,0,0,0,-2,5,4869.0,0,0.0,0.0,8,,01:21:09
Seth Constance,Northeastern,0,1,1,-4,7,15732.0,4,0.0,0.0,36,,04:22:12
Seth Fyten,Bowling Green,1,4,5,-3,29,23234.0,22,0.0,1.0,30,0.0,06:27:14
Shane Lachance,Boston University,12,18,30,0,125,42928.0,28,108.0,99.0,40,52.17391304347826,11:55:28
Shane Ott,Niagara,9,25,34,6,101,45519.0,10,6.0,6.0,35,50.0,12:38:39
Shane Vansaghi,Michigan State,6,10,16,10,55,26673.0,30,16.0,17.0,37,48.484848484848484,07:24:33
Shawn O'Donnell,Clarkson,1,3,4,-3,20,23963.0,16,6.0,12.0,39,33.33333333333333,06:39:23
Shawn Ramsey,Lindenwood,0,0,0,-10,13,12049.0,10,0.0,0.0,18,,03:20:49
Simon Bucheler,Mercyhurst,0,0,0,0,0,0.0,2,0.0,0.0,11,,00:00:00
Simon Falk,Augustana,5,11,16,13,43,21863.0,2,1.0,6.0,32,14.285714285714285,06:04:23
Simon Isabelle,RIT,7,7,14,-2,48,40556.0,12,390.0,294.0,35,57.01754385964912,11:15:56
Simon Jellus,Vermont,9,12,21,-2,74,35194.0,14,45.0,47.0,35,48.91304347826087,09:46:34
Simon Labelle,Colgate,1,12,13,1,45,27102.0,8,0.0,0.0,25,,07:31:42
Simon Latkoczy,Omaha,0,0,0,0,0,0.0,0,0.0,0.0,31,,00:00:00
Simon Mack,Penn State,3,27,30,23,82,58678.0,6,0.0,0.0,40,,16:17:58
Simon Tassy,Wisconsin,6,5,11,-11,60,26344.0,10,4.0,5.0,31,44.44444444444444,07:19:04
Simone Dadiè,Colgate,5,2,7,-2,30,17934.0,8,2.0,3.0,31,40.0,04:58:54
Sixen Jennersjö,Long Island,1,2,3,-4,15,8832.0,4,1.0,1.0,15,50.0,02:27:12
Spence Evans,Brown,0,0,0,0,3,5314.0,2,0.0,0.0,13,,01:28:34
Spencer Bell,St. Lawrence,3,1,4,-5,39,20491.0,20,5.0,4.0,32,55.55555555555556,05:41:31
Spencer Cox,Miami,1,3,4,-16,21,18455.0,19,1.0,1.0,20,50.0,05:07:35
Spencer Marquis,Merrimack,0,0,0,0,0,0.0,0,0.0,0.0,1,,00:00:00
Spencer Smith,Mercyhurst,1,3,4,-13,19,22908.0,6,138.0,175.0,32,44.08945686900959,06:21:48
Spencer Young,Niagara,7,5,12,5,48,23975.0,19,109.0,110.0,34,49.77168949771689,06:39:35
Stanley Cooley,Colorado College,6,6,12,-17,72,32787.0,28,280.0,243.0,37,53.53728489483748,09:06:27
Stefan Owens,Mass.-Lowell,2,0,2,-4,29,18644.0,0,74.0,103.0,26,41.80790960451977,05:10:44
Stefano Bottini,Canisius,3,1,4,-4,35,23018.0,23,2.0,6.0,33,25.0,06:23:38
Stephen Castagna,Bentley,5,20,25,7,96,47388.0,19,30.0,51.0,40,37.03703703703704,13:09:48
Stephen Willey,Army,0,2,2,0,5,3010.0,0,0.0,0.0,6,,00:50:10
Steven Agriogianis,Mercyhurst,8,13,21,-22,55,35236.0,8,296.0,333.0,34,47.05882352941176,09:47:16
Steven Bellini,Minnesota State,1,5,6,5,21,25882.0,4,0.0,0.0,33,,07:11:22
Steven Townley,Dartmouth,4,4,8,11,28,30450.0,2,272.0,248.0,33,52.307692307692314,08:27:30
Stiven Sardarian,Michigan Tech,11,24,35,3,93,40457.0,51,1.0,7.0,35,12.5,11:14:17
Sullivan Mack,Cornell,9,15,24,13,67,29662.0,19,6.0,8.0,32,42.857142857142854,08:14:22
Sully Scholle,Maine,3,13,16,-5,63,31537.0,8,0.0,4.0,38,0.0,08:45:37
Sutter Muzzatti,Rensselaer,2,1,3,-7,14,9998.0,8,19.0,18.0,10,51.35135135135135,02:46:38
T.J. Hughes,Michigan,15,23,38,5,116,41017.0,12,380.0,343.0,36,52.558782849239286,11:23:37
T.J. Semptimphelter,North Dakota,0,0,0,0,0,0.0,16,0.0,0.0,31,,00:00:00
TJ Schweighardt,Mass.-Lowell,0,10,10,1,40,45211.0,6,0.0,0.0,36,,12:33:31
Tabor Heaslip,Connecticut,8,13,21,3,73,37474.0,22,220.0,211.0,39,51.04408352668214,10:24:34
Taige Harding,Providence,2,12,14,9,32,37492.0,46,0.0,0.0,37,,10:24:52
Talon Sigurdson,Clarkson,10,8,18,11,66,36816.0,21,20.0,40.0,39,33.33333333333333,10:13:36
Tanner Adams,Providence,11,11,22,0,79,34446.0,8,8.0,6.0,37,57.14285714285714,09:34:06
Tanner Andrew,RIT,7,9,16,-14,73,36654.0,33,6.0,28.0,34,17.647058823529413,10:10:54
Tanner Edwards,Alaska-Anchorage,3,5,8,-6,19,23402.0,58,93.0,111.0,31,45.588235294117645,06:30:02
Tanner Hartman,Brown,1,2,3,2,16,14784.0,6,0.0,1.0,23,0.0,04:06:24
Tanner Kelly,Michigan State,8,9,17,10,71,34140.0,20,29.0,17.0,37,63.04347826086957,09:29:00
Tanner Klimpke,Robert Morris,10,13,23,12,58,29520.0,6,10.0,8.0,26,55.55555555555556,08:12:00
Tanner Komzak,North Dakota,0,0,0,4,7,6104.0,4,0.0,0.0,17,,01:41:44
Tanner Latsch,Northern Michigan,5,2,7,-12,64,19798.0,6,3.0,1.0,22,75.0,05:29:58
Tanner Ludtke,Omaha,1,1,2,-1,21,8860.0,2,6.0,2.0,9,75.0,02:27:40
Tanner Main,Bentley,2,7,9,11,38,41589.0,18,0.0,0.0,35,,11:33:09
Tanner Rowe,Michigan,0,0,0,-5,13,8729.0,4,5.0,15.0,20,25.0,02:25:29
Tanner Willick,American Int'l,0,0,0,-2,5,3510.0,2,0.0,0.0,7,,00:58:30
Tanyon Bajzer,Miami,0,0,0,-5,5,6425.0,0,1.0,1.0,14,50.0,01:47:05
Tate Taylor,Clarkson,3,13,16,5,51,38114.0,10,0.0,0.0,33,,10:35:14
Taylor Makar,Maine,18,12,30,24,100,39758.0,47,13.0,16.0,38,44.827586206896555,11:02:38
Teddy Lagerbäck,Stonehill,5,3,8,2,46,14224.0,4,6.0,6.0,17,50.0,03:57:04
Teddy Stiga,Boston College,14,16,30,12,91,37237.0,34,64.0,54.0,36,54.23728813559322,10:20:37
Teodor Forssander,Miami,0,0,0,-5,3,6914.0,0,2.0,2.0,11,50.0,01:55:14
Theo Angesved,American Int'l,1,1,2,1,8,10617.0,4,0.0,0.0,12,,02:56:57
Theo Wallberg,Ohio State,0,8,8,13,22,23575.0,10,0.0,0.0,27,,06:32:55
Thomas Daskas,Michigan,1,0,1,-4,4,6993.0,6,0.0,0.0,14,,01:56:33
Thomas Freel,Maine,11,7,18,9,87,37548.0,20,8.0,11.0,38,42.10526315789473,10:25:48
Thomas Gale,Holy Cross,0,0,0,0,0,0.0,0,0.0,0.0,39,,00:00:00
Thomas Haynes,Robert Morris,0,3,3,-1,7,9167.0,0,0.0,0.0,13,,02:32:47
Thomas Heaney,Connecticut,0,0,0,0,0,0.0,0,0.0,0.0,3,,00:00:00
Thomas Jarman,Lindenwood,0,2,2,0,2,5557.0,2,0.0,0.0,8,,01:32:37
Thomas Manty,Brown,0,1,1,0,4,2157.0,0,0.0,0.0,7,,00:35:57
Thomas Pichette,Maine,2,3,5,1,18,8976.0,0,14.0,16.0,19,46.666666666666664,02:29:36
Thomas Richter,Union,0,1,1,0,1,3132.0,0,0.0,0.0,7,,00:52:12
Thomas Sinclair,Vermont,3,5,8,-12,42,24988.0,21,176.0,169.0,33,51.01449275362319,06:56:28
Thomas Weis,Ohio State,2,5,7,8,31,25629.0,19,1.0,4.0,35,20.0,07:07:09
Thor Byfuglien,St. Cloud State,1,2,3,-13,8,17201.0,4,0.0,0.0,24,,04:46:41
Tiernan Shoudy,Michigan State,8,9,17,11,69,36558.0,24,259.0,224.0,37,53.62318840579711,10:09:18
Tim Busconi,Dartmouth,0,0,0,1,9,12639.0,4,0.0,0.0,21,,03:30:39
Tim Lovell,Michigan,0,2,2,2,10,10931.0,8,0.0,0.0,10,,03:02:11
Tim Rego,Cornell,8,16,24,15,53,49185.0,18,1.0,1.0,36,50.0,13:39:45
Tim Washe,Western Michigan,16,22,38,22,101,46668.0,18,483.0,283.0,42,63.054830287206265,12:57:48
Timmy Delay,Boston College,0,0,0,0,0,158.0,0,0.0,0.0,1,,00:02:38
Timo Bakos,Lake Superior,10,12,22,-9,58,37000.0,6,180.0,172.0,34,51.13636363636363,10:16:40
Timofei Khokhlachev,American Int'l,8,10,18,5,47,24149.0,50,4.0,5.0,32,44.44444444444444,06:42:29
Timofei Spitserov,Vermont,12,6,18,4,71,29798.0,4,0.0,0.0,33,,08:16:38
Timothy Heinke,Holy Cross,12,7,19,1,103,34590.0,24,1.0,8.0,39,11.11111111111111,09:36:30
Tobias Abrahamsson,St. Thomas,0,0,0,0,4,13934.0,17,0.0,0.0,18,,03:52:14
Tobias Larsen,American Int'l,0,2,2,-1,14,10988.0,10,0.0,0.0,18,,03:03:08
Tom Gangl,Robert Morris,0,1,1,1,2,1780.0,0,0.0,0.0,4,,00:29:40
Tom Leppa,Michigan Tech,2,3,5,2,17,14466.0,6,111.0,107.0,16,50.917431192660544,04:01:06
Tom Messineo,Connecticut,1,8,9,19,42,45512.0,20,0.0,0.0,39,,12:38:32
Tom Willander,Boston University,2,22,24,19,47,54089.0,8,0.0,0.0,39,,15:01:29
Tomas Machu,Providence,2,4,6,2,23,31755.0,27,0.0,0.0,30,,08:49:15
Tommi Männistö,Michigan State,3,8,11,13,67,30748.0,6,0.0,1.0,37,0.0,08:32:28
Tommy Bergsland,Colgate,4,20,24,9,51,53100.0,10,0.0,0.0,36,,14:45:00
Tommy Lyons,Harvard,0,2,2,0,7,8134.0,0,16.0,17.0,13,48.484848484848484,02:15:34
Tommy Middleton,Colorado College,1,4,5,-7,19,13752.0,8,2.0,4.0,21,33.33333333333333,03:49:12
Tommy Pasanen,Bowling Green,2,3,5,1,52,36508.0,37,0.0,0.0,35,,10:08:28
Tommy Scarfone,Wisconsin,0,1,1,0,0,0.0,0,0.0,0.0,32,,00:00:00
Tomáš Mazura,St. Lawrence,1,13,14,-7,32,19912.0,4,125.0,141.0,17,46.99248120300752,05:31:52
Tony Achille,Arizona State,0,0,0,-4,6,5656.0,2,0.0,1.0,15,0.0,01:34:16
Tony Andreozzi,Brown,1,6,7,-3,37,36307.0,6,0.0,0.0,32,,10:05:07
Tony Follmer,Bemidji State,2,5,7,-9,28,39491.0,16,0.0,0.0,38,,10:58:11
Tory Lund,Bemidji State,0,3,3,0,5,5048.0,0,0.0,0.0,8,,01:24:08
Tory Pitner,Denver,0,1,1,3,4,11747.0,21,0.0,1.0,40,0.0,03:15:47
Travis Shoudy,Ferris State,6,12,18,1,90,51933.0,8,3.0,7.0,36,30.0,14:25:33
Travis Treloar,Quinnipiac,16,20,36,3,100,43137.0,4,262.0,207.0,38,55.863539445628994,11:58:57
Trent Burnham,RIT,0,0,0,0,0,0.0,2,0.0,0.0,9,,00:00:00
Trent Powell,Long Island,1,8,9,-1,35,40040.0,8,0.0,0.0,32,,11:07:20
Trent Sambrook,Mercyhurst,0,11,11,-21,43,42191.0,18,0.0,0.0,35,,11:43:11
Trent Wiemken,Bemidji State,0,0,0,0,0,0.0,0,0.0,0.0,1,,00:00:00
Trent Wilson,Robert Morris,5,13,18,-4,56,33896.0,18,315.0,278.0,35,53.119730185497474,09:24:56
Trenton Penner,Alaska,0,1,1,-2,5,4699.0,4,19.0,21.0,10,47.5,01:18:19
Trevor Connelly,Providence,4,9,13,-13,63,25548.0,29,2.0,4.0,23,33.33333333333333,07:05:48
Trevor Griebel,Merrimack,1,4,5,-9,15,16386.0,19,0.0,0.0,25,,04:33:06
Trevor Hoskin,Niagara,12,27,39,7,77,39243.0,12,9.0,16.0,36,36.0,10:54:03
Trevor Kukkonen,Michigan Tech,3,7,10,-2,46,24756.0,6,2.0,2.0,35,50.0,06:52:36
Trevor Ledonne,Robert Morris,3,2,5,-4,21,17406.0,22,0.0,0.0,23,,04:50:06
Trevor Mitchell,Northern Michigan,0,1,1,-8,7,7573.0,6,0.0,0.0,14,,02:06:13
Trevor Smith,Army,0,0,0,-5,6,4620.0,0,0.0,1.0,7,0.0,01:17:00
Trevor Stachowiak,Minnesota-Duluth,0,0,0,-2,1,645.0,0,0.0,0.0,2,,00:10:45
Trevor Taulien,Ferris State,3,9,12,-11,62,43335.0,33,1.0,11.0,36,8.333333333333332,12:02:15
Trey Augustine,Michigan State,0,3,3,0,0,0.0,0,0.0,0.0,30,,00:00:00
Trey Funk,Canisius,8,9,17,-19,70,36432.0,23,267.0,355.0,37,42.92604501607717,10:07:12
Trey Scott,Connecticut,3,14,17,4,67,44637.0,8,1.0,0.0,36,100.0,12:23:57
Trey Taylor,Clarkson,9,20,29,2,105,58221.0,12,0.0,1.0,39,0.0,16:10:21
Tristan Allen,RIT,2,13,15,-22,33,35785.0,45,0.0,0.0,33,,09:56:25
Tristan Amonte,Boston University,4,2,6,-2,15,14110.0,19,5.0,6.0,38,45.45454545454545,03:55:10
Tristan Fraser,Connecticut,4,8,12,0,45,30713.0,18,29.0,31.0,39,48.333333333333336,08:31:53
Tristan Lemyre,Western Michigan,6,8,14,2,62,32806.0,16,3.0,4.0,42,42.857142857142854,09:06:46
Tristan Sarsland,Clarkson,8,15,23,14,96,56896.0,16,0.0,1.0,39,0.0,15:48:16
Tristan Zarsky,Brown,0,0,0,-1,12,14665.0,6,0.0,0.0,20,,04:04:25
Trym Lokkeberg,Dartmouth,0,3,3,2,3,11390.0,6,63.0,61.0,22,50.806451612903224,03:09:50
Tucker Hartmann,Yale,1,0,1,1,14,9141.0,2,0.0,2.0,16,0.0,02:32:21
Tucker Hodgson,Bentley,3,4,7,5,29,39011.0,22,0.0,0.0,40,,10:50:11
Tucker McRae,Dartmouth,0,1,1,-10,16,19844.0,6,0.0,0.0,26,,05:30:44
Tucker Ness,Arizona State,0,2,2,1,11,7743.0,6,0.0,0.0,21,,02:09:03
Ty Brassington,Clarkson,2,5,7,5,45,36418.0,2,0.0,0.0,38,,10:06:58
Ty Daneault,Merrimack,6,9,15,-7,61,34979.0,40,3.0,5.0,35,37.5,09:42:59
Ty Gagno,Holy Cross,4,9,13,1,53,29551.0,26,176.0,176.0,33,50.0,08:12:31
Ty Gallagher,Colorado College,9,17,26,7,110,48163.0,12,0.0,0.0,37,,13:22:43
Ty Hanson,Minnesota-Duluth,4,10,14,-8,53,39844.0,14,0.0,0.0,36,,11:04:04
Ty Henricks,Western Michigan,8,5,13,16,50,22982.0,8,2.0,2.0,41,50.0,06:23:02
Ty Hipkin,Lindenwood,4,3,7,-5,49,22450.0,14,18.0,23.0,29,43.90243902439025,06:14:10
Ty Jackson,Arizona State,8,16,24,2,54,37180.0,18,167.0,213.0,35,43.94736842105263,10:19:40
Ty Murchison,Arizona State,0,4,4,6,40,43976.0,48,0.0,1.0,37,0.0,12:12:56
Ty Naaykens,St. Lawrence,5,5,10,-9,43,26930.0,19,32.0,39.0,27,45.07042253521127,07:28:50
Ty Outen,Long Island,0,2,2,0,0,0.0,2,0.0,0.0,14,,00:00:00
Ty Whyte,RIT,2,2,4,-2,21,12592.0,26,8.0,10.0,27,44.44444444444444,03:29:52
Tyler Borgula,Quinnipiac,12,13,25,10,89,30800.0,20,2.0,1.0,38,66.66666666666666,08:33:20
Tyler Bute,Lake Superior,0,0,0,0,0,0.0,0,0.0,0.0,1,,00:00:00
Tyler Carpenter,Notre Dame,1,1,2,-14,26,19854.0,0,38.0,39.0,38,49.35064935064935,05:30:54
Tyler Catalano,Cornell,2,4,6,0,26,21910.0,26,107.0,106.0,36,50.23474178403756,06:05:10
Tyler Coffey,Colorado College,4,2,6,-3,35,14902.0,0,2.0,3.0,23,40.0,04:08:22
Tyler Cristall,St. Lawrence,8,9,17,-8,74,31682.0,12,1.0,7.0,29,12.5,08:48:02
Tyler DesRochers,Mercyhurst,5,3,8,-9,16,23821.0,16,0.0,1.0,27,0.0,06:37:01
Tyler Duke,Michigan,5,8,13,-2,37,34161.0,33,0.0,0.0,29,,09:29:21
Tyler Dunbar,Colorado College,0,1,1,1,16,10644.0,21,0.0,0.0,14,,02:57:24
Tyler Fukakusa,RIT,9,27,36,-11,63,41864.0,18,420.0,327.0,35,56.22489959839358,11:37:44
Tyler Ghirardosi,Sacred Heart,8,11,19,4,50,32800.0,12,1.0,2.0,32,33.33333333333333,09:06:40
Tyler Haskins,Minnesota State,0,0,0,0,2,3759.0,0,0.0,0.0,7,,01:02:39
Tyler Hennen,Augustana,6,7,13,11,40,21410.0,21,1.0,4.0,28,20.0,05:56:50
Tyler Hotson,Rensselaer,6,16,22,3,60,36881.0,47,5.0,7.0,35,41.66666666666667,10:14:41
Tyler Kopff,Brown,9,19,28,1,114,45168.0,12,94.0,100.0,32,48.45360824742268,12:32:48
Tyler Krivtsov,Alaska-Anchorage,0,0,0,0,0,0.0,0,0.0,0.0,18,,00:00:00
Tyler Loughman,Lindenwood,4,6,10,6,26,20305.0,4,2.0,3.0,28,40.0,05:38:25
Tyler Mahan,RIT,3,2,5,-4,35,31524.0,15,3.0,10.0,35,23.076923076923077,08:45:24
Tyler Miller,Michigan Tech,0,0,0,0,0,62.0,0,0.0,0.0,1,,00:01:02
Tyler Muszelik,Connecticut,0,2,2,0,1,0.0,0,0.0,0.0,23,,00:00:00
Tyler Nasca,Mercyhurst,1,3,4,-9,24,27115.0,4,0.0,0.0,31,,07:31:55
Tyler Paquette,Penn State,3,5,8,-11,35,27267.0,12,2.0,5.0,38,28.57142857142857,07:34:27
Tyler Procious,American Int'l,1,5,6,-8,41,32347.0,8,0.0,0.0,32,,08:59:07
Tyler Rollwagen,Omaha,3,12,15,-15,52,35962.0,26,115.0,131.0,36,46.7479674796748,09:59:22
Tyler Rubin,Princeton,2,3,5,0,26,19210.0,12,0.0,0.0,17,,05:20:10
Tyler Schleppe,Ferris State,9,9,18,-1,64,30099.0,8,251.0,232.0,29,51.96687370600414,08:21:39
Tyler Shea,Brown,0,0,0,0,0,0.0,0,0.0,0.0,6,,00:00:00
Tyler Wallace,Niagara,14,12,26,5,112,46051.0,12,478.0,396.0,37,54.69107551487414,12:47:31
Tyler Waram,Alaska,0,0,0,0,1,559.0,0,0.0,0.0,1,,00:09:19
Tyler Young,Merrimack,6,4,10,-4,55,24010.0,40,1.0,5.0,29,16.666666666666664,06:40:10
Tynan Ewart,Northern Michigan,1,10,11,-23,39,50393.0,4,0.0,0.0,34,,13:59:53
Tyson Dyck,Wisconsin,3,10,13,3,77,29258.0,10,37.0,45.0,37,45.1219512195122,08:07:38
Tyson Gross,St. Cloud State,9,16,25,-5,81,39189.0,37,337.0,281.0,36,54.53074433656958,10:53:09
Uula Ruikka,Augustana,2,6,8,5,53,28069.0,12,0.0,0.0,24,,07:47:49
Valtteri Piironen,Long Island,1,7,8,1,30,42207.0,8,0.0,1.0,32,0.0,11:43:27
Vann Yuhas,Merrimack,2,0,2,-4,8,10974.0,21,0.0,1.0,16,0.0,03:02:54
Verner Miettinen,St. Cloud State,8,13,21,-5,56,37869.0,10,296.0,247.0,36,54.51197053406999,10:31:09
Victor Czerneckianair,Quinnipiac,7,9,16,23,46,38780.0,21,336.0,257.0,38,56.66104553119731,10:46:20
Viking Gustafsson Nyberg,Connecticut,1,10,11,9,36,43806.0,27,0.0,0.0,39,,12:10:06
Viktor Hurtig,Michigan Tech,1,4,5,-7,28,38135.0,10,1.0,0.0,35,100.0,10:35:35
Ville Immonen,Bowling Green,6,10,16,-1,56,31679.0,4,264.0,244.0,36,51.96850393700787,08:47:59
Vince Corcoran,Bemidji State,1,8,9,5,39,32294.0,8,0.0,0.0,30,,08:58:14
Vincent Salice,Army,6,8,14,0,79,27935.0,6,1.0,0.0,35,100.0,07:45:35
Vinny Borgesi,Northeastern,5,17,22,1,71,53917.0,16,13.0,4.0,32,76.47058823529412,14:58:37
Vitaly Levyy,Sacred Heart,0,1,1,0,9,4339.0,2,1.0,5.0,9,16.666666666666664,01:12:19
Vladislav Lukashevich,Michigan State,1,6,7,11,26,20412.0,4,0.0,0.0,29,,05:40:12
Walter Zacher,Robert Morris,15,9,24,3,109,37185.0,21,8.0,13.0,35,38.095238095238095,10:19:45
Warren Clark,St. Cloud State,1,3,4,-2,16,10256.0,0,0.0,0.0,20,,02:50:56
Weston Knox,Wisconsin,0,3,3,1,7,7253.0,4,0.0,0.0,11,,02:00:53
Wilhelm Forsberg,American Int'l,1,5,6,0,16,13158.0,6,0.0,0.0,20,,03:39:18
Will Arquiett,St. Lawrence,4,2,6,-5,21,19907.0,10,25.0,9.0,27,73.52941176470588,05:31:47
Will Craig,Omaha,0,0,0,0,0,0.0,0,0.0,0.0,1,,00:00:00
Will Dawson,Air Force,2,8,10,0,58,24625.0,10,0.0,0.0,34,,06:50:25
Will Diamond,Northern Michigan,1,0,1,-4,13,12259.0,21,1.0,3.0,22,25.0,03:24:19
Will Elger,Providence,8,10,18,5,62,30520.0,4,3.0,8.0,36,27.27272727272727,08:28:40
Will Felicio,Michigan,2,9,11,12,15,11689.0,2,0.0,0.0,25,,03:14:49
Will Francis,Minnesota-Duluth,0,0,0,-3,4,1701.0,5,0.0,0.0,5,,00:28:21
Will Gilson,Rensselaer,8,16,24,6,95,43287.0,26,0.0,0.0,35,,12:01:27
Will Hilfiker,Alaska,0,0,0,5,1,6300.0,15,0.0,0.0,11,,01:45:00
Will Hillman,Minnesota State,3,6,9,7,56,33415.0,23,181.0,277.0,39,39.519650655021834,09:16:55
Will Horcoff,Michigan,4,6,10,-4,44,15621.0,6,3.0,5.0,18,37.5,04:20:21
Will Howard,Augustana,1,2,3,-4,26,12443.0,6,3.0,5.0,18,37.5,03:27:23
Will Hughes,Harvard,1,1,2,-7,24,21917.0,6,138.0,170.0,31,44.8051948051948,06:05:17
Will Jones,Air Force,0,0,0,1,0,765.0,0,0.0,0.0,3,,00:12:45
Will Magnuson,Bemidji State,1,4,5,-10,22,37666.0,21,0.0,0.0,35,,10:27:46
Will Margel,Mercyhurst,6,6,12,-17,49,20393.0,16,1.0,3.0,24,25.0,05:39:53
Will Richter,Yale,5,6,11,-2,41,25330.0,14,11.0,11.0,30,50.0,07:02:10
Will Schimek,Alaska-Anchorage,1,2,3,-9,32,34705.0,27,0.0,0.0,32,,09:38:25
Will Skahan,Boston College,2,5,7,6,33,20488.0,10,0.0,0.0,30,,05:41:28
Will Staring,Air Force,1,8,9,-8,81,52909.0,26,0.0,0.0,39,,14:41:49
Will Svenddal,Augustana,1,7,8,2,16,20804.0,8,0.0,0.0,33,,05:46:44
Will Traeger,Boston College,0,0,0,-1,0,1035.0,0,0.0,0.0,4,,00:17:15
Will Vote,Boston College,8,5,13,6,46,30170.0,12,5.0,19.0,37,20.833333333333336,08:22:50
Will Zapernick,Vermont,3,14,17,-11,55,35992.0,10,199.0,205.0,35,49.257425742574256,09:59:52
William Ahlrik,Lake Superior,6,6,12,1,42,26920.0,24,237.0,175.0,35,57.52427184466019,07:28:40
William Dineen,Yale,6,12,18,-1,59,33622.0,24,289.0,305.0,30,48.65319865319865,09:20:22
William Elias,Holy Cross,5,7,12,4,38,32156.0,16,0.0,0.0,32,,08:55:56
William Gramme,Wisconsin,0,0,0,0,0,0.0,0,0.0,0.0,8,,00:00:00
William Hallén,Miami,2,0,2,-4,9,6336.0,4,19.0,18.0,9,51.35135135135135,01:45:36
William Lawson-Body,Alaska,2,3,5,5,47,26190.0,2,175.0,185.0,31,48.61111111111111,07:16:30
William Smith,Ohio State,3,3,6,-2,52,34701.0,29,0.0,1.0,36,0.0,09:38:21
William Troutwine,Holy Cross,2,2,4,3,24,22695.0,0,0.0,0.0,31,,06:18:15
William Whitelaw,Michigan,11,7,18,7,97,31202.0,30,5.0,7.0,35,41.66666666666667,08:40:02
Willyam Gendron,Sacred Heart,0,0,0,0,2,1334.0,2,0.0,0.0,3,,00:22:14
Wilson Dahlheimer,Lake Superior,0,3,3,-7,20,12243.0,2,40.0,49.0,20,44.9438202247191,03:24:03
Wolfgang Govedaris,Northern Michigan,0,0,0,-9,41,24428.0,20,0.0,1.0,30,0.0,06:47:08
Wyatt Schingoethe,Western Michigan,5,6,11,10,32,13265.0,2,1.0,3.0,31,25.0,03:41:05
Wyatt Schlaht,Brown,0,0,0,-2,4,3589.0,2,1.0,1.0,11,50.0,00:59:49
Xan Gurney,Long Island,0,0,0,1,2,1020.0,15,0.0,0.0,2,,00:17:00
Xavier Henry,Vermont,4,6,10,-12,23,24393.0,10,0.0,0.0,26,,06:46:33
Xavier Jean-Louis,Ferris State,2,4,6,3,30,29344.0,14,0.0,0.0,30,,08:09:04
Xavier Lapointe,RIT,5,10,15,-5,50,30552.0,45,0.0,0.0,27,,08:29:12
Zaccharya Wisdom,Colorado College,8,13,21,3,81,33850.0,12,2.0,7.0,36,22.22222222222222,09:24:10
Zach Aben,Stonehill,3,4,7,-19,48,24926.0,10,186.0,235.0,28,44.180522565320665,06:55:26
Zach Bade,Western Michigan,0,0,0,0,1,614.0,2,0.0,0.0,2,,00:10:14
Zach Bookman,Merrimack,3,14,17,-5,50,41985.0,22,0.0,0.0,33,,11:39:45
Zach Faremouth,Ferris State,8,5,13,-7,66,31876.0,17,324.0,218.0,33,59.77859778597786,08:51:16
Zach Hahn,New Hampshire,0,0,0,0,0,272.0,0,0.0,0.0,2,,00:04:32
Zach Krajnik,Minnesota State,6,8,14,9,61,33075.0,6,2.0,8.0,39,20.0,09:11:15
Zach Michaelis,Northern Michigan,1,2,3,-13,37,20109.0,0,1.0,0.0,27,100.0,05:35:09
Zach Nehring,Western Michigan,13,17,30,18,82,40166.0,29,1.0,2.0,42,33.33333333333333,11:09:26
Zach Nicolas,Stonehill,2,4,6,-10,11,14129.0,2,64.0,98.0,18,39.50617283950617,03:55:29
Zach Plucinski,Notre Dame,0,3,3,-9,23,29233.0,18,1.0,0.0,34,100.0,08:07:13
Zach Sandy,Minnesota-Duluth,0,0,0,0,0,0.0,0,0.0,0.0,4,,00:00:00
Zach Schulz,Wisconsin,2,9,11,0,30,28929.0,10,0.0,0.0,28,,08:02:09
Zach Urdahl,Omaha,12,10,22,4,94,34119.0,6,3.0,2.0,33,60.0,09:28:39
Zach Wagnon,Yale,3,11,14,-6,45,28547.0,18,174.0,170.0,30,50.58139534883721,07:55:47
Zachary Borgiel,Providence,0,0,0,0,0,0.0,0,0.0,0.0,12,,00:00:00
Zack Sharp,Western Michigan,5,4,9,19,60,42934.0,12,0.0,0.0,42,,11:55:34
Zackary Tonelli,Brown,2,0,2,-1,25,17540.0,6,1.0,4.0,25,20.0,04:52:20
Zakary Karpa,Harvard,1,6,7,-6,32,27412.0,8,257.0,233.0,31,52.44897959183673,07:36:52
Zam Plante,Minnesota-Duluth,7,13,20,1,97,37959.0,0,213.0,177.0,33,54.61538461538461,10:32:39
Zane Demsey,Miami,1,2,3,-11,11,22029.0,40,0.0,0.0,28,,06:07:09
Zeev Buium,Denver,13,35,48,17,88,66552.0,44,0.0,0.0,41,,18:29:12
