Current Team,Last_Name,First_Name,No,Position,Pos_OVR,Pos_Prime,Pos_Second,Yr,Ht,Wt,DOB,Hometown,Height_Inches,Draft_Year,NHL_Team,D_Round,Last Team,League,City,State_Province,Country,Captaincy,Shoots
Air Force,Clafton,Carter,35,G,G,G,,,"6'2""",174.0,2002,"Grand Rapids, MN, USA",74.0,,,,,,Grand Rapids,MN,USA,,L
Air Force,Hopp,Toby,37,G,G,G,,,"6'1""",185.0,2004,"Maple Grove, MN, USA",73.0,,,,,,Maple Grove,MN,USA,,L
Air Force,Krick,Dylan,39,G,G,G,,,"6'2""",146.0,2005,"West Chester, PA, USA",74.0,,,,,,West Chester,PA,USA,,L
Air Force,Spaniol,Zane,33,G,G,G,,,"6'3""",185.0,2004,"Ham Lake, MN, USA",75.0,,,,,,Ham Lake,MN,USA,,L
Air Force,Wasik,Dominik,30,G,G,G,,,"6'1""",165.0,2002,"Superior, WI, USA",73.0,,,,,,Superior,WI,USA,,L
Air Force,Beard,Calvin,19,D,D,D,,,"6'2""",179.0,2005,"Southborough, MA, USA",74.0,,,,,,Southborough,MA,USA,,R
Air Force,Cunningham,Nolan,20,D,D,D,,,"6'2""",185.0,2001,"Great Falls, MT, USA",74.0,,,,,,Great Falls,MT,USA,,R
Air Force,Farrell,Nate,58,D,D,D,,,"6'0""",185.0,2004,"Wheaton, IL, USA",72.0,,,,,,Wheaton,IL,USA,,L
Air Force,Hedden,Chris,22,D,D,D,,,"6'0""",185.0,2002,"Kalamazoo, MI, USA",72.0,,,,,,Kalamazoo,MI,USA,,L
Air Force,Houge,Simon,6,D,D,D,,,"5'7""",172.0,2004,"Woodbury, MN, USA",67.0,,,,,,Woodbury,MN,USA,,L
Air Force,Janzig,Beau,2,D,D,D,,,"6'2""",201.0,2003,"Hermantown, MN, USA",74.0,,,,,,Hermantown,MN,USA,,R
Air Force,Jones,Will,4,D,D,D,,,"5'9""",170.0,2004,"Brentwood, TN, USA",69.0,,,,,,Brentwood,TN,USA,,R
Air Force,Morque,Ren,3,D,D,D,,,"6'1""",190.0,2003,"Grand Rapids, MN, USA",73.0,,,,,,Grand Rapids,MN,USA,,L
Air Force,Peterson,Jake,7,D,D,D,,,"6'2""",190.0,2003,"Rosemount, MN, USA",74.0,,,,,,Rosemount,MN,USA,,R
Air Force,Staring,Will,44,D,D,D,,,"6'2""",194.0,2003,"Springfield, VA, USA",74.0,,,,,,Springfield,VA,USA,,L
Air Force,Christian,Cole,8,F,F,F,,,"5'8""",154.0,2004,"Duluth, MN, USA",68.0,,,,,,Duluth,MN,USA,,L
Air Force,Dawson,Will,14,F,F,F,,,"6'0""",183.0,2003,"Traverse City, MI, USA",72.0,,,,,,Traverse City,MI,USA,,L
Air Force,DuBois,Owen,15,F,F,F,,,"6'4""",201.0,2002,"Madison, WI, USA",76.0,,,,,,Madison,WI,USA,,L
Air Force,Genest,Oli,10,F,F,F,,,"6'1""",194.0,2004,"Sanford, ME, USA",73.0,,,,,,Sanford,ME,USA,,R
Air Force,Gibbons,Brendan,64,C,F,C,,,"6'2""",205.0,2002,"South Kingstown, RI, USA",74.0,,,,,,South Kingstown,RI,USA,,R
Air Force,Jacobs,Sam,11,F,F,F,,,"6'0""",185.0,2002,"Plymouth, MN, USA",72.0,,,,,,Plymouth,MN,USA,,L
Air Force,Kadlecik,Michael,26,F,F,F,,,"6'0""",170.0,2004,"Lansing, NY, USA",72.0,,,,,,Lansing,NY,USA,,R
Air Force,McCormick,Mason,13,LW,F,LW,,,"6'4""",205.0,2001,"Verona, WI, USA",76.0,,,,,,Verona,WI,USA,,L
Air Force,Moxham,Cade,12,LW,F,LW,C,,"6'2""",201.0,2004,"Calgary, AB, CAN",74.0,,,,,,Calgary,AB,CAN,,L
Air Force,Nichol,Hayden,21,F,F,F,,,"6'1""",190.0,2003,"Rochester, NY, USA",73.0,,,,,,Rochester,NY,USA,,R
Air Force,Oliphant,Holt,18,F,F,F,,,"5'10""",190.0,2001,"Northbrook, IL, USA",70.0,,,,,,Northbrook,IL,USA,,R
Air Force,Panchisin,Charles,81,F,F,F,,,"5'10""",174.0,2004,"IL, USA",70.0,,,,,,IL,,USA,,R
Air Force,Remissong,Nicholas,48,F,F,F,,,"6'0""",185.0,2002,"Lake Forest, IL, USA",72.0,,,,,,Lake Forest,IL,USA,,L
Air Force,Sajevic,Nick,23,F,F,F,,,"5'11""",174.0,2003,"Shoreview, MN, USA",71.0,,,,,,Shoreview,MN,USA,,R
Air Force,Stitz,Samuel,27,F,F,F,,,-,,2003,"Perry Hall, MD, USA",,,,,,,Perry Hall,MD,USA,,R
Air Force,Willis,Aidan,72,F,F,F,,,"5'11""",185.0,2005,"Farmington, MN, USA",71.0,,,,,,Farmington,MN,USA,,L
Air Force,Yu,Anthony,9,F,F,F,,,"5'9""",181.0,2004,"Baldwin Park, CA, USA",69.0,,,,,,Baldwin Park,CA,USA,,R
Alaska,Brice,Zakari,31,G,G,G,,,"5'11""",181.0,2003,"Fairbanks, AK, USA",71.0,,,,,,Fairbanks,AK,USA,,L
Alaska,Lehti,Lassi,35,G,G,G,,,"6'4""",209.0,2001,"Espoo, FIN",76.0,,,,,,Espoo,,FIN,,L
Alaska,Vachon,Calvin,32,G,G,G,,,"5'11""",168.0,2005,"Redondo Beach, CA, USA",71.0,,,,,,Redondo Beach,CA,USA,,L
Alaska,Anderson,Jackson,7,D,D,D,,,"6'2""",170.0,2004,"Prior Lake, MN, USA",74.0,,,,,,Prior Lake,MN,USA,,R
Alaska,Barlage,Noah,4,D,D,D,,,"6'0""",185.0,2003,"Humboldt, SK, CAN",72.0,,,,,,Humboldt,SK,CAN,,R
Alaska,Cardona,Adam,12,D,D,D,,,"6'2""",201.0,2003,"Beaconsfield, QC, CAN",74.0,,,,,,Beaconsfield,QC,CAN,,R
Alaska,Dick,Caelum,23,D,D,D,,,"5'10""",183.0,2003,"Sherwood Park, AB, CAN",70.0,,,,,,Sherwood Park,AB,CAN,,R
Alaska,Fleet,William,5,D,D,D,,,"6'2""",205.0,2004,"Denver, CO, USA",74.0,,,,,,Denver,CO,USA,,R
Alaska,Marcil,Hugo,38,D,D,D,,,"5'10""",179.0,2004,"Bourget, ON, CAN",70.0,,,,,,Bourget,ON,CAN,,R
Alaska,Miller,Kyle,34,D,D,D,,,"5'9""",174.0,2004,"San Jose, CA, USA",69.0,,,,,,San Jose,CA,USA,,L
Alaska,Reed,Carson,2,D,D,D,,,"6'0""",194.0,2004,"Warroad, MN, USA",72.0,,,,,,Warroad,MN,USA,,L
Alaska,Rickey,Nathan,26,D,D,D,,,"6'4""",170.0,2003,"New Lenox, IL, USA",76.0,,,,,,New Lenox,IL,USA,,R
Alaska,Sorace,Lucas,27,D,D,D,,,"6'1""",181.0,2004,"Port Moody, BC, CAN",73.0,,,,,,Port Moody,BC,CAN,,L
Alaska,Ahrenholz,Cade,20,RW,F,RW,,,"6'3""",218.0,2002,"Lakeville, MN, USA",75.0,,,,,,Lakeville,MN,USA,,R
Alaska,Birnie,Braden,15,F,F,F,,,"6'3""",192.0,2001,"Weyburn, SK, CAN",75.0,,,,,,Weyburn,SK,CAN,,L
Alaska,Citara,Michael,28,RW,F,RW,,,"5'10""",161.0,2002,"New Hope, PA, USA",70.0,,,,,,New Hope,PA,USA,,R
Alaska,Courtney,Beau,29,F,F,F,,,"5'10""",179.0,2004,"Parker, CO, USA",70.0,,,,,,Parker,CO,USA,,R
Alaska,Cronin,Tommy,14,F,F,F,,,"5'10""",187.0,2004,"Edina, MN, USA",70.0,,,,,,Edina,MN,USA,,R
Alaska,Dafoe,Chase,37,F,F,F,,,"6'3""",201.0,2002,"Beverly, MA, USA",75.0,,,,,,Beverly,MA,USA,,L
Alaska,Danylov,Mykhailo,17,F,F,F,,,"5'7""",152.0,2004,"Kyiv, UKR",67.0,,,,,,Kyiv,,UKR,,L
Alaska,Kruse,Haden,11,F,F,F,,,"6'1""",172.0,2003,"Nisswa, MN, USA",73.0,,,,,,Nisswa,MN,USA,,L
Alaska,Larson,Jhett,6,F,F,F,,,"5'9""",176.0,2004,"Delisle, SK, CAN",69.0,,,,,,Delisle,SK,CAN,,L
Alaska,Lawson-Body,William,10,F,F,F,,,"5'10""",170.0,2002,"Grand Forks, ND, USA",70.0,,,,,,Grand Forks,ND,USA,,R
Alaska,Malinowski,Alexander,25,LW,F,LW,RW,,"5'11""",187.0,2001,"Linköping, SWE",71.0,,,,,,Linköping,,SWE,,L
Alaska,Nikolayenya,Fyodor,13,F,F,F,,,"5'11""",179.0,2003,"Minsk, BLR",71.0,,,,,,Minsk,,BLR,,L
Alaska,Penner,Trenton,16,F,F,F,,,"6'2""",190.0,2003,"Winkler, MB, CAN",74.0,,,,,,Winkler,MB,CAN,,L
Alaska,Platter,Peyton,24,C,F,C,LW,,"6'1""",181.0,2003,"Eau Claire, WI, USA",73.0,,,,,,Eau Claire,WI,USA,,L
Alaska,Roersma,Rylen,18,C,F,C,,,"5'11""",190.0,2004,"Lethbridge, AB, CAN",71.0,,,,,,Lethbridge,AB,CAN,,L
Alaska,Spak,Dean,9,F,F,F,,,"5'10""",181.0,2003,"Calgary, AB, CAN",70.0,,,,,,Calgary,AB,CAN,,L
Alaska,Sydor,Dylan,15,F,F,F,,,"5'10""",170.0,2003,"Kamloops, BC, CAN",70.0,,,,,,Kamloops,BC,CAN,,R
Alaska Anchorage,Krivtsov,Tyler,30,G,G,G,,,"6'2""",190.0,2003,"Santa Clarita, CA, USA",74.0,,,,,,Santa Clarita,CA,USA,,L
Alaska Anchorage,Marks,Bryant,31,G,G,G,,,"6'0""",174.0,2004,"Wasilla, AK, USA",72.0,,,,,,Wasilla,AK,USA,,L
Alaska Anchorage,Orosz,Gergely,33,G,G,G,,,"6'3""",187.0,2002,"Gyõr, HUN",75.0,,,,,,Gyõr,,HUN,,L
Alaska Anchorage,Acheson,Logan,10,D,D,D,,,"5'11""",179.0,2002,"Edmonton, AB, CAN",71.0,,,,,,Edmonton,AB,CAN,,L
Alaska Anchorage,Foglia,Dominic,15,D,D,D,,,"6'1""",190.0,2002,"Tinton Falls, NJ, USA",73.0,,,,,,Tinton Falls,NJ,USA,,L
Alaska Anchorage,Funtek,Pavol,5,D,D,D,,,"6'7""",216.0,2003,"Bratislava, SVK",79.0,,,,,,Bratislava,,SVK,,L
Alaska Anchorage,Gagnon,Nolan,19,D,D,D,,,"5'10""",174.0,2003,"Metcalfe, ON, CAN",70.0,,,,,,Metcalfe,ON,CAN,,R
Alaska Anchorage,Helgeson,Luke,13,D,D,D,,,"6'0""",205.0,2004,"Anchorage, AK, USA",72.0,,,,,,Anchorage,AK,USA,,L
Alaska Anchorage,Jesus,David,25,D,D,D,,,"6'4""",187.0,2002,"Toronto, ON, CAN",76.0,,,,,,Toronto,ON,CAN,,R
Alaska Anchorage,Ménard,Isaac,4,D,D,D,,,"5'10""",174.0,2004,"Trois-Rivières, QC, CAN",70.0,,,,,,Trois-Rivières,QC,CAN,,L
Alaska Anchorage,Potter,Joey,3,D,D,D,,,"5'11""",185.0,2003,"Los Angeles, CA, USA",71.0,,,,,,Los Angeles,CA,USA,,R
Alaska Anchorage,Steele,John-Paul,12,D,D,D,,,"6'2""",201.0,2003,"Franklin, MI, USA",74.0,,,,,,Franklin,MI,USA,,R
Alaska Anchorage,Warrener,Ethan,2,D,D,D,,,"6'1""",187.0,2003,"Calgary, AB, CAN",73.0,,,,,,Calgary,AB,CAN,,L
Alaska Anchorage,Anderson,Ben,21,F,F,F,,,"6'5""",209.0,2002,"Crystal, MN, USA",77.0,,,,,,Crystal,MN,USA,,R
Alaska Anchorage,Bajzer,Tanyon,28,RW,F,RW,,,"6'0""",185.0,2002,"Cleveland, OH, USA",72.0,,,,,,Cleveland,OH,USA,,R
Alaska Anchorage,Bartle,Henry,14,F,F,F,,,"6'2""",183.0,2003,"Blaine, MN, USA",74.0,,,,,,Blaine,MN,USA,,L
Alaska Anchorage,Cole,Conor,9,C,F,C,,,"5'10""",183.0,2001,"St. John's, NL, CAN",70.0,,,,,,St. John's,NL,CAN,,L
Alaska Anchorage,Contreras,Dylan,11,F,F,F,,,"5'7""",170.0,2003,"Yorba Linda, CA, USA",67.0,,,,,,Yorba Linda,CA,USA,,R
Alaska Anchorage,Johnson,Luke,37,LW,F,LW,C,,"5'10""",165.0,2001,"St. Cloud, MN, USA",70.0,,,,,,St. Cloud,MN,USA,,L
Alaska Anchorage,Johnson,Ryan,16,C,F,C,,,"5'10""",181.0,2003,"Calgary, AB, CAN",70.0,,,,,,Calgary,AB,CAN,,R
Alaska Anchorage,Kebreau,Dimitry,27,F,F,F,,,"5'11""",190.0,2003,"Silver Spring, MD, USA",71.0,,,,,,Silver Spring,MD,USA,,L
Alaska Anchorage,Lajoie,Brandon,6,LW,F,LW,,,"5'11""",181.0,2001,"Eagle River, AK, USA",71.0,,,,,,Eagle River,AK,USA,,L
Alaska Anchorage,Makway,Judah,18,C,F,C,,,"6'3""",190.0,2004,"Trail, BC, CAN",75.0,,,,,,Trail,BC,CAN,,L
Alaska Anchorage,McNarland,Karter,43,F,F,F,,,"5'11""",185.0,2003,"Saskatoon, SK, CAN",71.0,,,,,,Saskatoon,SK,CAN,,L
Alaska Anchorage,Monrean,Bryce,17,F,F,F,,,"6'1""",181.0,2003,"Anchorage, AK, USA",73.0,,,,,,Anchorage,AK,USA,,L
Alaska Anchorage,Parsons,Adam,20,F,F,F,,,"6'0""",170.0,2003,"Port Moody, BC, CAN",72.0,,,,,,Port Moody,BC,CAN,,-
Alaska Anchorage,Shtrom,Oren,8,F,F,F,,,"5'10""",185.0,2004,"Dollard-des-Ormeaux, QC, CAN",70.0,,,,,,Dollard-des-Ormeaux,QC,CAN,,L
Alaska Anchorage,Spencer,Tye,29,F,F,F,,,"5'8""",150.0,2004,"Saskatoon, SK, CAN",68.0,,,,,,Saskatoon,SK,CAN,,R
Alaska Anchorage,Westin,Aiden,22,F,F,F,,,"6'1""",185.0,2002,"Anchorage, AK, USA",73.0,,,,,,Anchorage,AK,USA,,R
American Intl,Clark,Chase,34,G,G,G,,,"6'6""",218.0,2002,"Williamsville, NY, USA",78.0,,,,,,Williamsville,NY,USA,,R
American Intl,Grainer,Peyton,33,G,G,G,,,"6'1""",179.0,2002,"Detroit, MI, USA",73.0,,,,,,Detroit,MI,USA,,L
American Intl,Lovullo,Joey,30,G,G,G,,,"6'0""",174.0,2004,"Amherst, NY, USA",72.0,,,,,,Amherst,NY,USA,,L
American Intl,Manji,Adam,1,G,G,G,,,"6'5""",185.0,2003,"New Westminster, BC, CAN",77.0,,,,,,New Westminster,BC,CAN,,L
American Intl,Angesved,Theo,23,D,D,D,,,"5'11""",179.0,2003,"Växjö, SWE",71.0,,,,,,Växjö,,SWE,,R
American Intl,Bamber,Brett,8,D,D,D,,,"5'10""",174.0,2001,"St. Albert, AB, CAN",70.0,,,,,,St. Albert,AB,CAN,,R
American Intl,Dangos,Blake,4,D,D,D,,,"5'10""",174.0,2002,"St. Louis, MO, USA",70.0,,,,,,St. Louis,MO,USA,,L
American Intl,Larsen,Tobias Bjercke,6,D,D,D,,,"6'2""",207.0,2004,"Oslo, NOR",74.0,,,,,,Oslo,,NOR,,L
American Intl,McCurdy,Hunter,26,D,D,D,,,"6'1""",225.0,2001,"Mokena, IL, USA",73.0,,,,,,Mokena,IL,USA,,R
American Intl,Posma,David,12,D,D,D,,,"6'0""",170.0,2003,"Pomona, NY, USA",72.0,,,,,,Pomona,NY,USA,,L
American Intl,Procious,Tyler,2,D,D,D,,,"5'10""",165.0,2003,"Pittsford, NY, USA",70.0,,,,,,Pittsford,NY,USA,,R
American Intl,Sertti,Lauri,5,D,D,D,,,"6'1""",190.0,1999,"Espoo, FIN",73.0,,,,,,Espoo,,FIN,,L
American Intl,Stella,Evan,37,D,D,D,,,"5'11""",181.0,2001,"Karlstad, SWE",71.0,,,,,,Karlstad,,SWE,C,L
American Intl,Wallace,Nicky,15,D,D,D,,,"5'8""",165.0,2003,"Atlantic Highlands, NJ, USA",68.0,,,,,,Atlantic Highlands,NJ,USA,,L
American Intl,Willick,Tanner,3,D,D,D,,,"5'9""",157.0,2003,"Saskatoon, SK, CAN",69.0,,,,,,Saskatoon,SK,CAN,,L
American Intl,Andersson,Douglas,14,LW,F,LW,,,"6'6""",209.0,2002,"Ängelholm, SWE",78.0,,,,,,Ängelholm,,SWE,,L
American Intl,Barnes,Joshua,27,C,F,C,,,"5'10""",185.0,2002,"Cornwall, ON, CAN",70.0,,,,,,Cornwall,ON,CAN,,L
American Intl,Beljo,Dario,39,C,F,C,,,"6'3""",190.0,2002,"Sudbury, ON, CAN",75.0,,,,,,Sudbury,ON,CAN,,L
American Intl,Biro,Jordan,19,C,F,C,,,"5'8""",161.0,2000,"Sherwood Park, AB, CAN",68.0,,,,,,Sherwood Park,AB,CAN,A,L
American Intl,Forsberg,Wilhelm,24,RW,F,RW,,,"6'3""",190.0,2004,"Sollentuna, SWE",75.0,,,,,,Sollentuna,,SWE,,R
American Intl,Geschwind,Oscar,17,F,F,F,,,"6'0""",196.0,2001,"Karlstad, SWE",72.0,,,,,,Karlstad,,SWE,,L
American Intl,Jones,Hunter,13,F,F,F,,,"5'10""",190.0,2002,"Andover, MN, USA",70.0,,,,,,Andover,MN,USA,,L
American Intl,Khokhlachyov,Timofei,22,LW,F,LW,,,"6'4""",216.0,2001,"Moskva, RUS",76.0,,,,,,Moskva,,RUS,A,L
American Intl,Korzhyletskyi,Danylo,16,F,F,F,,,"6'1""",185.0,2003,"Kyiv, UKR",73.0,,,,,,Kyiv,,UKR,,R
American Intl,Lindberg,Alfred,28,C,F,C,,,"5'11""",187.0,2002,"Hallsberg, SWE",71.0,,,,,,Hallsberg,,SWE,A,L
American Intl,Longhi,Hunter,9,LW,F,LW,,,"5'8""",174.0,2002,"Collinsville, IL, USA",68.0,,,,,,Collinsville,IL,USA,,L
American Intl,Lundy,John,21,F,F,F,,,"5'9""",163.0,2001,"Brooklyn, NY, USA",69.0,,,,,,Brooklyn,NY,USA,,L
American Intl,Malinowski,Alexander,25,LW,F,LW,RW,,"5'11""",187.0,2001,"Linköping, SWE",71.0,,,,,,Linköping,,SWE,A,L
American Intl,McDonald,Casey,61,F,F,F,,,"6'1""",185.0,2001,"Kindersley, SK, CAN",73.0,,,,,,Kindersley,SK,CAN,C,R
American Intl,Mexico,Justin,11,F,F,F,,,"5'10""",165.0,2003,"Madison Heights, MI, USA",70.0,,,,,,Madison Heights,MI,USA,,L
American Intl,Rylance,Brett,55,C,F,C,,,"5'9""",181.0,2001,"Edmonton, AB, CAN",69.0,,,,,,Edmonton,AB,CAN,,L
American Intl,Serdachny,Noah,29,F,F,F,,,"6'1""",190.0,2003,"Edmonton, AB, CAN",73.0,,,,,,Edmonton,AB,CAN,,R
American Intl,Weight,Danny,7,C,F,C,,,"6'0""",185.0,2001,"Edmonton, AB, CAN",72.0,,,,,,Edmonton,AB,CAN,,L
American Int'l,Clark,Chase,34,G,G,G,,,"6'6""",218.0,2002,"Williamsville, NY, USA",78.0,,,,,,Williamsville,NY,USA,,R
American Int'l,Grainer,Peyton,33,G,G,G,,,"6'1""",179.0,2002,"Detroit, MI, USA",73.0,,,,,,Detroit,MI,USA,,L
American Int'l,Lovullo,Joey,30,G,G,G,,,"6'0""",174.0,2004,"Amherst, NY, USA",72.0,,,,,,Amherst,NY,USA,,L
American Int'l,Manji,Adam,1,G,G,G,,,"6'5""",185.0,2003,"New Westminster, BC, CAN",77.0,,,,,,New Westminster,BC,CAN,,L
American Int'l,Angesved,Theo,23,D,D,D,,,"5'11""",179.0,2003,"Växjö, SWE",71.0,,,,,,Växjö,,SWE,,R
American Int'l,Bamber,Brett,8,D,D,D,,,"5'10""",174.0,2001,"St. Albert, AB, CAN",70.0,,,,,,St. Albert,AB,CAN,,R
American Int'l,Dangos,Blake,4,D,D,D,,,"5'10""",174.0,2002,"St. Louis, MO, USA",70.0,,,,,,St. Louis,MO,USA,,L
American Int'l,Larsen,Tobias Bjercke,6,D,D,D,,,"6'2""",207.0,2004,"Oslo, NOR",74.0,,,,,,Oslo,,NOR,,L
American Int'l,McCurdy,Hunter,26,D,D,D,,,"6'1""",225.0,2001,"Mokena, IL, USA",73.0,,,,,,Mokena,IL,USA,,R
American Int'l,Posma,David,12,D,D,D,,,"6'0""",170.0,2003,"Pomona, NY, USA",72.0,,,,,,Pomona,NY,USA,,L
American Int'l,Procious,Tyler,2,D,D,D,,,"5'10""",165.0,2003,"Pittsford, NY, USA",70.0,,,,,,Pittsford,NY,USA,,R
American Int'l,Sertti,Lauri,5,D,D,D,,,"6'1""",190.0,1999,"Espoo, FIN",73.0,,,,,,Espoo,,FIN,,L
American Int'l,Stella,Evan,37,D,D,D,,,"5'11""",181.0,2001,"Karlstad, SWE",71.0,,,,,,Karlstad,,SWE,C,L
American Int'l,Wallace,Nicky,15,D,D,D,,,"5'8""",165.0,2003,"Atlantic Highlands, NJ, USA",68.0,,,,,,Atlantic Highlands,NJ,USA,,L
American Int'l,Willick,Tanner,3,D,D,D,,,"5'9""",157.0,2003,"Saskatoon, SK, CAN",69.0,,,,,,Saskatoon,SK,CAN,,L
American Int'l,Andersson,Douglas,14,LW,F,LW,,,"6'6""",209.0,2002,"Ängelholm, SWE",78.0,,,,,,Ängelholm,,SWE,,L
American Int'l,Barnes,Joshua,27,C,F,C,,,"5'10""",185.0,2002,"Cornwall, ON, CAN",70.0,,,,,,Cornwall,ON,CAN,,L
American Int'l,Beljo,Dario,39,C,F,C,,,"6'3""",190.0,2002,"Sudbury, ON, CAN",75.0,,,,,,Sudbury,ON,CAN,,L
American Int'l,Biro,Jordan,19,C,F,C,,,"5'8""",161.0,2000,"Sherwood Park, AB, CAN",68.0,,,,,,Sherwood Park,AB,CAN,A,L
American Int'l,Forsberg,Wilhelm,24,RW,F,RW,,,"6'3""",190.0,2004,"Sollentuna, SWE",75.0,,,,,,Sollentuna,,SWE,,R
American Int'l,Geschwind,Oscar,17,F,F,F,,,"6'0""",196.0,2001,"Karlstad, SWE",72.0,,,,,,Karlstad,,SWE,,L
American Int'l,Jones,Hunter,13,F,F,F,,,"5'10""",190.0,2002,"Andover, MN, USA",70.0,,,,,,Andover,MN,USA,,L
American Int'l,Khokhlachyov,Timofei,22,LW,F,LW,,,"6'4""",216.0,2001,"Moskva, RUS",76.0,,,,,,Moskva,,RUS,A,L
American Int'l,Korzhyletskyi,Danylo,16,F,F,F,,,"6'1""",185.0,2003,"Kyiv, UKR",73.0,,,,,,Kyiv,,UKR,,R
American Int'l,Lindberg,Alfred,28,C,F,C,,,"5'11""",187.0,2002,"Hallsberg, SWE",71.0,,,,,,Hallsberg,,SWE,A,L
American Int'l,Longhi,Hunter,9,LW,F,LW,,,"5'8""",174.0,2002,"Collinsville, IL, USA",68.0,,,,,,Collinsville,IL,USA,,L
American Int'l,Lundy,John,21,F,F,F,,,"5'9""",163.0,2001,"Brooklyn, NY, USA",69.0,,,,,,Brooklyn,NY,USA,,L
American Int'l,Malinowski,Alexander,25,LW,F,LW,RW,,"5'11""",187.0,2001,"Linköping, SWE",71.0,,,,,,Linköping,,SWE,A,L
American Int'l,McDonald,Casey,61,F,F,F,,,"6'1""",185.0,2001,"Kindersley, SK, CAN",73.0,,,,,,Kindersley,SK,CAN,C,R
American Int'l,Mexico,Justin,11,F,F,F,,,"5'10""",165.0,2003,"Madison Heights, MI, USA",70.0,,,,,,Madison Heights,MI,USA,,L
American Int'l,Rylance,Brett,55,C,F,C,,,"5'9""",181.0,2001,"Edmonton, AB, CAN",69.0,,,,,,Edmonton,AB,CAN,,L
American Int'l,Serdachny,Noah,29,F,F,F,,,"6'1""",190.0,2003,"Edmonton, AB, CAN",73.0,,,,,,Edmonton,AB,CAN,,R
American Int'l,Weight,Danny,7,C,F,C,,,"6'0""",185.0,2001,"Edmonton, AB, CAN",72.0,,,,,,Edmonton,AB,CAN,,L
Arizona State,Hamm,Chase,30,G,G,G,,,"5'9""",168.0,2002,"Saskatoon, SK, CAN",69.0,,,,,,Saskatoon,SK,CAN,,L
Arizona State,Hasley,Connor,33,G,G,G,,,"6'3""",194.0,2001,"North Tonawanda, NY, USA",75.0,,,,,,North Tonawanda,NY,USA,,R
Arizona State,Urban,Samuel,31,G,G,G,,,"6'0""",198.0,2005,"Dolne Kockovce, SVK",72.0,,,,,,Dolne Kockovce,,SVK,,L
Arizona State,Baran,Richard,5,D,D,D,,,"6'1""",185.0,2005,"Bratislava, SVK",73.0,,,,,,Bratislava,,SVK,,L
Arizona State,Boser,Brasen,74,D,D,D,,,"5'11""",176.0,2004,"Minot, ND, USA",71.0,,,,,,Minot,ND,USA,,L
Arizona State,Court,Sam,37,D,D,D,,,"5'10""",190.0,2004,"Winnipeg, MB, CAN",70.0,,,,,,Winnipeg,MB,CAN,,R
Arizona State,Dowd,Anthony,9,D,D,D,,,"5'7""",152.0,2003,"Point Pleasant Beach, NJ, USA",67.0,,,,,,Point Pleasant Beach,NJ,USA,,R
Arizona State,Kipkie,Justin,3,D,D,D,,,"6'4""",207.0,2005,"Calgary, AB, CAN",76.0,,,,,,Calgary,AB,CAN,,L
Arizona State,Kjellberg,Joel,7,D,D,D,,,"6'0""",190.0,2004,"Nacka, SWE",72.0,,,,,,Nacka,,SWE,,R
Arizona State,Kuehne,Lincoln,11,D,D,D,,,"6'2""",201.0,2007,"Fargo, ND, USA",74.0,,,,,,Fargo,ND,USA,,R
Arizona State,Ness,Tucker,10,D,D,D,,,"6'3""",218.0,2002,"Plymouth, MN, USA",75.0,,,,,,Plymouth,MN,USA,,R
Arizona State,Zemlak,Austin,4,D,D,D,,,"6'1""",185.0,2005,"Fort McMurray, AB, CAN",73.0,,,,,,Fort McMurray,AB,CAN,,L
Arizona State,Achille,Tony,89,F,F,F,,,"6'0""",174.0,2002,"Hingham, MA, USA",72.0,,,,,,Hingham,MA,USA,,L
Arizona State,Alfano,Sam,27,RW,F,RW,,,"6'4""",205.0,2004,"Hamilton, ON, CAN",76.0,,,,,,Hamilton,ON,CAN,,R
Arizona State,Cloutier,Justin,24,RW,F,RW,,,"5'9""",187.0,2005,"Ottawa, ON, CAN",69.0,,,,,,Ottawa,ON,CAN,,R
Arizona State,Crandell,Carmelo,14,F,F,F,,,"5'11""",176.0,2005,"St. Albert, AB, CAN",71.0,,,,,,St. Albert,AB,CAN,,R
Arizona State,Kevan,Benjamin,48,RW,F,RW,,,"6'1""",179.0,2007,"Fairfield, CA, USA",73.0,,,,,,Fairfield,CA,USA,,R
Arizona State,Lucius,Cruz,51,RW,F,RW,,,"6'0""",179.0,2004,"Lawrence, KS, USA",72.0,,,,,,Lawrence,KS,USA,,R
Arizona State,McGurn,Sean,16,C,F,C,,,"5'10""",170.0,2002,"Ottawa, ON, CAN",70.0,,,,,,Ottawa,ON,CAN,,R
Arizona State,Morrell,Logan,19,RW,F,RW,LW,,"6'3""",194.0,2003,"Mesa, AZ, USA",75.0,,,,,,Mesa,AZ,USA,,R
Arizona State,Nash,Ty,22,C,F,C,,,"5'11""",179.0,2003,"Scottsdale, AZ, USA",71.0,,,,,,Scottsdale,AZ,USA,,L
Arizona State,Potter,Cullen,12,C,F,C,LW,,"5'10""",172.0,2007,"Minneapolis, MN, USA",70.0,,,,,,Minneapolis,MN,USA,,L
Arizona State,Powell,Noah,15,RW,F,RW,,,"6'2""",201.0,2005,"Northbrook, IL, USA",74.0,,,,,,Northbrook,IL,USA,,R
Arizona State,Schimek,Bennett,23,F,F,F,,,"6'0""",187.0,2003,"Mendota Heights, MN, USA",72.0,,,,,,Mendota Heights,MN,USA,C,R
Arizona State,Smolen,Kyle,25,F,F,F,,,"5'11""",176.0,2002,"Crystal Lake, IL, USA",71.0,,,,,,Crystal Lake,IL,USA,C,R
Arizona State,Waldron,John,17,F,F,F,,,"6'1""",185.0,2002,"Batavia, IL, USA",73.0,,,,,,Batavia,IL,USA,,R
Arizona State,Whitehead,Braxton,49,F,F,F,,,"5'10""",163.0,2004,"Palmer, AK, USA",70.0,,,,,,Palmer,AK,USA,,R
Army,Biron,Jacob,1,G,G,G,,,"6'4""",190.0,2004,"Buffalo, NY, USA",76.0,,,,,,Buffalo,NY,USA,,L
Army,Cataldo,J.J.,30,G,G,G,,,"6'0""",183.0,2003,"Stuart, FL, USA",72.0,,,,,,Stuart,FL,USA,,L
Army,Holt,Ansel,33,G,G,G,,,"6'3""",190.0,2003,"Bowling Green, OH, USA",75.0,,,,,,Bowling Green,OH,USA,,L
Army,Bell,Jon,18,D,D,D,,,"5'10""",201.0,2002,"St. Cloud, MN, USA",70.0,,,,,,St. Cloud,MN,USA,,L
Army,Brower,Jude,22,D,D,D,,,"6'1""",181.0,2001,"Mahopac, NY, USA",73.0,,,,,,Mahopac,NY,USA,,L
Army,Chapman,Liam,7,D,D,D,,,"6'1""",187.0,2004,"Weare, NH, USA",73.0,,,,,,Weare,NH,USA,,L
Army,Groebner,Samuel,12,D,D,D,,,"6'3""",201.0,2003,"Apple Valley, MN, USA",75.0,,,,,,Apple Valley,MN,USA,,L
Army,McCloskey,Lukas,2,D,D,D,,,"6'3""",216.0,2005,"Newport Beach, CA, USA",75.0,,,,,,Newport Beach,CA,USA,,R
Army,Nolan,Owen,14,D,D,D,,,"6'0""",185.0,2000,"Mahopac, NY, USA",72.0,,,,,,Mahopac,NY,USA,,L
Army,Patterson,Pierce,6,D,D,D,,,"5'9""",165.0,2002,"Valrico, FL, USA",69.0,,,,,,Valrico,FL,USA,,R
Army,Vlasich,Sean,20,D,D,D,,,"5'9""",174.0,2001,"Upper Saddle River, NJ, USA",69.0,,,,,,Upper Saddle River,NJ,USA,,R
Army,Zueger,Easton,3,D,D,D,,,"5'8""",190.0,2003,"Sioux Falls, SD, USA",68.0,,,,,,Sioux Falls,SD,USA,,R
Army,Alvarez,Noah,17,F,F,F,,,"5'11""",185.0,2003,"Los Angeles, CA, USA",71.0,,,,,,Los Angeles,CA,USA,,R
Army,Batten,Billy,24,F,F,F,,,"5'9""",174.0,2004,"Phoenixville, PA, USA",69.0,,,,,,Phoenixville,PA,USA,,L
Army,Dosan,Joey,26,F,F,F,,,"6'6""",220.0,2001,"Bloomington, MN, USA",78.0,,,,,,Bloomington,MN,USA,,L
Army,El-Bashir,Kareem,16,F,F,F,,,"5'10""",176.0,2004,"Reston, VA, USA",70.0,,,,,,Reston,VA,USA,,L
Army,Forselius,Nils,9,F,F,F,,,"5'9""",181.0,2003,"Guilford, CT, USA",69.0,,,,,,Guilford,CT,USA,,L
Army,Hong,Nik,19,F,F,F,,,"6'0""",185.0,2002,"Minneapolis, MN, USA",72.0,,,,,,Minneapolis,MN,USA,,R
Army,Ivey,Benjamin,4,F,F,F,,,"6'4""",220.0,2004,"San Diego, CA, USA",76.0,,,,,,San Diego,CA,USA,,L
Army,Ivey,Jacob,5,F,F,F,,,"6'3""",192.0,2004,"San Diego, CA, USA",75.0,,,,,,San Diego,CA,USA,,R
Army,Jones,Brock,11,C,F,C,,,"5'11""",183.0,2004,"Lake View, NY, USA",71.0,,,,,,Lake View,NY,USA,,R
Army,Kanta,Lucas,15,LW,F,LW,,,"6'2""",205.0,2001,"Grand Forks, ND, USA",74.0,,,,,,Grand Forks,ND,USA,,L
Army,Keefer,Brent,28,F,F,F,,,"6'0""",170.0,2001,"Colorado Springs, CO, USA",72.0,,,,,,Colorado Springs,CO,USA,,R
Army,Ligi,Jacob,13,F,F,F,,,"5'10""",176.0,2004,"South Lyon, MI, USA",70.0,,,,,,South Lyon,MI,USA,,R
Army,Marshall,Adam,29,LW,F,LW,,,"5'10""",181.0,2003,"Wayzata, MN, USA",70.0,,,,,,Wayzata,MN,USA,,L
Army,Salice,Vincent,8,C,F,C,,,"5'7""",174.0,2003,"Commerce Township, MI, USA",67.0,,,,,,Commerce Township,MI,USA,,L
Army,Smith,Trevor,27,C,F,C,,,"5'9""",185.0,2001,"Raleigh, NC, USA",69.0,,,,,,Raleigh,NC,USA,,R
Army,Wegner,Dylan,10,F,F,F,,,"6'2""",185.0,2004,"Nashville, TN, USA",74.0,,,,,,Nashville,TN,USA,,R
Army,Willey,Stephen,21,LW,F,LW,,,"6'1""",194.0,2001,"Shelton, CT, USA",73.0,,,,,,Shelton,CT,USA,,R
Army,Woodring,Barron,25,C,F,C,,,"6'2""",201.0,2002,"Chicago, IL, USA",74.0,,,,,,Chicago,IL,USA,C,R
Augustana,Hargraves,Kayden,,G,G,G,,,"6'1""",161.0,2002,"Denver, CO, USA",73.0,,,,,,Denver,CO,USA,,-
Augustana,Kotai,Joshua,,G,G,G,,,"6'1""",165.0,2003,"Abbotsford, BC, CAN",73.0,,,,,,Abbotsford,BC,CAN,,R
Augustana,Manz,Christian,,G,G,G,,,"6'0""",181.0,2004,"Blaine, MN, USA",72.0,,,,,,Blaine,MN,USA,,L
Augustana,Baumgartner,Owen,,D,D,D,,,"5'10""",185.0,2002,"Owatonna, MN, USA",70.0,,,,,,Owatonna,MN,USA,,L
Augustana,Chakrabarti,Maxwell,,D,D,D,,,"6'3""",181.0,2005,"Surrey, BC, CAN",75.0,,,,,,Surrey,BC,CAN,,R
Augustana,Comstock,Erick,,D,D,D,,,"5'6""",165.0,2005,"Salol, MN, USA",66.0,,,,,,Salol,MN,USA,,L
Augustana,Hennen,Hayden,,D,D,D,,,"6'3""",181.0,2002,"Hallock, MN, USA",75.0,,,,,,Hallock,MN,USA,,R
Augustana,Hutchinson,Jeff,,D,D,D,,,"6'1""",201.0,2002,"St. Louis, MO, USA",73.0,,,,,,St. Louis,MO,USA,,L
Augustana,Meritähti,Samo,,D,D,D,,,"6'3""",192.0,2003,"Seinäjoki, FIN",75.0,,,,,,Seinäjoki,,FIN,,L
Augustana,Svenddal,Will,,D,D,D,,,"6'0""",196.0,2001,"Minneapolis, MN, USA",72.0,,,,,,Minneapolis,MN,USA,,L
Augustana,Theissen,Carter,,D,D,D,,,"5'11""",181.0,2003,"Plymouth, MN, USA",71.0,,,,,,Plymouth,MN,USA,,L
Augustana,Young,Easton,,D,D,D,,,"5'11""",185.0,2003,"Grand Rapids, MN, USA",71.0,,,,,,Grand Rapids,MN,USA,,R
Augustana,Bischoff,Hunter,,F,F,F,,,"6'1""",181.0,2003,"Cohasset, MN, USA",73.0,,,,,,Cohasset,MN,USA,,R
Augustana,Bohn,Owen,,F,F,F,,,"5'11""",165.0,2002,"San Jose, CA, USA",71.0,,,,,,San Jose,CA,USA,,L
Augustana,Bulgakov,Leonid,,F,F,F,,,"5'9""",165.0,2004,"Minsk, BLR",69.0,,,,,,Minsk,,BLR,,L
Augustana,Burtch,Cole,,LW,F,LW,,,"5'10""",170.0,2001,"Markham, ON, CAN",70.0,,,,,,Markham,ON,CAN,,R
Augustana,DelGreco,Joey,,F,F,F,,,"5'10""",205.0,2003,"Grand Rapids, MN, USA",70.0,,,,,,Grand Rapids,MN,USA,,R
Augustana,Drotts,Garett,,LW,F,LW,,,"6'0""",174.0,2003,"Grand Rapids, MN, USA",72.0,,,,,,Grand Rapids,MN,USA,,L
Augustana,Friesen,Colton,,F,F,F,,,"5'11""",181.0,2001,"Winnipeg, MB, CAN",71.0,,,,,,Winnipeg,MB,CAN,,L
Augustana,Gau,Callum,,F,F,F,,,"6'1""",181.0,2002,"Camrose, AB, CAN",73.0,,,,,,Camrose,AB,CAN,,L
Augustana,Hennen,Tyler,,F,F,F,,,"5'11""",150.0,2004,"Hallock, MN, USA",71.0,,,,,,Hallock,MN,USA,,R
Augustana,Howard,William,,F,F,F,,,"6'2""",190.0,2002,"Grand Forks, ND, USA",74.0,,,,,,Grand Forks,ND,USA,,L
Augustana,Jastrzebski,Jacob,,C,F,C,,,"6'0""",192.0,2005,"Chicago, IL, USA",72.0,,,,,,Chicago,IL,USA,,L
Augustana,Langus,Nace,,C,F,C,,,"6'1""",190.0,2004,"Jesenice, SLO",73.0,,,,,,Jesenice,,SLO,,L
Augustana,Meerman,Brett,,F,F,F,,,"5'9""",170.0,2002,"Blackfalds, AB, CAN",69.0,,,,,,Blackfalds,AB,CAN,,L
Augustana,Miller,Connor,,F,F,F,,,"5'10""",209.0,2006,"Lipton, SK, CAN",70.0,,,,,,Lipton,SK,CAN,,R
Augustana,Moore,Cooper,,F,F,F,,,"5'8""",161.0,2006,"Red Deer, AB, CAN",68.0,,,,,,Red Deer,AB,CAN,,R
Augustana,Rudrud,Quinn,,F,F,F,,,"6'2""",185.0,2001,"Farmington, MN, USA",74.0,,,,,,Farmington,MN,USA,,R
Augustana,Troumbly,Ben,,F,F,F,,,"5'7""",150.0,2001,"Grand Rapids, MN, USA",67.0,,,,,,Grand Rapids,MN,USA,,R
Bemidji State,Hildebrand,Max,,G,G,G,,,"6'1""",187.0,2004,"Martensville, SK, CAN",73.0,,,,,,Martensville,SK,CAN,,L
Bemidji State,Robbins,Raythan,,G,G,G,,,"6'0""",181.0,2002,"Anchorage, AK, USA",72.0,,,,,,Anchorage,AK,USA,,L
Bemidji State,Wiemken,Trent,,G,G,G,,,"6'0""",170.0,2004,"Fargo, ND, USA",72.0,,,,,,Fargo,ND,USA,,L
Bemidji State,Corcoran,Vincent,,D,D,D,,,"5'8""",165.0,2001,"Plainfield, IL, USA",68.0,,,,,,Plainfield,IL,USA,,L
Bemidji State,Henderson,Ryan,,D,D,D,,,"6'2""",170.0,2004,"Lethbridge, AB, CAN",74.0,,,,,,Lethbridge,AB,CAN,,R
Bemidji State,Macaulay,A.J.,,D,D,D,,,"5'9""",185.0,2002,"Bonnyville, AB, CAN",69.0,,,,,,Bonnyville,AB,CAN,,L
Bemidji State,Parekh,Isa,,D,D,D,,,"6'0""",163.0,2003,"Toronto, ON, CAN",72.0,,,,,,Toronto,ON,CAN,,R
Bemidji State,Roelofs,Luke,,D,D,D,,,"6'2""",192.0,2003,"Minnetrista, MN, USA",74.0,,,,,,Minnetrista,MN,USA,,L
Bemidji State,Satosaari,Patrik,,D,D,D,,,"5'10""",172.0,2001,"Jyväskylä, FIN",70.0,,,,,,Jyväskylä,,FIN,,L
Bemidji State,Thornton,Hudson,,D,D,D,,,"5'11""",192.0,2003,"Winnipeg, MB, CAN",71.0,,,,,,Winnipeg,MB,CAN,,L
Bemidji State,Vig,Maxon,,D,D,D,,,"6'2""",212.0,2005,"Bismarck, ND, USA",74.0,,,,,,Bismarck,ND,USA,,L
Bemidji State,Vigneault,Benjamin,,D,D,D,,,"6'0""",181.0,2004,"Boischâtel, QC, CAN",72.0,,,,,,Boischâtel,QC,CAN,,R
Bemidji State,Wolfe,Mitchell,,D,D,D,,,"6'0""",185.0,2002,"Andover, MN, USA",72.0,,,,,,Andover,MN,USA,,L
Bemidji State,Birnie,Brady,,F,F,F,,,"5'8""",159.0,2005,"Regina, SK, CAN",68.0,,,,,,Regina,SK,CAN,,L
Bemidji State,Bryant,Bryce,,F,F,F,,,"5'9""",141.0,2006,"Virden, MB, CAN",69.0,,,,,,Virden,MB,CAN,,R
Bemidji State,Flammang,Adam,,RW,F,RW,,,"5'11""",190.0,2001,"St. Michael, MN, USA",71.0,,,,,,St. Michael,MN,USA,,R
Bemidji State,Funk,Reilly,,C,F,C,,,"6'3""",209.0,2000,"Portage, MB, CAN",75.0,,,,,,Portage,MB,CAN,,L
Bemidji State,Irey,Kirklan,,F,F,F,,,"5'11""",172.0,2001,"Bismarck, ND, USA",71.0,,,,,,Bismarck,ND,USA,,L
Bemidji State,Johnson,Isaac,,LW,F,LW,,,"5'11""",185.0,2005,"Fergus Falls, MN, USA",71.0,,,,,,Fergus Falls,MN,USA,,L
Bemidji State,Karlsson,Oscar,,C,F,C,,,"6'2""",179.0,2005,"Linköping, SWE",74.0,,,,,,Linköping,,SWE,,L
Bemidji State,Labelle,Vincent,,C,F,C,,,"5'7""",168.0,2002,"Ottawa, ON, CAN",67.0,,,,,,Ottawa,ON,CAN,,L
Bemidji State,Lund,Tory,,F,F,F,,,"5'10""",185.0,2004,"Sartell, MN, USA",70.0,,,,,,Sartell,MN,USA,,L
Bemidji State,Magnussen,Kasper,,LW,F,LW,,,"6'0""",196.0,2004,"Düsseldorf, GER",72.0,,,,,,Düsseldorf,,GER,,L
Bemidji State,McClennon,Connor,,RW,F,RW,,,"5'8""",163.0,2002,"Wainwright, AB, CAN",68.0,,,,,,Wainwright,AB,CAN,,R
Bemidji State,McLean,Jake,,F,F,F,,,"6'1""",185.0,2002,"North Vancouver, BC, CAN",73.0,,,,,,North Vancouver,BC,CAN,,L
Bemidji State,Namestnikov,Max,,LW,F,LW,,,"5'8""",183.0,2004,"Wolverine, MI, USA",68.0,,,,,,Wolverine,MI,USA,,L
Bemidji State,Panzer,Jaksen,,F,F,F,,,"5'10""",170.0,2004,"Grand Forks, ND, USA",70.0,,,,,,Grand Forks,ND,USA,,L
Bemidji State,Peer,Oliver,,C,F,C,RW,,"6'0""",170.0,2003,"Burlington, ON, CAN",72.0,,,,,,Burlington,ON,CAN,,L
Bemidji State,Quinn,Noah,,F,F,F,,,"6'1""",176.0,2003,"Nelson, BC, CAN",73.0,,,,,,Nelson,BC,CAN,,R
Bemidji State,Sylvestre,Alexi,,C,F,C,LW,,"6'2""",198.0,2004,"Ste-Martine, QC, CAN",74.0,,,,,,Ste-Martine,QC,CAN,,L
Bemidji State,Wilson,Brett,,F,F,F,,,"5'8""",154.0,2006,"Calgary, AB, CAN",68.0,,,,,,Calgary,AB,CAN,,L
Bemidji State,Yuhas,Vann,,F,F,F,,,"6'0""",174.0,2004,"Medicine Hat, AB, CAN",72.0,,,,,,Medicine Hat,AB,CAN,,R
Bentley,Bevilacqua,Nick,29,G,G,G,,,"6'0""",190.0,2003,"Abington, MA, USA",72.0,,,,,,Abington,MA,USA,,L
Bentley,Erickson,Jack,1,G,G,G,,,"6'1""",174.0,2004,"White Bear Lake, MN, USA",73.0,,,,,,White Bear Lake,MN,USA,,L
Bentley,Hesse,Easton,30,G,G,G,,,"6'0""",174.0,2000,"Beaumont, AB, CAN",72.0,,,,,,Beaumont,AB,CAN,,L
Bentley,Swedin,Lukas,60,G,G,G,,,"5'10""",161.0,2004,"Stockholm, SWE",70.0,,,,,,Stockholm,,SWE,,L
Bentley,Bernard-Docker,Seth,6,D,D,D,,,"6'0""",194.0,2001,"Canmore, AB, CAN",72.0,,,,,,Canmore,AB,CAN,,R
Bentley,Cameron,Colton,24,D,D,D,,,"5'11""",190.0,2002,"Surrey, BC, CAN",71.0,,,,,,Surrey,BC,CAN,,L
Bentley,Dalton,John,21,D,D,D,,,"6'0""",185.0,2003,"River Forest, IL, USA",72.0,,,,,,River Forest,IL,USA,,R
Bentley,Farrell,Jack,28,D,D,D,,,"6'0""",192.0,2004,"Wilmington, MA, USA",72.0,,,,,,Wilmington,MA,USA,,L
Bentley,Helledy,David,2,D,D,D,,,"6'1""",194.0,2003,"Milwaukee, WI, USA",73.0,,,,,,Milwaukee,WI,USA,,L
Bentley,Horsager,Garrett,25,D,D,D,,,"6'0""",194.0,2002,"Rosemount, MN, USA",72.0,,,,,,Rosemount,MN,USA,,L
Bentley,Larsen,Tobias Bjercke,4,D,D,D,,,"6'2""",207.0,2004,"Oslo, NOR",74.0,,,,,,Oslo,,NOR,,L
Bentley,Lawn,Pat,14,D,D,D,,,"6'0""",179.0,2001,"Waltham, MA, USA",72.0,,,,,,Waltham,MA,USA,,R
Bentley,Leonard,Alec,7,D,D,D,,,"5'11""",174.0,2004,"Toronto, ON, CAN",71.0,,,,,,Toronto,ON,CAN,,R
Bentley,Nause,Ryan,27,D,D,D,,,"5'11""",181.0,2001,"Riverview, NB, CAN",71.0,,,,,,Riverview,NB,CAN,,L
Bentley,Amici,Kolby,26,F,F,F,,,"5'9""",170.0,2002,"Orchard Park, NY, USA",69.0,,,,,,Orchard Park,NY,USA,,R
Bentley,Bakkevig,Oskar Kind,15,RW,F,RW,,,"5'11""",183.0,2004,"Oslo, NOR",71.0,,,,,,Oslo,,NOR,,L
Bentley,Black,Jake,9,F,F,F,,,"5'11""",181.0,2002,"Pomfret, CT, USA",71.0,,,,,,Pomfret,CT,USA,,R
Bentley,Castagna,Stevie,17,F,F,F,,,"5'9""",170.0,2001,"North Vancouver, BC, CAN",69.0,,,,,,North Vancouver,BC,CAN,,L
Bentley,Cook,Dylan,5,LW,F,LW,,,"6'0""",201.0,2003,"Princeton, MN, USA",72.0,,,,,,Princeton,MN,USA,,L
Bentley,Davis,Chase,22,F,F,F,,,"6'5""",220.0,2002,"Alpharetta, GA, USA",77.0,,,,,,Alpharetta,GA,USA,,R
Bentley,Doyle,Jimmy,10,RW,F,RW,,,"6'2""",190.0,2002,"Plainfield, IL, USA",74.0,,,,,,Plainfield,IL,USA,,R
Bentley,Gaspar,Jan,20,F,F,F,,,"5'10""",174.0,2004,,70.0,,,,,,,,,,L
Bentley,Goodbrand,Owen,12,F,F,F,,,"6'2""",181.0,2004,"Waterdown, ON, CAN",74.0,,,,,,Waterdown,ON,CAN,,L
Bentley,Hjartarson,Kellan,16,F,F,F,,,"5'11""",185.0,2003,"Calgary, AB, CAN",71.0,,,,,,Calgary,AB,CAN,,L
Bentley,Kramer,Peter,13,F,F,F,,,"5'11""",183.0,2002,"Bridgewater, MA, USA",71.0,,,,,,Bridgewater,MA,USA,,L
Bentley,Mansfield,Ryan,11,LW,F,LW,,,"6'0""",194.0,2002,"Burlington, ON, CAN",72.0,,,,,,Burlington,ON,CAN,,L
Bentley,Merritt,Arlo,18,C,F,C,,,"6'3""",209.0,2001,"Halifax, NS, CAN",75.0,,,,,,Halifax,NS,CAN,,L
Bentley,Mesic,Michael,19,C,F,C,,,"5'11""",179.0,2004,"Fort Myers, FL, USA",71.0,,,,,,Fort Myers,FL,USA,,L
Bentley,Nemes,Márton,23,F,F,F,,,"6'2""",198.0,2005,"Székesfehérvár, HUN",74.0,,,,,,Székesfehérvár,,HUN,,L
Bentley,Salo,Oliver,8,F,F,F,,,"6'1""",190.0,2003,"Kaarina, FIN",73.0,,,,,,Kaarina,,FIN,,R
Bentley,Upson,Ryan,38,F,F,F,,,"6'0""",185.0,2001,"West Vancouver, BC, CAN",72.0,,,,,,West Vancouver,BC,CAN,,L
Boston College,Cloutier,Louka,,G,G,G,,,"6'2""",168.0,2006,"Sherbrooke, QC, CAN",74.0,,,,,,Sherbrooke,QC,CAN,,L
Boston College,Korec,Jan,30,G,G,G,,,"6'1""",185.0,2004,"Bratislava, SVK",73.0,,,,,,Bratislava,,SVK,,L
Boston College,Musielak,Alex,31,G,G,G,,,"6'4""",196.0,2003,"Buffalo, NY, USA",76.0,,,,,,Buffalo,NY,USA,,L
Boston College,Fortescue,Drew,5,D,D,D,,,"6'2""",176.0,2005,"Pearl River, NY, USA",74.0,,,,,,Pearl River,NY,USA,,L
Boston College,Gustafsson,Lukas,8,D,D,D,,,"5'10""",196.0,2002,"Alpharetta, GA, USA",70.0,,,,,,Alpharetta,GA,USA,C,L
Boston College,Hagens,Michael,11,D,D,D,,,"5'11""",187.0,2005,"Hauppauge, NY, USA",71.0,,,,,,Hauppauge,NY,USA,,L
Boston College,Joyce,Nolan,3,D,D,D,,,"6'0""",181.0,2003,"Dedham, MA, USA",72.0,,,,,,Dedham,MA,USA,,R
Boston College,Kostadinski,Kristian,,D,D,D,,,"6'6""",220.0,2005,"Göteborg, SWE",78.0,,,,,,Göteborg,,SWE,,L
Boston College,Minnetian,Aram,17,D,D,D,,,"5'11""",194.0,2005,"Woodcliff Lake, NJ, USA",71.0,,,,,,Woodcliff Lake,NJ,USA,,R
Boston College,Radivojevic,Luka,,D,D,D,,,"5'10""",172.0,2007,"Edina, MN, USA",70.0,,,,,,Edina,MN,USA,,R
Boston College,Skahan,Will,26,D,D,D,,,"6'4""",216.0,2006,"Orange, CA, USA",76.0,,,,,,Orange,CA,USA,,L
Boston College,Berard,Brady,19,C,F,C,,,"6'1""",198.0,2004,"East Greenwich, RI, USA",73.0,,,,,,East Greenwich,RI,USA,C,L
Boston College,Conmy,Ryan,36,RW,F,RW,,,"5'10""",190.0,2004,"Alexandria, VA, USA",70.0,,,,,,Alexandria,VA,USA,,R
Boston College,Cornforth,Gavin,,RW,F,RW,,,"5'10""",170.0,2006,"Boston, MA, USA",70.0,,,,,,Boston,MA,USA,,R
Boston College,Davey,Paul,18,LW,F,LW,,,"6'2""",194.0,2003,"Greenwich, CT, USA",74.0,,,,,,Greenwich,CT,USA,,L
Boston College,Delay,Tim,28,RW,F,RW,,,"6'1""",183.0,2003,"Hingham, MA, USA",73.0,,,,,,Hingham,MA,USA,,L
Boston College,Gasseau,Andre,24,C,F,C,LW,,"6'4""",218.0,2003,"Garden Grove, CA, USA",76.0,,,,,,Garden Grove,CA,USA,C,L
Boston College,Hagens,James,10,C,F,C,LW,,"5'10""",185.0,2006,"Hauppauge, NY, USA",70.0,,,,,,Hauppauge,NY,USA,,L
Boston College,Jellvik,Oskar,15,LW,F,LW,C,,"5'11""",181.0,2003,"Täby, SWE",71.0,,,,,,Täby,,SWE,,L
Boston College,Jones,Graham,,C,F,C,,,"5'8""",150.0,2007,"Winnipeg, MB, CAN",68.0,,,,,,Winnipeg,MB,CAN,,L
Boston College,Kudrick,Brady,,F,F,F,,,"5'11""",165.0,2005,"MA, USA",71.0,,,,,,MA,,USA,,L
Boston College,Letourneau,Dean,20,C,F,C,RW,,"6'7""",214.0,2006,"Braeside, ON, CAN",79.0,,,,,,Braeside,ON,CAN,,R
Boston College,Moore,William,,C,F,C,LW,,"6'3""",181.0,2007,"Mississauga, ON, CAN",75.0,,,,,,Mississauga,ON,CAN,,L
Boston College,Resendes,Landan,,RW,F,RW,,,"5'10""",183.0,2005,"Marlborough, MA, USA",70.0,,,,,,Marlborough,MA,USA,,R
Boston College,Sondreal,Jake,25,C,F,C,,,"5'11""",163.0,2004,"Woodbury, MN, USA",71.0,,,,,,Woodbury,MN,USA,,L
Boston College,Stiga,Teddy,4,LW,F,LW,,,"5'10""",179.0,2006,"Sudbury, MA, USA",70.0,,,,,,Sudbury,MA,USA,,L
Boston College,Traeger,Will,23,C,F,C,,,"5'8""",172.0,2002,"Mendota Heights, MN, USA",68.0,,,,,,Mendota Heights,MN,USA,,L
Boston College,Vote,Will,22,RW,F,RW,,,"5'7""",159.0,2005,"Arlington, MA, USA",67.0,,,,,,Arlington,MA,USA,,R
Boston University,Lacroix,Max,33,G,G,G,,,"6'0""",170.0,2003,"Castle Pines, CO, USA",72.0,,,,,,Castle Pines,CO,USA,,L
Boston University,Amico,Carter,,D,D,D,,,"6'5""",225.0,2007,"Westbrook, ME, USA",77.0,,,,,,Westbrook,ME,USA,,R
Boston University,Celebrini,Aiden,22,D,D,D,,,"6'1""",190.0,2004,"Vancouver, BC, CAN",73.0,,,,,,Vancouver,BC,CAN,,R
Boston University,Kim,Kyle,,D,D,D,,,"6'2""",181.0,2005,"Northville, MI, USA",74.0,,,,,,Northville,MI,USA,,R
Boston University,McCarthy,Gavin,2,D,D,D,,,"6'2""",185.0,2005,"Clarence Center, NY, USA",74.0,,,,,,Clarence Center,NY,USA,,R
Boston University,Souligny,Aidan,,D,D,D,,,"6'3""",214.0,2006,"Navan, ON, CAN",75.0,,,,,,Navan,ON,CAN,,L
Boston University,Trethewey,Charlie,,D,D,D,,,"6'2""",201.0,2007,"Ellicott City, MD, USA",74.0,,,,,,Ellicott City,MD,USA,,R
Boston University,Wang,Haoxi,,D,D,D,,,"6'6""",223.0,2007,"Beijing, CHN",78.0,,,,,,Beijing,,CHN,,L
Boston University,Boisvert,Sacha,,C,F,C,,,"6'2""",183.0,2006,"Trois-Rivières, QC, CAN",74.0,,,,,,Trois-Rivières,QC,CAN,,L
Boston University,Feldberg,Jay,,C,F,C,,,"6'0""",170.0,2006,"Toronto, ON, CAN",72.0,,,,,,Toronto,ON,CAN,,R
Boston University,Fondrk,Conrad,,C,F,C,,,"6'0""",203.0,2007,"St. Paul, MN, USA",72.0,,,,,,St. Paul,MN,USA,,L
Boston University,Hughes,Callum,,LW,F,LW,,,"6'1""",170.0,2006,"Basking Ridge, NJ, USA",73.0,,,,,,Basking Ridge,NJ,USA,,L
Boston University,McLaughlin,Owen,,C,F,C,,,"6'0""",161.0,2003,"Phoenixville, PA, USA",72.0,,,,,,Phoenixville,PA,USA,,L
Boston University,McNelis,John,,LW,F,LW,,,"5'10""",165.0,2006,"Potomac, MD, USA",70.0,,,,,,Potomac,MD,USA,,L
Boston University,Merrill,Ben,,C,F,C,,,"6'4""",194.0,2005,"Hingham, MA, USA",76.0,,,,,,Hingham,MA,USA,,R
Boston University,Morello,Jonathan,,C,F,C,LW,,"6'1""",192.0,2006,"Toronto, ON, CAN",73.0,,,,,,Toronto,ON,CAN,,L
Boston University,Murtagh,Jack,,C,F,C,LW,,"6'1""",198.0,2007,"East Greenbush, NY, USA",73.0,,,,,,East Greenbush,NY,USA,,L
Boston University,Ritchie,Ryder,,RW,F,RW,,,"6'1""",185.0,2006,"Calgary, AB, CAN",73.0,,,,,,Calgary,AB,CAN,,R
Boston University,Wassilyn,Braidy,,F,F,F,,,"5'11""",194.0,2008,"Puslinch, ON, CAN",71.0,,,,,,Puslinch,ON,CAN,,L
Bowling Green,Moore,Cole,34,G,G,G,,,"6'6""",201.0,2003,"Toronto, ON, CAN",78.0,,,,,,Toronto,ON,CAN,,L
Bowling Green,Palmer,Tyler,31,G,G,G,,,"6'0""",192.0,2003,"Fernie, BC, CAN",72.0,,,,,,Fernie,BC,CAN,,L
Bowling Green,Steinman,Jacob,1,G,G,G,,,"6'1""",183.0,2004,"Cambridge, ON, CAN",73.0,,,,,,Cambridge,ON,CAN,,L
Bowling Green,Blake,Jack,26,D,D,D,,,"6'1""",190.0,2001,"Manhattan Beach, CA, USA",73.0,,,,,,Manhattan Beach,CA,USA,,L
Bowling Green,Crampton,Brayden,25,D,D,D,,,"6'0""",174.0,2004,"Chilliwack, BC, CAN",72.0,,,,,,Chilliwack,BC,CAN,,R
Bowling Green,Higgins,Ty,3,D,D,D,,,"6'1""",183.0,2004,"Stratford, ON, CAN",73.0,,,,,,Stratford,ON,CAN,,R
Bowling Green,Korodiuk,Ivan,21,D,D,D,,,"6'4""",194.0,2004,"Kyiv, UKR",76.0,,,,,,Kyiv,,UKR,,L
Bowling Green,Lonergan,Brian,4,D,D,D,,,"5'11""",174.0,2005,"Montvale, NJ, USA",71.0,,,,,,Montvale,NJ,USA,,R
Bowling Green,McKinley,Breck,17,D,D,D,,,"5'10""",174.0,2003,"St. Albert, AB, CAN",70.0,,,,,,St. Albert,AB,CAN,,R
Bowling Green,Norris,Dalton,14,D,D,D,,,"5'10""",183.0,2001,"Oxford, MI, USA",70.0,,,,,,Oxford,MI,USA,C,L
Bowling Green,Simanovics,Rihards,7,D,D,D,,,"6'3""",205.0,2003,"Riga, LAT",75.0,,,,,,Riga,,LAT,,L
Bowling Green,Stjernberg,Gustav,5,D,D,D,,,"6'4""",209.0,2002,"Enebyberg, SWE",76.0,,,,,,Enebyberg,,SWE,,R
Bowling Green,Doran,Ben,23,F,F,F,,,"5'11""",181.0,2003,"Chesterfield, MO, USA",71.0,,,,,,Chesterfield,MO,USA,,R
Bowling Green,Emerson,Quinn,18,RW,F,RW,C,,"6'0""",185.0,2001,"Manhattan Beach, CA, USA",72.0,,,,,,Manhattan Beach,CA,USA,,R
Bowling Green,Grant,Jaden,28,F,F,F,,,"6'2""",192.0,2002,"White Lake, MI, USA",74.0,,,,,,White Lake,MI,USA,,L
Bowling Green,Hotson,Tyler,24,F,F,F,,,"5'11""",181.0,2003,"Stratford, ON, CAN",71.0,,,,,,Stratford,ON,CAN,,L
Bowling Green,Levis,Connor,20,C,F,C,,,"6'1""",192.0,2004,"Vancouver, BC, CAN",73.0,,,,,,Vancouver,BC,CAN,,R
Bowling Green,Martin,Max,15,F,F,F,,,"6'0""",185.0,2003,"Tawas City, MI, USA",72.0,,,,,,Tawas City,MI,USA,,L
Bowling Green,Minville,Jérémie,8,C,F,C,,,"6'0""",183.0,2004,"Drummondville, QC, CAN",72.0,,,,,,Drummondville,QC,CAN,,L
Bowling Green,Morneau,Noah,11,LW,F,LW,,,"6'0""",183.0,2004,"Riverside, ON, CAN",72.0,,,,,,Riverside,ON,CAN,,L
Bowling Green,Niedermayer,Jackson,12,LW,F,LW,,,"6'0""",201.0,2001,"Newport Beach, CA, USA",72.0,,,,,,Newport Beach,CA,USA,,L
Bowling Green,Pfoh,Brett,13,F,F,F,,,"5'11""",190.0,2002,"Port Moody, BC, CAN",71.0,,,,,,Port Moody,BC,CAN,,L
Bowling Green,Rymon,Dominik,77,LW,F,LW,C,,"5'10""",157.0,2004,"Karlovy Vary, CZE",70.0,,,,,,Karlovy Vary,,CZE,,L
Bowling Green,Scott,Tanner,22,F,F,F,,,"5'8""",176.0,2004,"Sherwood Park, AB, CAN",68.0,,,,,,Sherwood Park,AB,CAN,,L
Bowling Green,Sloan,Jake,16,F,F,F,,,"6'4""",214.0,2004,"Girvan, GBR",76.0,,,,,,Girvan,,GBR,,R
Bowling Green,Waters,Brody,29,LW,F,LW,,,"6'2""",203.0,2002,"Heidelberg, ON, CAN",74.0,,,,,,Heidelberg,ON,CAN,,R
Bowling Green,Whynott,Brandon,27,F,F,F,,,"6'1""",185.0,2004,"Langley, BC, CAN",73.0,,,,,,Langley,BC,CAN,,L
Bowling Green,Zlnka,Adam,10,C,F,C,,,"6'0""",179.0,2004,"Detva, SVK",72.0,,,,,,Detva,,SVK,,R
Brown,Halyk,Freddie,1,G,G,G,,,"6'6""",220.0,2003,"Cochrane, AB, CAN",78.0,,,,,,Cochrane,AB,CAN,,L
Brown,Kazmouz,Ryan,31,G,G,G,,,"6'0""",170.0,2003,"Livonia, MI, USA",72.0,,,,,,Livonia,MI,USA,,L
Brown,Shea,Tyler,35,G,G,G,,,"6'0""",179.0,2001,"Stevenson Ranch, CA, USA",72.0,,,,,,Stevenson Ranch,CA,USA,,L
Brown,Bynum,Ashton,10,D,D,D,,,"6'4""",201.0,2004,"Tulsa, OK, USA",76.0,,,,,,Tulsa,OK,USA,,L
Brown,Desiderio,Matthew,24,D,D,D,,,"6'3""",209.0,2005,"North Caldwell, NJ, USA",75.0,,,,,,North Caldwell,NJ,USA,,L
Brown,Dyer,Owen,16,D,D,D,,,"6'3""",225.0,2004,"Clarkston, MI, USA",75.0,,,,,,Clarkston,MI,USA,,R
Brown,Hewitt,Jack,27,D,D,D,,,"6'0""",185.0,2003,"Toronto, ON, CAN",72.0,,,,,,Toronto,ON,CAN,,R
Brown,Mistry,Ethan,22,D,D,D,,,"5'10""",174.0,2003,"Toronto, ON, CAN",70.0,,,,,,Toronto,ON,CAN,,L
Brown,Pineau,Alex,3,D,D,D,,,"6'3""",216.0,2003,"Thunder Bay, ON, CAN",75.0,,,,,,Thunder Bay,ON,CAN,,R
Brown,Schwartz,Leo,26,D,D,D,,,"6'0""",174.0,2004,"New York, NY, USA",72.0,,,,,,New York,NY,USA,,R
Brown,Traggio,Nick,5,D,D,D,,,"6'2""",209.0,2001,"Sharon, CT, USA",74.0,,,,,,Sharon,CT,USA,,L
Brown,Zarsky,Tristan,2,D,D,D,,,"6'3""",216.0,2003,"Edmonton, AB, CAN",75.0,,,,,,Edmonton,AB,CAN,,R
Brown,Bauchiero,Dean,18,,,,,,"6'4""",216.0,2002,"Southington, CT, USA",76.0,,,,,,Southington,CT,USA,,L
Brown,Brille,Matthew,19,F,F,F,,,"5'10""",179.0,2003,"Bethesda, MD, USA",70.0,,,,,,Bethesda,MD,USA,,R
Brown,Cataldo,Matthew,21,LW,F,LW,,,"6'0""",205.0,2005,"Norfolk, MA, USA",72.0,,,,,,Norfolk,MA,USA,,L
Brown,Cataldo,Michael,17,C,F,C,,,"6'1""",201.0,2003,"Norfolk, MA, USA",73.0,,,,,,Norfolk,MA,USA,,R
Brown,Gollob,Charlie,15,C,F,C,,,"6'2""",201.0,2004,"Toronto, ON, CAN",74.0,,,,,,Toronto,ON,CAN,,L
Brown,Hartman,Tanner,28,F,F,F,,,"6'0""",190.0,2001,"Chicago, IL, USA",72.0,,,,,,Chicago,IL,USA,,R
Brown,King,Andrew,29,F,F,F,,,"6'0""",170.0,2003,"Dubuque, IA, USA",72.0,,,,,,Dubuque,IA,USA,,L
Brown,Nicholas,Brian,55,F,F,F,,,"6'1""",192.0,2005,"Scarsdale, NY, USA",73.0,,,,,,Scarsdale,NY,USA,,L
Brown,Pendy,Trip,11,F,F,F,,,"6'1""",201.0,2005,"Far Hills, NJ, USA",73.0,,,,,,Far Hills,NJ,USA,,L
Brown,Poitras,Benjamin,12,C,F,C,,,"6'0""",190.0,2005,"Montréal, QC, CAN",72.0,,,,,,Montréal,QC,CAN,,R
Brown,Salandra,Michael,13,F,F,F,,,"5'10""",187.0,2003,"Pleasantville, NY, USA",70.0,,,,,,Pleasantville,NY,USA,,R
Brown,Shostak,Ryan,8,F,F,F,,,"6'0""",190.0,2001,"Calgary, AB, CAN",72.0,,,,,,Calgary,AB,CAN,,L
Brown,Louis,Ryan St.,9,LW,F,LW,,,"5'10""",181.0,2003,"Burlington, VT, USA",70.0,,,,,,Burlington,VT,USA,,L
Brown,Tighe,Brendan,14,F,F,F,,,"5'11""",187.0,2006,"Birmingham, MI, USA",71.0,,,,,,Birmingham,MI,USA,,R
Brown,Tonelli,Zackary,25,F,F,F,,,"5'9""",170.0,2002,"Armonk, NY, USA",69.0,,,,,,Armonk,NY,USA,,R
Brown,Zadvernyuk,Ivan,7,F,F,F,,,"6'3""",201.0,2004,"Moskva, RUS",75.0,,,,,,Moskva,,RUS,,L
Canisius,Clark,Chase,41,G,G,G,,,"6'6""",218.0,2002,"Williamsville, NY, USA",78.0,,,,,,Williamsville,NY,USA,,R
Canisius,Robertson,Ethan,30,G,G,G,,,"6'1""",170.0,2002,"Courtice, ON, CAN",73.0,,,,,,Courtice,ON,CAN,,L
Canisius,Stumer,Petter Wickström,33,G,G,G,,,"6'6""",203.0,2004,"Stockholm, SWE",78.0,,,,,,Stockholm,,SWE,,L
Canisius,Buteau,François-James,73,D,D,D,,,"6'4""",207.0,2004,"Montréal, QC, CAN",76.0,,,,,,Montréal,QC,CAN,,L
Canisius,Gallucci,Jason,13,D,D,D,,,"5'10""",172.0,2004,"Robbinsville, NJ, USA",70.0,,,,,,Robbinsville,NJ,USA,,L
Canisius,Kincaid,Robert,5,D,D,D,,,"6'2""",185.0,2002,"Barrhead, AB, CAN",74.0,,,,,,Barrhead,AB,CAN,,L
Canisius,Marshall,Luke,44,D,D,D,,,"6'0""",170.0,2004,"Saskatoon, SK, CAN",72.0,,,,,,Saskatoon,SK,CAN,,L
Canisius,Messina,Joseph,23,D,D,D,,,"5'9""",185.0,2002,"Woodbridge, ON, CAN",69.0,,,,,,Woodbridge,ON,CAN,,L
Canisius,Pascucci,Jack,77,D,D,D,,,"6'2""",194.0,2002,"North Andover, MA, USA",74.0,,,,,,North Andover,MA,USA,,R
Canisius,Patterson,Carter,57,D,D,D,,,"6'4""",201.0,2003,"Burlington, ON, CAN",76.0,,,,,,Burlington,ON,CAN,,R
Canisius,Phillips,Josh,24,D,D,D,,,"6'2""",194.0,2001,"Getzville, NY, USA",74.0,,,,,,Getzville,NY,USA,,R
Canisius,Strom,Nick,25,D,D,D,,,"6'0""",183.0,2000,"Dayton, MN, USA",72.0,,,,,,Dayton,MN,USA,,L
Canisius,Anderson,Carter,27,F,F,F,,,"5'11""",183.0,2004,"Thompson, MB, CAN",71.0,,,,,,Thompson,MB,CAN,,L
Canisius,Andrew,Hunter,37,F,F,F,,,"6'0""",165.0,2002,"Virden, MB, CAN",72.0,,,,,,Virden,MB,CAN,,L
Canisius,Bottini,Stefano,26,LW,F,LW,RW,,"6'0""",181.0,2002,"Lugano, SUI",72.0,,,,,,Lugano,,SUI,,L
Canisius,Chiddenton,Rhys,8,LW,F,LW,,,"6'0""",183.0,2003,"Campbellville, ON, CAN",72.0,,,,,,Campbellville,ON,CAN,,L
Canisius,Cooke,Brice,4,LW,F,LW,,,"6'3""",190.0,2004,"Orangeville, ON, CAN",75.0,,,,,,Orangeville,ON,CAN,,L
Canisius,Elmy,David,94,C,F,C,,,"6'1""",198.0,2005,"Mississauga, ON, CAN",73.0,,,,,,Mississauga,ON,CAN,,R
Canisius,Funk,Trey,14,F,F,F,,,"6'1""",181.0,2002,"Redwood Meadows, AB, CAN",73.0,,,,,,Redwood Meadows,AB,CAN,,R
Canisius,Gillespie,Ryan,20,RW,F,RW,,,"6'0""",185.0,2003,"Toronto, ON, CAN",72.0,,,,,,Toronto,ON,CAN,,R
Canisius,Haldenby,Kyan,72,C,F,C,,,"6'2""",190.0,2004,"Toronto, ON, CAN",74.0,,,,,,Toronto,ON,CAN,,R
Canisius,Kiecker-Olson,Killian,88,C,F,C,,,"6'1""",190.0,2001,"Andover, MN, USA",73.0,,,,,,Andover,MN,USA,,R
Canisius,MacDougall,Christian,55,F,F,F,,,"6'0""",181.0,2001,"Toronto, ON, CAN",72.0,,,,,,Toronto,ON,CAN,,L
Canisius,McDermott,Alton,91,RW,F,RW,,,"5'10""",181.0,2001,"Oakville, ON, CAN",70.0,,,,,,Oakville,ON,CAN,,R
Canisius,Miller,Cole,15,F,F,F,,,"6'4""",190.0,2005,"Edmonton, AB, CAN",76.0,,,,,,Edmonton,AB,CAN,,R
Canisius,Porter,Grant,47,F,F,F,,,"5'11""",181.0,2002,"Weston, MA, USA",71.0,,,,,,Weston,MA,USA,,R
Canisius,Price,Hunter,61,F,F,F,,,"6'1""",194.0,2003,"Calgary, AB, CAN",73.0,,,,,,Calgary,AB,CAN,,R
Canisius,Rasmussen,Kash,12,F,F,F,,,"6'1""",179.0,2001,"Cochrane, AB, CAN",73.0,,,,,,Cochrane,AB,CAN,,L
Canisius,Tarr,Oliver,92,RW,F,RW,,,"6'0""",170.0,2002,"Uxbridge, ON, CAN",72.0,,,,,,Uxbridge,ON,CAN,,R
Canisius,Zacher,Walter,9,C,F,C,,,"5'11""",181.0,2002,"Buffalo, NY, USA",71.0,,,,,,Buffalo,NY,USA,,R
Clarkson,Avakyan,Nick,60,G,G,G,,,"6'1""",185.0,2004,"Glendale, CA, USA",73.0,,,,,,Glendale,CA,USA,,L
Clarkson,Soderwall,Shane,30,G,G,G,,,"6'2""",185.0,2002,"Algonquin, IL, USA",74.0,,,,,,Algonquin,IL,USA,,R
Clarkson,Brassington,Ty,44,D,D,D,,,"6'1""",185.0,2004,"White Rock, BC, CAN",73.0,,,,,,White Rock,BC,CAN,,L
Clarkson,Houle,Noah,3,D,D,D,,,"6'1""",192.0,2003,"Montréal, QC, CAN",73.0,,,,,,Montréal,QC,CAN,,R
Clarkson,Mayich,Matthew,21,D,D,D,,,"6'2""",196.0,2004,"Stoney Creek, ON, CAN",74.0,,,,,,Stoney Creek,ON,CAN,,L
Clarkson,Sarsland,Tristan,5,D,D,D,,,"6'1""",203.0,2004,"Wayzata, MN, USA",73.0,,,,,,Wayzata,MN,USA,,R
Clarkson,Sookro,Bryce,72,D,D,D,,,"6'1""",223.0,2004,"Nelson, BC, CAN",73.0,,,,,,Nelson,BC,CAN,,R
Clarkson,Sparkes,Jack,55,D,D,D,,,"6'8""",238.0,2003,"Ottawa, ON, CAN",80.0,,,,,,Ottawa,ON,CAN,,R
Clarkson,Taylor,Tate,27,D,D,D,,,"5'11""",174.0,2004,"Richmond, BC, CAN",71.0,,,,,,Richmond,BC,CAN,,R
Clarkson,Bargholtz,Erik,9,F,F,F,,,"6'1""",194.0,2001,"Appleton, WI, USA",73.0,,,,,,Appleton,WI,USA,,R
Clarkson,Bottrill,Ryan,16,F,F,F,,,"6'1""",185.0,2002,"Scottsdale, AZ, USA",73.0,,,,,,Scottsdale,AZ,USA,,R
Clarkson,Côté,Justin,92,C,F,C,,,"5'6""",163.0,2004,"Salaberry-de-Valleyfield, QC, CAN",66.0,,,,,,Salaberry-de-Valleyfield,QC,CAN,,L
Clarkson,Gélinas,Rémi,,C,F,C,,,"6'0""",187.0,2005,"Deux-Montagnes, QC, CAN",72.0,,,,,,Deux-Montagnes,QC,CAN,,L
Clarkson,Hellyer,Conyr,28,F,F,F,,,"6'3""",209.0,2004,"Okotoks, AB, CAN",75.0,,,,,,Okotoks,AB,CAN,,L
Clarkson,Huchette,Mikael,91,C,F,C,,,"6'3""",198.0,2003,"Longueuil, QC, CAN",75.0,,,,,,Longueuil,QC,CAN,,R
Clarkson,Letourneau,Jace,81,F,F,F,,,"6'5""",190.0,2004,"Arnprior, ON, CAN",77.0,,,,,,Arnprior,ON,CAN,,L
Clarkson,Mangan,Jared,20,C,F,C,,,"5'10""",172.0,2003,"Charleston, SC, USA",70.0,,,,,,Charleston,SC,USA,,L
Clarkson,Misaljevic,Adrian,86,C,F,C,,,"5'11""",174.0,2004,"Woodbridge, ON, CAN",71.0,,,,,,Woodbridge,ON,CAN,,L
Clarkson,Moberg,Oliver,23,RW,F,RW,,,"6'3""",201.0,2003,"Bromma, SWE",75.0,,,,,,Bromma,,SWE,,L
Clarkson,O'Donnell,Shawn,13,F,F,F,,,"5'11""",181.0,2003,"Pittsburgh, PA, USA",71.0,,,,,,Pittsburgh,PA,USA,,L
Clarkson,Pakulak,Luke,29,F,F,F,,,"6'4""",205.0,2003,"Surrey, BC, CAN",76.0,,,,,,Surrey,BC,CAN,,R
Clarkson,Sigurdson,Talon,14,F,F,F,,,"6'2""",181.0,2002,"Sartell, MN, USA",74.0,,,,,,Sartell,MN,USA,,R
Clarkson,Smith,Colton,18,LW,F,LW,,,"6'3""",209.0,2004,"Hershey, PA, USA",75.0,,,,,,Hershey,PA,USA,,L
Clarkson,Sukovic,Luka,11,F,F,F,,,"6'3""",201.0,2003,"Lincolnshire, IL, USA",75.0,,,,,,Lincolnshire,IL,USA,,R
Clarkson,Steensel,Owen Van,19,LW,F,LW,,,"5'10""",185.0,2004,"Ilderton, ON, CAN",70.0,,,,,,Ilderton,ON,CAN,,L
Colgate,Dyck,Reid,37,G,G,G,,,"6'4""",196.0,2004,"Winkler, MB, CAN",76.0,,,,,,Winkler,MB,CAN,,L
Colgate,Haas,Nick,30,G,G,G,,,"6'4""",194.0,2001,"Williamsville, NY, USA",76.0,,,,,,Williamsville,NY,USA,,L
Colgate,Olson,Jack,35,G,G,G,,,"6'1""",174.0,2003,"St. Louis Park, MN, USA",73.0,,,,,,St. Louis Park,MN,USA,,R
Colgate,Takacs,Andrew,1,G,G,G,,,"6'2""",190.0,2001,"Bowie, MD, USA",74.0,,,,,,Bowie,MD,USA,,L
Colgate,Fernandez,Antonio,11,D,D,D,,,"5'8""",179.0,2003,"San Jose, CA, USA",68.0,,,,,,San Jose,CA,USA,,R
Colgate,Malboeuf,Luke,28,D,D,D,,,"6'0""",190.0,2005,"Monroeville, PA, USA",72.0,,,,,,Monroeville,PA,USA,,R
Colgate,Merner,Brett,27,D,D,D,,,"6'1""",181.0,2004,"Nanaimo, BC, CAN",73.0,,,,,,Nanaimo,BC,CAN,,R
Colgate,Metz,Bobby,6,D,D,D,,,"5'9""",179.0,2001,"Detroit, MI, USA",69.0,,,,,,Detroit,MI,USA,,R
Colgate,Napier,Jacob,5,D,D,D,,,"6'2""",205.0,2003,"Lancaster, NY, USA",74.0,,,,,,Lancaster,NY,USA,,L
Colgate,Neumeier,Michael,3,D,D,D,,,"6'2""",194.0,2003,"Kerrobert, SK, CAN",74.0,,,,,,Kerrobert,SK,CAN,,L
Colgate,Niedermayer,Joshua,26,D,D,D,,,"6'0""",185.0,2004,"Newport Beach, CA, USA",72.0,,,,,,Newport Beach,CA,USA,,L
Colgate,Norlin,Isaiah,9,D,D,D,,,"6'6""",205.0,2003,"Minneapolis, MN, USA",78.0,,,,,,Minneapolis,MN,USA,,R
Colgate,Brandt,Jack,14,F,F,F,,,"5'10""",170.0,2004,"Columbus, OH, USA",70.0,,,,,,Columbus,OH,USA,,L
Colgate,Dadiè,Simone,10,F,F,F,,,"6'2""",205.0,2003,"Brunico, ITA",74.0,,,,,,Brunico,,ITA,,L
Colgate,Doucette,Tyson,25,C,F,C,,,"6'0""",181.0,2004,"Sault Ste. Marie, ON, CAN",72.0,,,,,,Sault Ste. Marie,ON,CAN,,L
Colgate,Labelle,Simon,7,LW,F,LW,,,"5'10""",176.0,2002,"Ottawa, ON, CAN",70.0,,,,,,Ottawa,ON,CAN,,L
Colgate,Nagel,Max,13,F,F,F,,,"5'8""",161.0,2004,"West St. Paul, MN, USA",68.0,,,,,,West St. Paul,MN,USA,,R
Colgate,Neuharth,Owen,23,C,F,C,,,"5'11""",176.0,2001,"Prior Lake, MN, USA",71.0,,,,,,Prior Lake,MN,USA,,R
Colgate,Newton,Robby,22,F,F,F,,,"5'9""",194.0,2001,"Milwaukee, WI, USA",69.0,,,,,,Milwaukee,WI,USA,,R
Colgate,Panetta,Daniel,12,C,F,C,,,"5'10""",174.0,2001,"Belleville, ON, CAN",70.0,,,,,,Belleville,ON,CAN,,L
Colgate,Patella,Davide,29,C,F,C,,,"6'2""",194.0,2004,"Laval, QC, CAN",74.0,,,,,,Laval,QC,CAN,,L
Colgate,Rexine,Nicholas,21,C,F,C,,,"6'2""",194.0,2002,"Syracuse, NY, USA",74.0,,,,,,Syracuse,NY,USA,,R
Colgate,Schneider,Jake,24,RW,F,RW,,,"5'11""",198.0,2002,"Plymouth, MN, USA",71.0,,,,,,Plymouth,MN,USA,,R
Colgate,Spinale,Ryan,19,F,F,F,,,"6'6""",216.0,2004,"Plymouth, MA, USA",78.0,,,,,,Plymouth,MA,USA,,R
Colgate,Sullivan,Ryan,16,F,F,F,,,"6'2""",190.0,2002,"Calgary, AB, CAN",74.0,,,,,,Calgary,AB,CAN,,L
Colgate,Wainwright,Easton,20,C,F,C,,,"5'10""",190.0,2005,"Mount Hope, ON, CAN",70.0,,,,,,Mount Hope,ON,CAN,,L
Colorado College,Dempsey,Beckham,1,G,G,G,,,"6'1""",183.0,2004,"Wayne, IL, USA",73.0,,,,,,Wayne,IL,USA,,L
Colorado College,Mbereko,Kaidan,33,G,G,G,,,"5'11""",185.0,2003,"West Bloomfield, MI, USA",71.0,,,,,,West Bloomfield,MI,USA,,L
Colorado College,Unger,Jackson,30,G,G,G,,,"6'2""",190.0,2005,"Calgary, AB, CAN",74.0,,,,,,Calgary,AB,CAN,,R
Colorado College,Baer,Nick,15,D,D,D,,,"6'0""",185.0,2004,"Minnetonka, MN, USA",72.0,,,,,,Minnetonka,MN,USA,,R
Colorado College,Blais-Savoie,Philippe,7,D,D,D,,,"6'1""",196.0,2005,"San Jose, CA, USA",73.0,,,,,,San Jose,CA,USA,,L
Colorado College,Burkholder,Max,4,D,D,D,,,"5'9""",176.0,2003,"Chaska, MN, USA",69.0,,,,,,Chaska,MN,USA,,R
Colorado College,Constance,Seth,3,D,D,D,,,"6'2""",187.0,2004,"Northville, MI, USA",74.0,,,,,,Northville,MI,USA,,R
Colorado College,Koering,Ryan,5,D,D,D,,,"6'4""",194.0,2005,"Eden Prairie, MN, USA",76.0,,,,,,Eden Prairie,MN,USA,,L
Colorado College,Mann,Matteo,27,D,D,D,,,"6'6""",229.0,2004,"Sackville, NB, CAN",78.0,,,,,,Sackville,NB,CAN,,R
Colorado College,Roberts,Colton,6,D,D,D,,,"6'4""",209.0,2006,"Ridge Meadows, BC, CAN",76.0,,,,,,Ridge Meadows,BC,CAN,,R
Colorado College,Scott,Fisher,18,D,D,D,,,"6'2""",185.0,2004,"Carbondale, CO, USA",74.0,,,,,,Carbondale,CO,USA,,L
Colorado College,Alexander,Ryan,21,C,F,C,LW,,"5'11""",176.0,2002,"Toronto, ON, CAN",71.0,,,,,,Toronto,ON,CAN,,L
Colorado College,Beckner,Owen,9,C,F,C,,,"6'2""",190.0,2005,"Victoria, BC, CAN",74.0,,,,,,Victoria,BC,CAN,,L
Colorado College,Björck,Wilson,26,LW,F,LW,C,,"6'0""",165.0,2006,"Stockholm, SWE",72.0,,,,,,Stockholm,,SWE,,L
Colorado College,Brisson,Jordan,22,F,F,F,,,"6'2""",190.0,2003,"Manhattan Beach, CA, USA",74.0,,,,,,Manhattan Beach,CA,USA,,L
Colorado College,Hvidston,Connor,14,C,F,C,,,"6'3""",185.0,2004,"Tisdale, SK, CAN",75.0,,,,,,Tisdale,SK,CAN,,L
Colorado College,Kozlina,Shane,12,F,F,F,,,"5'11""",174.0,2004,"Cranberry Township, PA, USA",71.0,,,,,,Cranberry Township,PA,USA,,L
Colorado College,Lindberg,Gavin,20,F,F,F,,,"6'1""",194.0,2004,"Fergus Falls, MN, USA",73.0,,,,,,Fergus Falls,MN,USA,,R
Colorado College,Link,Bret,10,RW,F,RW,LW,,"6'3""",196.0,2002,"Anchorage, AK, USA",75.0,,,,,,Anchorage,AK,USA,,R
Colorado College,Lisowsky,Brandon,8,LW,F,LW,,,"5'9""",183.0,2004,"Port Coquitlam, BC, CAN",69.0,,,,,,Port Coquitlam,BC,CAN,,L
Colorado College,Montgomery,Drew,29,F,F,F,,,"5'11""",174.0,2003,"Grand Forks, ND, USA",71.0,,,,,,Grand Forks,ND,USA,,L
Colorado College,Mrsic,Mateo,19,F,F,F,,,"5'11""",185.0,2004,"Cloverdale, BC, CAN",71.0,,,,,,Cloverdale,BC,CAN,,L
Colorado College,Mrsic,Tomas,17,C,F,C,,,"6'0""",174.0,2006,"Surrey, BC, CAN",72.0,,,,,,Surrey,BC,CAN,,L
Colorado College,Schuurman,Brayden,28,C,F,C,RW,,"5'10""",201.0,2004,"Abbotsford, BC, CAN",70.0,,,,,,Abbotsford,BC,CAN,,R
Colorado College,Steenari,Merril,13,F,F,F,,,"5'10""",181.0,2004,"Aliso Viejo, CA, USA",70.0,,,,,,Aliso Viejo,CA,USA,,R
Colorado College,Stuart,Riley,25,F,F,F,,,"6'2""",209.0,2002,"Phoenix, AZ, USA",74.0,,,,,,Phoenix,AZ,USA,,R
Colorado College,Veinbergs,Klavs,24,C,F,C,LW,,"6'3""",212.0,2003,"Riga, LAT",75.0,,,,,,Riga,,LAT,,L
Connecticut,Hendrickson,Kam,,G,G,G,,,"6'2""",185.0,2006,"Chanhassen, MN, USA",74.0,,,,,,Chanhassen,MN,USA,,R
Connecticut,Sanborn,Ryan,,G,G,G,,,"6'2""",190.0,2005,"Brookfield, CT, USA",74.0,,,,,,Brookfield,CT,USA,,L
Connecticut,Allain-Samaké,Anthony,,D,D,D,,,"6'2""",183.0,2007,"Gatineau, QC, CAN",74.0,,,,,,Gatineau,QC,CAN,,L
Connecticut,Dunphy,Brendan,,D,D,D,,,"6'5""",207.0,2006,"San Diego, CA, USA",77.0,,,,,,San Diego,CA,USA,,L
Connecticut,Blais,Alexandre,,LW,F,LW,C,,"5'10""",176.0,2005,"Longueuil, QC, CAN",70.0,,,,,,Longueuil,QC,CAN,,L
Connecticut,Dezainde,Carlin,,F,F,F,,,"5'11""",172.0,2004,"Calgary, AB, CAN",71.0,,,,,,Calgary,AB,CAN,,L
Connecticut,Odyniec,Joseph,,RW,F,RW,,,"6'2""",201.0,2004,"Washington, DC, USA",74.0,,,,,,Washington,DC,USA,,R
Connecticut,Richard,Jake,19,RW,F,RW,LW,,"6'1""",194.0,2004,"Jacksonville, FL, USA",73.0,,,,,,Jacksonville,FL,USA,,R
Connecticut,Whitcomb,Ethan,71,RW,F,RW,LW,,"6'4""",209.0,2004,"St. Catharines, ON, CAN",76.0,,,,,,St. Catharines,ON,CAN,,L
Cornell,Cournoyer,Alexis,30,G,G,G,,,"6'4""",205.0,2005,"Trois-Rivières, QC, CAN",76.0,,,,,,Trois-Rivières,QC,CAN,,L
Cornell,Katz,Justin,37,G,G,G,,,"6'2""",183.0,2004,"Mont-Royal, QC, CAN",74.0,,,,,,Mont-Royal,QC,CAN,,R
Cornell,Keopple,Remington,33,G,G,G,,,"6'2""",190.0,2002,"Hudson, WI, USA",74.0,,,,,,Hudson,WI,USA,,L
Cornell,Roest,Erick,40,G,G,G,,,"6'0""",181.0,2004,"Lethbridge, AB, CAN",72.0,,,,,,Lethbridge,AB,CAN,,L
Cornell,Ashton,Luke,27,D,D,D,,,"6'6""",238.0,2005,"North Vancouver, BC, CAN",78.0,,,,,,North Vancouver,BC,CAN,,L
Cornell,Fegaras,George,6,D,D,D,,,"6'2""",212.0,2004,"Richmond Hill, ON, CAN",74.0,,,,,,Richmond Hill,ON,CAN,,R
Cornell,Fisher,Michael,16,D,D,D,,,"6'2""",194.0,2004,"Westborough, MA, USA",74.0,,,,,,Westborough,MA,USA,,R
Cornell,Gorski,Hudson,2,D,D,D,,,"6'3""",181.0,2005,"Scotch Plains, NJ, USA",75.0,,,,,,Scotch Plains,NJ,USA,,R
Cornell,Hamilton,Donovan,26,D,D,D,,,"6'3""",198.0,2005,"Buffalo, NY, USA",75.0,,,,,,Buffalo,NY,USA,,L
Cornell,McCrady,Luke,7,D,D,D,,,"6'3""",185.0,2005,"Calgary, AB, CAN",75.0,,,,,,Calgary,AB,CAN,,L
Cornell,Mosko,Marian,13,D,D,D,,,"6'0""",185.0,2004,"Zilina, SVK",72.0,,,,,,Zilina,,SVK,,L
Cornell,O'Brien,Jack,3,D,D,D,,,"6'0""",183.0,2003,"White Rock, BC, CAN",72.0,,,,,,White Rock,BC,CAN,,L
Cornell,Stanley,Hoyt,5,D,D,D,,,"6'3""",201.0,2005,"West Vancouver, BC, CAN",75.0,,,,,,West Vancouver,BC,CAN,,R
Cornell,Veilleux,Xavier,4,D,D,D,,,"6'1""",192.0,2006,"L'Ancienne-Lorette, QC, CAN",73.0,,,,,,L'Ancienne-Lorette,QC,CAN,,L
Cornell,Wolfenberg,Nicholas,24,D,D,D,,,"6'2""",212.0,2004,"Calgary, AB, CAN",74.0,,,,,,Calgary,AB,CAN,,R
Cornell,Arsenault,Connor,19,LW,F,LW,,,"6'2""",212.0,2006,"Saint John, NB, CAN",74.0,,,,,,Saint John,NB,CAN,,L
Cornell,Castagna,Jonathan,38,C,F,C,,,"6'2""",203.0,2005,"Etobicoke, ON, CAN",74.0,,,,,,Etobicoke,ON,CAN,,L
Cornell,Catalano,Tyler,15,C,F,C,RW,,"6'4""",216.0,2004,"St. Louis, MO, USA",76.0,,,,,,St. Louis,MO,USA,,R
Cornell,DeSantis,Nick,28,F,F,F,,,"5'9""",163.0,2002,"Collegeville, PA, USA",69.0,,,,,,Collegeville,PA,USA,,R
Cornell,Devlin,Luke,8,C,F,C,,,"6'3""",209.0,2004,"Memphis, TN, USA",75.0,,,,,,Memphis,TN,USA,,L
Cornell,DiGiulian,Giovanni,18,LW,F,LW,,,"6'1""",161.0,2005,"South Burlington, VT, USA",73.0,,,,,,South Burlington,VT,USA,,R
Cornell,Donaldson,Sean,11,LW,F,LW,,,"5'11""",192.0,2001,"Vancouver, BC, CAN",71.0,,,,,,Vancouver,BC,CAN,,L
Cornell,Hiscock,Reegan,21,LW,F,LW,,,"6'5""",209.0,2004,"St. John's, NL, CAN",77.0,,,,,,St. John's,NL,CAN,,L
Cornell,Kraft,Jacob,10,C,F,C,,,"5'8""",181.0,2003,"Rochester, NY, USA",68.0,,,,,,Rochester,NY,USA,,L
Cornell,Long,Aiden,17,LW,F,LW,RW,,"6'2""",209.0,2005,"Mono, ON, CAN",74.0,,,,,,Mono,ON,CAN,,L
Cornell,Major,Charlie,9,F,F,F,,,"5'10""",179.0,2004,"Skaneateles, NY, USA",70.0,,,,,,Skaneateles,NY,USA,,R
Cornell,Murray,Parker,29,F,F,F,,,"6'5""",229.0,2003,"Manhattan Beach, CA, USA",77.0,,,,,,Manhattan Beach,CA,USA,,L
Cornell,Pirtle,Chase,22,F,F,F,,,"6'2""",176.0,2005,"Far Hills, NJ, USA",74.0,,,,,,Far Hills,NJ,USA,,R
Cornell,Ryan,Caton,12,LW,F,LW,,,"6'1""",185.0,2006,"San Francisco, CA, USA",73.0,,,,,,San Francisco,CA,USA,,L
Cornell,Wallace,Winter,23,RW,F,RW,,,"6'4""",223.0,2002,"Boulder, CO, USA",76.0,,,,,,Boulder,CO,USA,,R
Cornell,Walsh,Ryan,14,C,F,C,RW,,"6'1""",187.0,2003,"Rochester, NY, USA",73.0,,,,,,Rochester,NY,USA,,R
Dartmouth,Clarke,Roan,32,G,G,G,,,"6'3""",190.0,2003,"Cloverdale, BC, CAN",75.0,,,,,,Cloverdale,BC,CAN,,L
Dartmouth,Croteau,Emmett,70,G,G,G,,,"6'4""",209.0,2003,"Bonnyville, AB, CAN",76.0,,,,,,Bonnyville,AB,CAN,,L
Dartmouth,Roberts,Mike,31,G,G,G,,,"6'1""",194.0,2002,"Wilton, CT, USA",73.0,,,,,,Wilton,CT,USA,,L
Dartmouth,Busconi,Tim,12,D,D,D,,,"6'1""",170.0,2004,"Milton, MA, USA",73.0,,,,,,Milton,MA,USA,,R
Dartmouth,Charpentier,Eric,2,D,D,D,,,"6'3""",205.0,2002,"Silver Spring, MD, USA",75.0,,,,,,Silver Spring,MD,USA,,L
Dartmouth,Cleaves,Cooper,22,D,D,D,,,"6'4""",205.0,2006,"Riverside, CT, USA",76.0,,,,,,Riverside,CT,USA,,R
Dartmouth,Desilets,Owen,43,D,D,D,,,"6'1""",174.0,2004,"Airdrie, AB, CAN",73.0,,,,,,Airdrie,AB,CAN,,L
Dartmouth,Devlin,Brock,20,D,D,D,,,"5'10""",165.0,2005,"Mission Viejo, CA, USA",70.0,,,,,,Mission Viejo,CA,USA,,L
Dartmouth,Foley,C.J.,4,D,D,D,,,"5'11""",174.0,2004,"Hanover, MA, USA",71.0,,,,,,Hanover,MA,USA,,R
Dartmouth,Fusco,Matthew,6,D,D,D,,,"5'11""",194.0,2003,"Westwood, MA, USA",71.0,,,,,,Westwood,MA,USA,,R
Dartmouth,Grable,Colin,9,D,D,D,,,"6'2""",196.0,2003,"Spring Lake, NJ, USA",74.0,,,,,,Spring Lake,NJ,USA,,R
Dartmouth,McRae,Tucker,5,D,D,D,,,"6'0""",190.0,2001,"Calgary, AB, CAN",72.0,,,,,,Calgary,AB,CAN,,L
Dartmouth,Clarke,Andrew,21,F,F,F,,,"5'11""",170.0,2004,"Creve Coeur, MO, USA",71.0,,,,,,Creve Coeur,MO,USA,,R
Dartmouth,Cleaves,Hank,18,F,F,F,,,"6'4""",201.0,2003,"Riverside, CT, USA",76.0,,,,,,Riverside,CT,USA,,L
Dartmouth,Cummings,Brock,71,C,F,C,,,"6'2""",194.0,2005,"Mississauga, ON, CAN",74.0,,,,,,Mississauga,ON,CAN,,L
Dartmouth,Grahme,Tyler,27,C,F,C,,,"5'11""",185.0,2004,"Bloomington, MN, USA",71.0,,,,,,Bloomington,MN,USA,,R
Dartmouth,Krause,Alexander,95,F,F,F,,,"6'1""",190.0,2001,"Calabasas, CA, USA",73.0,,,,,,Calabasas,CA,USA,,L
Dartmouth,MacDonald,Cameron,15,F,F,F,,,"5'9""",185.0,2002,"Surrey, BC, CAN",69.0,,,,,,Surrey,BC,CAN,,R
Dartmouth,Morin,Nathan,11,LW,F,LW,,,"5'9""",150.0,2004,"St-Augustin-de-Desmaures, QC, CAN",69.0,,,,,,St-Augustin-de-Desmaures,QC,CAN,,L
Dartmouth,Nikora,Nikita,7,C,F,C,,,"5'10""",170.0,2004,"St. Petersburg, RUS",70.0,,,,,,St. Petersburg,,RUS,,L
Dartmouth,Salani,Austin,8,F,F,F,,,"6'2""",194.0,2003,"Hancock, MI, USA",74.0,,,,,,Hancock,MI,USA,,R
Dartmouth,Schelling,Ryan,26,F,F,F,,,"6'0""",174.0,2004,"Airmont, NY, USA",72.0,,,,,,Airmont,NY,USA,,R
Dartmouth,Schenk,Joshua,13,F,F,F,,,"6'0""",163.0,2004,"Whitehorse, YT, CAN",72.0,,,,,,Whitehorse,YT,CAN,,R
Dartmouth,Silverberg,Jack,86,F,F,F,,,"5'9""",165.0,2004,"Sherwood Park, AB, CAN",69.0,,,,,,Sherwood Park,AB,CAN,,R
Dartmouth,Stavroff,Hayden,10,F,F,F,,,"5'11""",190.0,2004,"Dublin, OH, USA",71.0,,,,,,Dublin,OH,USA,,R
Dartmouth,Stefanek,Jason,92,F,F,F,,,"5'11""",165.0,2004,"Yorba Linda, CA, USA",71.0,,,,,,Yorba Linda,CA,USA,,R
Dartmouth,Vuorio,Oskari,24,C,F,C,,,"5'9""",174.0,2004,"Espoo, FIN",69.0,,,,,,Espoo,,FIN,,L
Denver,Geisel,Paxton,30,G,G,G,,,"6'1""",190.0,2004,"Estevan, SK, CAN",73.0,,,,,,Estevan,SK,CAN,,L
Denver,Hicks,Johnny,31,G,G,G,,,"5'11""",154.0,2005,"Kamloops, BC, CAN",71.0,,,,,,Kamloops,BC,CAN,,L
Denver,Miller,Quentin,29,G,G,G,,,"6'3""",187.0,2004,"Montréal, QC, CAN",75.0,,,,,,Montréal,QC,CAN,,L
Denver,Anderson,Kent,21,D,D,D,,,"6'3""",205.0,2003,"Calgary, AB, CAN",75.0,,,,,,Calgary,AB,CAN,,R
Denver,Ashcroft,Cale,3,D,D,D,,,"5'10""",185.0,2004,"St. Albert, AB, CAN",70.0,,,,,,St. Albert,AB,CAN,,L
Denver,Brown,Garrett,5,D,D,D,,,"6'3""",190.0,2004,"San Jose, CA, USA",75.0,,,,,,San Jose,CA,USA,,R
Denver,Buckberger,Boston,9,D,D,D,,,"5'11""",172.0,2003,"Saskatoon, SK, CAN",71.0,,,,,,Saskatoon,SK,CAN,,L
Denver,Jamieson,Eric,15,D,D,D,,,"6'3""",205.0,2005,"Calgary, AB, CAN",75.0,,,,,,Calgary,AB,CAN,,L
Denver,Pitner,Tory,2,D,D,D,,,"6'1""",190.0,2006,"Greenwich, CT, USA",73.0,,,,,,Greenwich,CT,USA,,R
Denver,Pohlkamp,Eric,23,D,D,D,,,"5'11""",205.0,2004,"Brainerd, MN, USA",71.0,,,,,,Brainerd,MN,USA,,R
Denver,Whipple,Alec,6,D,D,D,,,"6'0""",181.0,2004,"Far Hills, NJ, USA",72.0,,,,,,Far Hills,NJ,USA,,R
Denver,Burrows,Hagen,13,C,F,C,,,"6'3""",176.0,2005,"Orono, MN, USA",75.0,,,,,,Orono,MN,USA,,R
Denver,Caswell,Clarke,25,LW,F,LW,,,"5'11""",181.0,2006,"Brandon, MB, CAN",71.0,,,,,,Brandon,MB,CAN,,L
Denver,Cebrian,Kieran,24,F,F,F,,,"6'2""",194.0,2003,"Denver, CO, USA",74.0,,,,,,Denver,CO,USA,,L
Denver,Chyzowski,Kyle,16,F,F,F,,,"5'10""",170.0,2004,"Surrey, BC, CAN",70.0,,,,,,Surrey,BC,CAN,,L
Denver,Epperson,Kristian,8,LW,F,LW,,,"6'0""",185.0,2006,"Mequon, WI, USA",72.0,,,,,,Mequon,WI,USA,,L
Denver,Fisher,Jake,19,C,F,C,LW,,"6'2""",192.0,2005,"Woodbury, MN, USA",74.0,,,,,,Woodbury,MN,USA,,L
Denver,Harris,Sam,12,LW,F,LW,,,"5'11""",185.0,2003,"San Diego, CA, USA",71.0,,,,,,San Diego,CA,USA,,L
Denver,Lajoy,Peter,17,F,F,F,,,"5'7""",165.0,2002,"Evergreen, CO, USA",67.0,,,,,,Evergreen,CO,USA,,L
Denver,Lorenz,Rieger,14,LW,F,LW,C,,"6'2""",194.0,2004,"Calgary, AB, CAN",74.0,,,,,,Calgary,AB,CAN,,L
Denver,McMorrow,Brendan,22,LW,F,LW,,,"6'0""",190.0,2006,"Lakeville, MN, USA",72.0,,,,,,Lakeville,MN,USA,,L
Denver,Milburn,Brady,10,C,F,C,,,"6'1""",194.0,2005,"Kamloops, BC, CAN",73.0,,,,,,Kamloops,BC,CAN,,L
Denver,Nelson,Payton,18,F,F,F,,,"5'11""",174.0,2005,"Centennial, CO, USA",71.0,,,,,,Centennial,CO,USA,,R
Denver,Reeder,James,27,RW,F,RW,,,"5'10""",168.0,2005,"Glenview, IL, USA",70.0,,,,,,Glenview,IL,USA,,R
Denver,Salminen,Samu,11,C,F,C,LW,,"6'2""",185.0,2003,"Helsinki, FIN",74.0,,,,,,Helsinki,,FIN,,L
Denver,Varkonyi,Reid,28,C,F,C,,,"5'10""",183.0,2006,"Sherwood Park, AB, CAN",70.0,,,,,,Sherwood Park,AB,CAN,,L
Ferris State,Hedquist,Hobie,,G,G,G,,,"6'2""",194.0,2003,"Heron Lake, MN, USA",74.0,,,,,,Heron Lake,MN,USA,,L
Ferris State,Rupprecht,Noah,,G,G,G,,,"5'11""",179.0,2002,"Thief River Falls, MN, USA",71.0,,,,,,Thief River Falls,MN,USA,,L
Ferris State,Mesic,Jack,,D,D,D,,,"5'11""",185.0,2002,"Plymouth, MI, USA",71.0,,,,,,Plymouth,MI,USA,,R
Ferris State,Morse,Brian,,D,D,D,,,"6'1""",165.0,2003,"Fresno, CA, USA",73.0,,,,,,Fresno,CA,USA,,R
Ferris State,Piironen,Valtteri,,D,D,D,,,"6'4""",201.0,2001,"Pyhäselkä, FIN",76.0,,,,,,Pyhäselkä,,FIN,,L
Ferris State,Brown,Caden,,C,F,C,,,"5'11""",190.0,2003,"St. Louis, MO, USA",71.0,,,,,,St. Louis,MO,USA,,L
Ferris State,Dukovac,Max,,F,F,F,,,"6'2""",181.0,2002,"Aurora, IL, USA",74.0,,,,,,Aurora,IL,USA,,L
Ferris State,Giesbrecht,Gavin,,F,F,F,,,"6'0""",181.0,2004,"Abbotsford, BC, CAN",72.0,,,,,,Abbotsford,BC,CAN,,R
Ferris State,Lundy,John,,F,F,F,,,"5'9""",163.0,2001,"Brooklyn, NY, USA",69.0,,,,,,Brooklyn,NY,USA,,L
Ferris State,Merrick,Adyn,,F,F,F,,,"6'1""",201.0,2005,"Saline, MI, USA",73.0,,,,,,Saline,MI,USA,,R
Ferris State,Rapalje,Carter,,F,F,F,,,"5'11""",170.0,2001,"Burlington, VT, USA",71.0,,,,,,Burlington,VT,USA,,R
Ferris State,Rowe,Tanner,,F,F,F,,,"6'1""",190.0,2002,"Calumet, MI, USA",73.0,,,,,,Calumet,MI,USA,,L
Ferris State,Wallack,Riley,,F,F,F,,,"6'6""",249.0,2001,"South Surrey, BC, CAN",78.0,,,,,,South Surrey,BC,CAN,,L
Ferris State,Zary,Josh,,F,F,F,,,"6'1""",190.0,2001,"Nanaimo, BC, CAN",73.0,,,,,,Nanaimo,BC,CAN,,L
Harvard,Charette,Ben,31,G,G,G,,,"6'3""",183.0,2003,"Aurora, ON, CAN",75.0,,,,,,Aurora,ON,CAN,,L
Harvard,Zhang,Evan,1,G,G,G,,,"6'2""",165.0,2006,"Sherborn, MA, USA",74.0,,,,,,Sherborn,MA,USA,,L
Harvard,Biotti,Matthew,,D,D,D,,,"6'4""",181.0,2004,"Cambridge, MA, USA",76.0,,,,,,Cambridge,MA,USA,,R
Harvard,Bracco,Donato,,D,D,D,,,"5'10""",161.0,2007,"Locust Valley, NY, USA",70.0,,,,,,Locust Valley,NY,USA,,L
Harvard,Healey,Ryan,9,D,D,D,,,"6'0""",183.0,2004,"Chicago, IL, USA",72.0,,,,,,Chicago,IL,USA,,R
Harvard,Hejduk,David,10,D,D,D,,,"6'2""",205.0,2004,"Parker, CO, USA",74.0,,,,,,Parker,CO,USA,,R
Harvard,Keohane,Sean,5,D,D,D,,,"6'4""",205.0,2004,"Boston, MA, USA",76.0,,,,,,Boston,MA,USA,,L
Harvard,Langenbrunner,Mason,22,D,D,D,,,"6'3""",194.0,2002,"Dallas, TX, USA",75.0,,,,,,Dallas,TX,USA,C,R
Harvard,Mackey,James,,D,D,D,,,"6'6""",243.0,2005,"Villanova, PA, USA",78.0,,,,,,Villanova,PA,USA,,L
Harvard,Murray,Drake,,D,D,D,,,"6'1""",201.0,2006,"Manhattan Beach, CA, USA",73.0,,,,,,Manhattan Beach,CA,USA,,R
Harvard,St-Louis,Lucas,26,D,D,D,,,"5'11""",181.0,2005,"Burlington, VT, USA",71.0,,,,,,Burlington,VT,USA,,L
Harvard,Callow,Michael,18,RW,F,RW,LW,,"6'4""",207.0,2004,"Boston, MA, USA",76.0,,,,,,Boston,MA,USA,,R
Harvard,Fine,Ryan,11,F,F,F,,,"5'9""",183.0,2005,"Center Moriches, NY, USA",69.0,,,,,,Center Moriches,NY,USA,,R
Harvard,Gallant,Richard,,LW,F,LW,,,"5'8""",170.0,2007,"Concord, MA, USA",68.0,,,,,,Concord,MA,USA,,L
Harvard,Guzzo,Salvatore,23,F,F,F,,,"6'1""",185.0,2005,"Old Tappan, NJ, USA",73.0,,,,,,Old Tappan,NJ,USA,,R
Harvard,Hejduk,Marek,13,F,F,F,,,"6'1""",190.0,2004,"Parker, CO, USA",73.0,,,,,,Parker,CO,USA,,R
Harvard,Hughes,William,17,C,F,C,,,"6'3""",216.0,2004,"Andover, MA, USA",75.0,,,,,,Andover,MA,USA,,R
Harvard,Johnson,Cameron,21,C,F,C,,,"5'10""",168.0,2004,"Vancouver, BC, CAN",70.0,,,,,,Vancouver,BC,CAN,,L
Harvard,Lane,Aidan,,RW,F,RW,LW,,"6'1""",192.0,2007,"Mississauga, ON, CAN",73.0,,,,,,Mississauga,ON,CAN,,R
Harvard,MacDonald,Ben,19,C,F,C,,,"6'1""",194.0,2004,"Weston, MA, USA",73.0,,,,,,Weston,MA,USA,,L
Harvard,McDonough,Will,16,C,F,C,,,"6'2""",201.0,2005,"Duxbury, MA, USA",74.0,,,,,,Duxbury,MA,USA,,R
Harvard,Miller,Joe,12,C,F,C,,,"5'10""",165.0,2002,"Minneapolis, MN, USA",70.0,,,,,,Minneapolis,MN,USA,C,R
Harvard,Ruohonen,Heikki,,C,F,C,,,"6'2""",205.0,2006,"Helsinki, FIN",74.0,,,,,,Helsinki,,FIN,,L
Harvard,Scholle,Sully,14,F,F,F,,,"5'10""",176.0,2003,"Chaska, MN, USA",70.0,,,,,,Chaska,MN,USA,,L
Harvard,Severo,Casey,29,C,F,C,,,"5'11""",181.0,2001,"Pittsford, NY, USA",71.0,,,,,,Pittsford,NY,USA,,R
Harvard,Solovey,Justin,25,F,F,F,,,"6'2""",209.0,2004,"Holmdel, NJ, USA",74.0,,,,,,Holmdel,NJ,USA,,L
Harvard,Stefanek,Chase,,C,F,C,,,"6'2""",192.0,2006,"Yorba Linda, CA, USA",74.0,,,,,,Yorba Linda,CA,USA,,L
Harvard,Thompson,Mick,27,LW,F,LW,,,"5'9""",192.0,2004,"Toronto, ON, CAN",69.0,,,,,,Toronto,ON,CAN,,L
Harvard,Tresca,Philip,7,C,F,C,,,"6'0""",196.0,2002,"Boston, MA, USA",72.0,,,,,,Boston,MA,USA,,R
Holy Cross,Hogg,Louden,1,G,G,G,,,"5'11""",170.0,2002,"Cheyenne, WY, USA",71.0,,,,,,Cheyenne,WY,USA,,L
Holy Cross,Leroux,Danick,30,G,G,G,,,"6'2""",201.0,2005,"Candiac, QC, CAN",74.0,,,,,,Candiac,QC,CAN,,L
Holy Cross,Mackenzie,Connor,33,G,G,G,,,"6'0""",179.0,2002,"Toronto, ON, CAN",72.0,,,,,,Toronto,ON,CAN,,L
Holy Cross,Biakabutuka,Anthony,4,D,D,D,,,"6'3""",194.0,2006,"Longueuil, QC, CAN",75.0,,,,,,Longueuil,QC,CAN,,L
Holy Cross,Buckley,Ryan,8,D,D,D,,,"6'1""",179.0,2004,"Warwick, RI, USA",73.0,,,,,,Warwick,RI,USA,,R
Holy Cross,Elias,William,13,D,D,D,,,"6'0""",179.0,2003,"Weston, MA, USA",72.0,,,,,,Weston,MA,USA,,R
Holy Cross,Gagno,Brody,3,D,D,D,,,"6'1""",190.0,2002,"South Surrey, BC, CAN",73.0,,,,,,South Surrey,BC,CAN,,R
Holy Cross,Getz,Lachlan,2,D,D,D,,,"6'3""",185.0,2002,"Northfield, IL, USA",75.0,,,,,,Northfield,IL,USA,,R
Holy Cross,Johnston,Owain,14,D,D,D,,,"6'1""",194.0,2003,"Toronto, ON, CAN",73.0,,,,,,Toronto,ON,CAN,,R
Holy Cross,LeFranc,Ben,23,D,D,D,,,"5'9""",176.0,2003,"Penticton, BC, CAN",69.0,,,,,,Penticton,BC,CAN,,R
Holy Cross,McCall,Quinn,37,D,D,D,,,"5'11""",181.0,2005,"St. John, IN, USA",71.0,,,,,,St. John,IN,USA,,R
Holy Cross,Oliphant,Mack,27,D,D,D,,,"6'3""",194.0,2002,"Northbrook, IL, USA",75.0,,,,,,Northbrook,IL,USA,,R
Holy Cross,Troutwine,Will,5,D,D,D,,,"6'3""",216.0,2002,"Eveleth, MN, USA",75.0,,,,,,Eveleth,MN,USA,,L
Holy Cross,Williams,Dax,24,D,D,D,,,"6'0""",201.0,2005,"Calgary, AB, CAN",72.0,,,,,,Calgary,AB,CAN,,L
Holy Cross,Abgrall,Michael,11,C,F,C,,,"5'11""",172.0,2003,"Richmond, BC, CAN",71.0,,,,,,Richmond,BC,CAN,,L
Holy Cross,Carone,Anthony,7,F,F,F,,,"6'1""",183.0,2003,"Pittsburgh, PA, USA",73.0,,,,,,Pittsburgh,PA,USA,,R
Holy Cross,DeBoer,Matt,17,,,,,,"6'0""",185.0,2002,"Madison, NJ, USA",72.0,,,,,,Madison,NJ,USA,,R
Holy Cross,Eyre,Noah,38,F,F,F,,,"5'11""",176.0,2004,"Vienna, VA, USA",71.0,,,,,,Vienna,VA,USA,,R
Holy Cross,Gagno,Ty,18,F,F,F,,,"6'2""",185.0,2003,"Langley, BC, CAN",74.0,,,,,,Langley,BC,CAN,,R
Holy Cross,Heinke,Timothy,6,RW,F,RW,,,"6'1""",194.0,2001,"Kensington, CT, USA",73.0,,,,,,Kensington,CT,USA,,R
Holy Cross,Hymovitch,David,10,F,F,F,,,"5'11""",176.0,2003,"Phoenix, AZ, USA",71.0,,,,,,Phoenix,AZ,USA,,R
Holy Cross,Kim,Owen,21,F,F,F,,,"5'8""",161.0,2004,"North Vancouver, BC, CAN",68.0,,,,,,North Vancouver,BC,CAN,,R
Holy Cross,Kursonis,Matt,12,C,F,C,LW,,"6'1""",187.0,2004,"Worcester, MA, USA",73.0,,,,,,Worcester,MA,USA,,L
Holy Cross,Phillips,Devin,20,F,F,F,,,"5'9""",170.0,2001,"Raleigh, NC, USA",69.0,,,,,,Raleigh,NC,USA,,L
Holy Cross,Reardon,Will,26,RW,F,RW,LW,,"6'6""",216.0,2004,"Philadelphia, PA, USA",78.0,,,,,,Philadelphia,PA,USA,,R
Holy Cross,Seymour,Jack,28,RW,F,RW,,,"5'11""",170.0,2001,"Chelsea, QC, CAN",71.0,,,,,,Chelsea,QC,CAN,,R
Holy Cross,Smith,Jarrod,15,F,F,F,,,"5'10""",165.0,2004,"West Vancouver, BC, CAN",70.0,,,,,,West Vancouver,BC,CAN,,R
Holy Cross,Solimine,Joe,34,C,F,C,,,"5'8""",165.0,2002,"Middleton, MA, USA",68.0,,,,,,Middleton,MA,USA,,L
Holy Cross,Stockfish,Jack,19,C,F,C,,,"6'4""",216.0,2002,"North Bay, ON, CAN",76.0,,,,,,North Bay,ON,CAN,,R
Holy Cross,Welsh,Connor,29,F,F,F,,,"5'11""",174.0,2004,"Greenwich, CT, USA",71.0,,,,,,Greenwich,CT,USA,,R
Lake Superior,Manji,Adam,,G,G,G,,,"6'5""",185.0,2003,"New Westminster, BC, CAN",77.0,,,,,,New Westminster,BC,CAN,,L
Lake Superior,Oke,Andrew,,G,G,G,,,"6'2""",190.0,2004,"Shelby Township, MI, USA",74.0,,,,,,Shelby Township,MI,USA,,L
Lake Superior,Richardson,Carter,,G,G,G,,,"6'2""",185.0,2005,"Dartmouth, NS, CAN",74.0,,,,,,Dartmouth,NS,CAN,,L
Lake Superior,Volsky,Nikita,,G,G,G,,,"6'2""",190.0,2004,"Minsk, BLR",74.0,,,,,,Minsk,,BLR,,L
Lake Superior,Antonacci,Luke,,D,D,D,,,"5'9""",170.0,2002,"Princeton, NJ, USA",69.0,,,,,,Princeton,NJ,USA,,R
Lake Superior,Bélanger,Samuel,,D,D,D,,,"6'4""",223.0,2004,"Montréal, QC, CAN",76.0,,,,,,Montréal,QC,CAN,,L
Lake Superior,Galloway,Tyson,,D,D,D,,,"6'4""",201.0,2003,"Kamloops, BC, CAN",76.0,,,,,,Kamloops,BC,CAN,,L
Lake Superior,Ranström,Max,,D,D,D,,,"5'11""",192.0,2004,"Filipstad, SWE",71.0,,,,,,Filipstad,,SWE,,L
Lake Superior,Beck,Ryan,,C,F,C,,,"5'9""",194.0,2002,"Linden, MI, USA",69.0,,,,,,Linden,MI,USA,,L
Lake Superior,DiVita,Gianni,,F,F,F,,,"6'4""",194.0,2005,"Grosse Pointe Farms, MI, USA",76.0,,,,,,Grosse Pointe Farms,MI,USA,,L
Lake Superior,Mangone,Calem,,RW,F,RW,,,"5'9""",165.0,2004,"Sault Ste. Marie, ON, CAN",69.0,,,,,,Sault Ste. Marie,ON,CAN,,R
Lake Superior,Mason,Matheson,,C,F,C,,,"6'0""",174.0,2004,"Toronto, ON, CAN",72.0,,,,,,Toronto,ON,CAN,,L
Lake Superior,Ramos,Hunter,,F,F,F,,,"5'9""",161.0,2005,"Fort Wayne, IN, USA",69.0,,,,,,Fort Wayne,IN,USA,,L
Lake Superior,Sasaki,Kazumo,,F,F,F,,,"5'10""",150.0,2005,"Nishitokyo, JPN",70.0,,,,,,Nishitokyo,,JPN,,L
Lake Superior,Shaw,Reese,,C,F,C,RW,,"6'2""",194.0,2005,"Coon Rapids, MN, USA",74.0,,,,,,Coon Rapids,MN,USA,,R
Lake Superior,Sobush,Pierson,,LW,F,LW,,,"5'9""",170.0,2004,"Sudbury, ON, CAN",69.0,,,,,,Sudbury,ON,CAN,,L
Lindenwood,Beerman,Liam,35,G,G,G,,,"6'0""",165.0,2004,"Marquette, MI, USA",72.0,,,,,,Marquette,MI,USA,,L
Lindenwood,Knapp,Klayton,31,G,G,G,,,"6'0""",190.0,2003,"Sylvania, OH, USA",72.0,,,,,,Sylvania,OH,USA,,L
Lindenwood,Ronan,Colin,29,G,G,G,,,"6'2""",190.0,2003,"Saugus, MA, USA",74.0,,,,,,Saugus,MA,USA,,L
Lindenwood,Bevilacqua,Michael,15,D,D,D,,,"6'2""",205.0,2003,"Hamburg, NY, USA",74.0,,,,,,Hamburg,NY,USA,,L
Lindenwood,Delaney,Jacob,8,D,D,D,,,"6'2""",218.0,2004,"Glen Ellyn, IL, USA",74.0,,,,,,Glen Ellyn,IL,USA,,L
Lindenwood,Elias,Ethan,18,D,D,D,,,"5'8""",187.0,2003,"Maple Grove, MN, USA",68.0,,,,,,Maple Grove,MN,USA,,R
Lindenwood,Gengle,Connor,4,D,D,D,,,"5'9""",150.0,2005,"Grand Rapids, MI, USA",69.0,,,,,,Grand Rapids,MI,USA,,L
Lindenwood,Mortensen,Brody,28,D,D,D,,,"6'1""",185.0,2004,"Humboldt, SK, CAN",73.0,,,,,,Humboldt,SK,CAN,,L
Lindenwood,Seed,Nolan,24,D,D,D,,,"5'11""",168.0,2002,"Newboro, ON, CAN",71.0,,,,,,Newboro,ON,CAN,,L
Lindenwood,Wong,Jonathan,3,D,D,D,,,"5'9""",161.0,2004,"North Vancouver, BC, CAN",69.0,,,,,,North Vancouver,BC,CAN,,R
Lindenwood,Yakesh,Brady,7,D,D,D,,,"5'9""",179.0,2003,"Delano, MN, USA",69.0,,,,,,Delano,MN,USA,,R
Lindenwood,Evans,John,14,F,F,F,,,"5'10""",161.0,2002,"South Surrey, BC, CAN",70.0,,,,,,South Surrey,BC,CAN,,R
Lindenwood,Fletcher,Jacob,10,F,F,F,,,"5'9""",170.0,2004,"Midland, ON, CAN",69.0,,,,,,Midland,ON,CAN,,R
Lindenwood,Fontaine,Louis-Philippe,19,C,F,C,,,"5'9""",203.0,2004,"Chambly, QC, CAN",69.0,,,,,,Chambly,QC,CAN,,L
Lindenwood,Hipkin,Ty,20,F,F,F,,,"5'11""",181.0,2003,"High River, AB, CAN",71.0,,,,,,High River,AB,CAN,,L
Lindenwood,Houde,Olivier,22,C,F,C,,,"6'1""",181.0,2004,"Dosquet, QC, CAN",73.0,,,,,,Dosquet,QC,CAN,,L
Lindenwood,Kuzma,Drew,9,F,F,F,,,"6'6""",218.0,2002,"St. Albert, AB, CAN",78.0,,,,,,St. Albert,AB,CAN,,L
Lindenwood,Loughman,Tyler,26,F,F,F,,,"5'11""",174.0,2003,"St. Louis, MO, USA",71.0,,,,,,St. Louis,MO,USA,,R
Lindenwood,McIsaac,Brady,27,F,F,F,,,"5'9""",165.0,2004,"Prince George, BC, CAN",69.0,,,,,,Prince George,BC,CAN,,L
Lindenwood,Mercier,Jaeden,23,F,F,F,,,"5'11""",170.0,2002,"Saskatoon, SK, CAN",71.0,,,,,,Saskatoon,SK,CAN,,R
Lindenwood,Morneau,Giovanni,6,C,F,C,,,"5'9""",168.0,2003,"Ottawa, ON, CAN",69.0,,,,,,Ottawa,ON,CAN,,R
Lindenwood,Raesler,Adam,13,F,F,F,,,"6'1""",185.0,2003,"Edmonton, AB, CAN",73.0,,,,,,Edmonton,AB,CAN,,L
Lindenwood,Rego,Anselmo,16,F,F,F,,,"5'9""",176.0,2005,"Brampton, ON, CAN",69.0,,,,,,Brampton,ON,CAN,,R
Lindenwood,Savoie,Charles,11,LW,F,LW,,,"6'2""",168.0,2003,"St-Eustache, QC, CAN",74.0,,,,,,St-Eustache,QC,CAN,,L
Lindenwood,Schmiedlin,Patrick,17,C,F,C,,,"6'1""",185.0,2002,"Culver, IN, USA",73.0,,,,,,Culver,IN,USA,,L
Lindenwood,Southgate,Jake,21,C,F,C,,,"5'11""",185.0,2002,"North Battleford, SK, CAN",71.0,,,,,,North Battleford,SK,CAN,,L
Lindenwood,Winemaster,Will,5,RW,F,RW,LW,,"6'3""",205.0,2003,"Chicago, IL, USA",75.0,,,,,,Chicago,IL,USA,,R
Lindenwood,Zielke,Ethan,12,F,F,F,,,"5'10""",179.0,2003,"Calgary, AB, CAN",70.0,,,,,,Calgary,AB,CAN,,L
Long Island,Bickle,Carter,,G,G,G,,,"6'1""",181.0,2004,"Brooklin, ON, CAN",73.0,,,,,,Brooklin,ON,CAN,,L
Long Island,Renaud,Lukas,,G,G,G,,,"6'2""",194.0,2004,"Montréal, QC, CAN",74.0,,,,,,Montréal,QC,CAN,,L
Long Island,Benoit,Nate,,D,D,D,,,"6'1""",187.0,2002,"Bow, NH, USA",73.0,,,,,,Bow,NH,USA,,L
Long Island,Dangos,Blake,,D,D,D,,,"5'10""",174.0,2002,"St. Louis, MO, USA",70.0,,,,,,St. Louis,MO,USA,,L
Long Island,Darby,Jack,,D,D,D,,,"6'4""",190.0,2004,"New Hartford, NY, USA",76.0,,,,,,New Hartford,NY,USA,,L
Long Island,Griebel,Trevor,,D,D,D,F,,"5'10""",165.0,2001,"Tampa, FL, USA",70.0,,,,,,Tampa,FL,USA,,L
Long Island,Hause,Luke,,D,D,D,,,"6'4""",194.0,2004,"St. Paul, MN, USA",76.0,,,,,,St. Paul,MN,USA,,L
Long Island,Dyke,Jaden,,C,F,C,,,"6'4""",205.0,2004,"St. John's, NL, CAN",76.0,,,,,,St. John's,NL,CAN,,L
Long Island,Funk,Brandon,,C,F,C,,,"5'10""",181.0,2005,"Winnipeg, MB, CAN",70.0,,,,,,Winnipeg,MB,CAN,,R
Long Island,Kinch,Dylan,,RW,F,RW,,,"5'11""",185.0,2004,"Salzburg, AUT",71.0,,,,,,Salzburg,,AUT,,R
Long Island,McDonald,Casey,,F,F,F,,,"6'1""",185.0,2001,"Kindersley, SK, CAN",73.0,,,,,,Kindersley,SK,CAN,,R
Long Island,McMahon,Johnny,,F,F,F,,,"5'11""",190.0,2004,"Oceanside, NY, USA",71.0,,,,,,Oceanside,NY,USA,,R
Long Island,Rylance,Brett,,C,F,C,,,"5'9""",181.0,2001,"Edmonton, AB, CAN",69.0,,,,,,Edmonton,AB,CAN,,L
Long Island,Serdachny,Noah,,F,F,F,,,"6'1""",190.0,2003,"Edmonton, AB, CAN",73.0,,,,,,Edmonton,AB,CAN,,R
Maine,Boija,Albin,30,G,G,G,,,"6'1""",194.0,2003,"Sundsvall, SWE",73.0,,,,,,Sundsvall,,SWE,,L
Maine,Rousseau,Mathis,32,G,G,G,,,"5'11""",174.0,2004,"Montréal, QC, CAN",71.0,,,,,,Montréal,QC,CAN,,L
Maine,Stewart,Gage,35,G,G,G,,,"6'1""",194.0,2003,"Marathon, ON, CAN",73.0,,,,,,Marathon,ON,CAN,,L
Maine,Arnott,Grayson,23,D,D,D,,,"5'9""",154.0,2001,"Toronto, ON, CAN",69.0,,,,,,Toronto,ON,CAN,,R
Maine,Chabrier,Brandon,15,D,D,D,,,"6'0""",185.0,2002,"Bayville, NY, USA",72.0,,,,,,Bayville,NY,USA,,R
Maine,Coughlin,Luke,10,D,D,D,,,"5'10""",183.0,2005,"Charlottetown, PE, CAN",70.0,,,,,,Charlottetown,PE,CAN,,L
Maine,Djurasevic,Frank,44,D,D,D,,,"6'2""",201.0,2002,"New Rochelle, NY, USA",74.0,,,,,,New Rochelle,NY,USA,,R
Maine,Holt,Brandon,4,D,D,D,,,"5'11""",181.0,2001,"Grand Forks, ND, USA",71.0,,,,,,Grand Forks,ND,USA,,L
Maine,Langlois,Jérémy,7,D,D,D,,,"6'1""",185.0,2003,"Ste-Brigitte-de-Laval, QC, CAN",73.0,,,,,,Ste-Brigitte-de-Laval,QC,CAN,,L
Maine,Motew,Simon,18,D,D,D,,,"6'1""",190.0,2003,"Highland Park, IL, USA",73.0,,,,,,Highland Park,IL,USA,,R
Maine,Nobes,Bodie,34,D,D,D,,,"5'10""",190.0,2003,"Kitchener, ON, CAN",70.0,,,,,,Kitchener,ON,CAN,,R
Maine,Peterson,Lukas,2,D,D,D,,,"5'10""",168.0,2006,"Waldwick, NJ, USA",70.0,,,,,,Waldwick,NJ,USA,,R
Maine,Usereau,Loic,16,D,D,D,,,"6'0""",176.0,2004,"Saint-Michel, QC, CAN",72.0,,,,,,Saint-Michel,QC,CAN,,L
Maine,Wasmer,Julien,,D,D,D,,,"6'2""",190.0,2005,"Montréal, QC, CAN",74.0,,,,,,Montréal,QC,CAN,,L
Maine,Calafiore,Anthony,28,RW,F,RW,,,"5'9""",170.0,2002,"Staten Island, NY, USA",69.0,,,,,,Staten Island,NY,USA,,R
Maine,Fowler,Owen,12,LW,F,LW,,,"5'10""",190.0,2002,"Tewksbury, MA, USA",70.0,,,,,,Tewksbury,MA,USA,,L
Maine,Freel,Thomas,26,C,F,C,,,"6'0""",190.0,2001,"Aberdeen, GBR",72.0,,,,,,Aberdeen,,GBR,,L
Maine,Gerrior,Will,22,LW,F,LW,,,"5'10""",179.0,2004,"Halifax, NS, CAN",70.0,,,,,,Halifax,NS,CAN,,L
Maine,James,Brock,24,RW,F,RW,,,"6'2""",201.0,2004,"Falmouth, ME, USA",74.0,,,,,,Falmouth,ME,USA,,R
Maine,Komarov,Oskar,38,RW,F,RW,,,"6'0""",201.0,2003,"Uusikaarlepyy, FIN",72.0,,,,,,Uusikaarlepyy,,FIN,,R
Maine,Lipinski,Jaden,41,C,F,C,RW,,"6'4""",209.0,2004,"Scottsdale, AZ, USA",76.0,,,,,,Scottsdale,AZ,USA,,R
Maine,Marques,Miguel,43,RW,F,RW,,,"5'11""",185.0,2006,"Prince George, BC, CAN",71.0,,,,,,Prince George,BC,CAN,,R
Maine,Nadeau,Josh,20,RW,F,RW,LW,,"5'9""",170.0,2003,"St-François-de-Madawaska, NB, CAN",69.0,,,,,,St-François-de-Madawaska,NB,CAN,,R
Maine,Peluso,Nick,21,F,F,F,,,"5'8""",174.0,2004,"Rochester, NY, USA",68.0,,,,,,Rochester,NY,USA,,R
Maine,Pichette,Thomas,29,C,F,C,,,"5'11""",187.0,2003,"Maskinongé, QC, CAN",71.0,,,,,,Maskinongé,QC,CAN,,R
Maine,Poirier,Justin,93,RW,F,RW,,,"5'8""",185.0,2006,"Salaberry-de-Valleyfield, QC, CAN",68.0,,,,,,Salaberry-de-Valleyfield,QC,CAN,,R
Maine,Russell,Charlie,11,F,F,F,,,"5'11""",174.0,2003,"Skaneateles, NY, USA",71.0,,,,,,Skaneateles,NY,USA,,R
Maine,Scott,Max,27,F,F,F,,,"6'0""",185.0,2002,"San Jose, CA, USA",72.0,,,,,,San Jose,CA,USA,,L
Maine,Taylor,James,,C,F,C,,,"6'6""",225.0,2004,"Ottawa, ON, CAN",78.0,,,,,,Ottawa,ON,CAN,,L
Mass Lowell,Elliott,Austin,,G,G,G,,,"6'2""",185.0,2004,"Strathmore, AB, CAN",74.0,,,,,,Strathmore,AB,CAN,,L
Mass Lowell,Goich,Nikola,,G,G,G,,,"6'4""",174.0,2004,"Homer Glen, IL, USA",76.0,,,,,,Homer Glen,IL,USA,,R
Mass Lowell,Jones,Kyle,,G,G,G,,,"6'3""",179.0,2007,"Bakersfield, CA, USA",75.0,,,,,,Bakersfield,CA,USA,,L
Mass Lowell,Richard,Samuel,,G,G,G,,,"6'0""",170.0,2001,"Ste-Catherine, QC, CAN",72.0,,,,,,Ste-Catherine,QC,CAN,,L
Mass Lowell,Solomon,Jack,,G,G,G,,,"6'2""",185.0,2005,"St. Louis, MO, USA",74.0,,,,,,St. Louis,MO,USA,,L
Mass Lowell,Classon,August,,D,D,D,,,"6'0""",185.0,2004,"Stockholm, SWE",72.0,,,,,,Stockholm,,SWE,,L
Mass Lowell,Grumley,Stevie,,D,D,D,,,"5'8""",150.0,2007,"Manhattan Beach, CA, USA",68.0,,,,,,Manhattan Beach,CA,USA,,R
Mass Lowell,Johnson,James,,D,D,D,,,"6'6""",203.0,2004,"Ajax, ON, CAN",78.0,,,,,,Ajax,ON,CAN,,R
Mass Lowell,Kroll,Ryan,,D,D,D,,,"6'1""",190.0,2006,"Plainfield, IL, USA",73.0,,,,,,Plainfield,IL,USA,,L
Mass Lowell,Mathurin,Tnias,,D,D,D,,,"6'3""",201.0,2004,"Ajax, ON, CAN",75.0,,,,,,Ajax,ON,CAN,,L
Mass Lowell,Misskey,Nate,,D,D,D,,,"6'4""",212.0,2005,"Melfort, SK, CAN",76.0,,,,,,Melfort,SK,CAN,,R
Mass Lowell,Mori,Josh,,D,D,D,,,"5'11""",174.0,2004,"Richmond, BC, CAN",71.0,,,,,,Richmond,BC,CAN,,L
Mass Lowell,Olsen,Carson,,D,D,D,,,"5'11""",154.0,2006,"Warman, SK, CAN",71.0,,,,,,Warman,SK,CAN,,R
Mass Lowell,Payne,Dominic,,D,D,D,,,"6'1""",176.0,2004,"North Vancouver, BC, CAN",73.0,,,,,,North Vancouver,BC,CAN,,R
Mass Lowell,Shipley,Luke,,D,D,D,,,"6'0""",187.0,2004,"Powell River, BC, CAN",72.0,,,,,,Powell River,BC,CAN,,R
Mass Lowell,Adaszynski,David,,F,F,F,,,"5'11""",196.0,2005,"Burnaby, BC, CAN",71.0,,,,,,Burnaby,BC,CAN,,L
Mass Lowell,Ahearn,Jason,,F,F,F,,,"5'11""",170.0,2001,"Staten Island, NY, USA",71.0,,,,,,Staten Island,NY,USA,,L
Mass Lowell,Buttazzoni,Diego,,C,F,C,,,"5'9""",183.0,2006,"Langley, BC, CAN",69.0,,,,,,Langley,BC,CAN,,L
Mass Lowell,Jacobs,Easton,,F,F,F,,,"6'3""",190.0,2006,"Muskegon, MI, USA",75.0,,,,,,Muskegon,MI,USA,,L
Mass Lowell,Lonsdale,Cole,,C,F,C,LW,,"5'11""",170.0,2004,"Mississauga, ON, CAN",71.0,,,,,,Mississauga,ON,CAN,,L
Mass Lowell,Romeo,Nicky,,LW,F,LW,,,"6'0""",181.0,2005,"New City, NY, USA",72.0,,,,,,New City,NY,USA,,L
Mass Lowell,Wakely,Dalyn,,C,F,C,,,"6'1""",198.0,2004,"Port Hope, ON, CAN",73.0,,,,,,Port Hope,ON,CAN,,R
Mass. Lowell,Elliott,Austin,,G,G,G,,,"6'2""",185.0,2004,"Strathmore, AB, CAN",74.0,,,,,,Strathmore,AB,CAN,,L
Mass. Lowell,Goich,Nikola,,G,G,G,,,"6'4""",174.0,2004,"Homer Glen, IL, USA",76.0,,,,,,Homer Glen,IL,USA,,R
Mass. Lowell,Jones,Kyle,,G,G,G,,,"6'3""",179.0,2007,"Bakersfield, CA, USA",75.0,,,,,,Bakersfield,CA,USA,,L
Mass. Lowell,Richard,Samuel,,G,G,G,,,"6'0""",170.0,2001,"Ste-Catherine, QC, CAN",72.0,,,,,,Ste-Catherine,QC,CAN,,L
Mass. Lowell,Solomon,Jack,,G,G,G,,,"6'2""",185.0,2005,"St. Louis, MO, USA",74.0,,,,,,St. Louis,MO,USA,,L
Mass. Lowell,Classon,August,,D,D,D,,,"6'0""",185.0,2004,"Stockholm, SWE",72.0,,,,,,Stockholm,,SWE,,L
Mass. Lowell,Grumley,Stevie,,D,D,D,,,"5'8""",150.0,2007,"Manhattan Beach, CA, USA",68.0,,,,,,Manhattan Beach,CA,USA,,R
Mass. Lowell,Johnson,James,,D,D,D,,,"6'6""",203.0,2004,"Ajax, ON, CAN",78.0,,,,,,Ajax,ON,CAN,,R
Mass. Lowell,Kroll,Ryan,,D,D,D,,,"6'1""",190.0,2006,"Plainfield, IL, USA",73.0,,,,,,Plainfield,IL,USA,,L
Mass. Lowell,Mathurin,Tnias,,D,D,D,,,"6'3""",201.0,2004,"Ajax, ON, CAN",75.0,,,,,,Ajax,ON,CAN,,L
Mass. Lowell,Misskey,Nate,,D,D,D,,,"6'4""",212.0,2005,"Melfort, SK, CAN",76.0,,,,,,Melfort,SK,CAN,,R
Mass. Lowell,Mori,Josh,,D,D,D,,,"5'11""",174.0,2004,"Richmond, BC, CAN",71.0,,,,,,Richmond,BC,CAN,,L
Mass. Lowell,Olsen,Carson,,D,D,D,,,"5'11""",154.0,2006,"Warman, SK, CAN",71.0,,,,,,Warman,SK,CAN,,R
Mass. Lowell,Payne,Dominic,,D,D,D,,,"6'1""",176.0,2004,"North Vancouver, BC, CAN",73.0,,,,,,North Vancouver,BC,CAN,,R
Mass. Lowell,Shipley,Luke,,D,D,D,,,"6'0""",187.0,2004,"Powell River, BC, CAN",72.0,,,,,,Powell River,BC,CAN,,R
Mass. Lowell,Adaszynski,David,,F,F,F,,,"5'11""",196.0,2005,"Burnaby, BC, CAN",71.0,,,,,,Burnaby,BC,CAN,,L
Mass. Lowell,Ahearn,Jason,,F,F,F,,,"5'11""",170.0,2001,"Staten Island, NY, USA",71.0,,,,,,Staten Island,NY,USA,,L
Mass. Lowell,Buttazzoni,Diego,,C,F,C,,,"5'9""",183.0,2006,"Langley, BC, CAN",69.0,,,,,,Langley,BC,CAN,,L
Mass. Lowell,Jacobs,Easton,,F,F,F,,,"6'3""",190.0,2006,"Muskegon, MI, USA",75.0,,,,,,Muskegon,MI,USA,,L
Mass. Lowell,Lonsdale,Cole,,C,F,C,LW,,"5'11""",170.0,2004,"Mississauga, ON, CAN",71.0,,,,,,Mississauga,ON,CAN,,L
Mass. Lowell,Romeo,Nicky,,LW,F,LW,,,"6'0""",181.0,2005,"New City, NY, USA",72.0,,,,,,New City,NY,USA,,L
Mass. Lowell,Wakely,Dalyn,,C,F,C,,,"6'1""",198.0,2004,"Port Hope, ON, CAN",73.0,,,,,,Port Hope,ON,CAN,,R
Massachusetts,Hrabal,Michael,30,G,G,G,,,"6'7""",216.0,2005,"Praha, CZE",79.0,,,,,,Praha,,CZE,,L
Massachusetts,Irving,Jackson,1,G,G,G,,,"6'0""",181.0,2004,"Newbury, MA, USA",72.0,,,,,,Newbury,MA,USA,,L
Massachusetts,Norton,James,32,G,G,G,,,"6'4""",216.0,2003,"Scarborough, ON, CAN",76.0,,,,,,Scarborough,ON,CAN,,L
Massachusetts,Dell'Elce,Francesco,23,D,D,D,,,"6'1""",181.0,2005,"Toronto, ON, CAN",73.0,,,,,,Toronto,ON,CAN,,L
Massachusetts,Hanrahan,Coleson,2,D,D,D,,,"5'10""",187.0,2005,"Longmeadow, MA, USA",70.0,,,,,,Longmeadow,MA,USA,,R
Massachusetts,Keenan,Larry,18,D,D,D,,,"6'4""",203.0,2005,"Barrie, ON, CAN",76.0,,,,,,Barrie,ON,CAN,,L
Massachusetts,Lieberman,Charlie,21,D,D,D,,,"6'5""",225.0,2004,"Naperville, IL, USA",77.0,,,,,,Naperville,IL,USA,,R
Massachusetts,Murray,Owen,26,D,D,D,,,"5'10""",181.0,2002,"Brandon, MB, CAN",70.0,,,,,,Brandon,MB,CAN,,R
Massachusetts,Nycz,Landon,13,D,D,D,,,"6'3""",201.0,2007,"Detroit, MI, USA",75.0,,,,,,Detroit,MI,USA,,L
Massachusetts,O'Connor,Kennedy,4,D,D,D,,,"6'2""",194.0,2001,"Augusta, GA, USA",74.0,,,,,,Augusta,GA,USA,,L
Massachusetts,Ölvestad,Lucas,6,D,D,D,,,"6'1""",190.0,2002,"Tampa, FL, USA",73.0,,,,,,Tampa,FL,USA,,L
Massachusetts,Cosman,Bo,28,F,F,F,,,"6'3""",192.0,2002,"Lexington, KY, USA",75.0,,,,,,Lexington,KY,USA,,L
Massachusetts,DeAngelo,Michael,19,C,F,C,,,"5'11""",183.0,2004,"Itasca, IL, USA",71.0,,,,,,Itasca,IL,USA,,L
Massachusetts,Duerr,James,20,F,F,F,,,"6'3""",216.0,2004,"Chicago, IL, USA",75.0,,,,,,Chicago,IL,USA,,R
Massachusetts,Dunn,Cameron,25,C,F,C,,,"6'2""",170.0,2003,"Holland, MI, USA",74.0,,,,,,Holland,MI,USA,,R
Massachusetts,Galanek,Jack,10,C,F,C,,,"6'0""",176.0,2006,"Hopkinton, MA, USA",72.0,,,,,,Hopkinton,MA,USA,,L
Massachusetts,Jencko,Daniel Alexander,17,C,F,C,LW,,"6'0""",183.0,2005,"Humenne, SVK",72.0,,,,,,Humenne,,SVK,,L
Massachusetts,Kerr,Justin,15,RW,F,RW,C,,"6'5""",205.0,2004,"Grand Rapids, MN, USA",77.0,,,,,,Grand Rapids,MN,USA,,R
Massachusetts,Klecka,Lukas,12,RW,F,RW,,,"5'11""",179.0,2005,"Bratislava, SVK",71.0,,,,,,Bratislava,,SVK,,R
Massachusetts,Lacroix,A.J.,14,C,F,C,,,"6'0""",194.0,2005,"Livingston, NJ, USA",72.0,,,,,,Livingston,NJ,USA,,L
Massachusetts,Mehlenbacher,Owen,7,C,F,C,,,"6'2""",190.0,2004,"Fort Erie, ON, CAN",74.0,,,,,,Fort Erie,ON,CAN,,L
Massachusetts,Musa,Jack,9,F,F,F,,,"5'10""",172.0,2003,"Estero, FL, USA",70.0,,,,,,Estero,FL,USA,,L
Massachusetts,Nestrasil,Vaclav,11,RW,F,RW,,,"6'6""",190.0,2007,"Praha, CZE",78.0,,,,,,Praha,,CZE,,R
Massachusetts,O'Neill,Cameron,8,RW,F,RW,,,"6'0""",198.0,2004,"Odenton, MD, USA",72.0,,,,,,Odenton,MD,USA,,R
Massachusetts,Tassell,Nicholas Van,22,C,F,C,,,"6'4""",201.0,2004,"Basking Ridge, NJ, USA",76.0,,,,,,Basking Ridge,NJ,USA,,R
Massachusetts,Wilde,Matthew,29,LW,F,LW,,,"6'3""",185.0,2002,"Mississauga, ON, CAN",75.0,,,,,,Mississauga,ON,CAN,,L
Massachusetts,Zimmerman,Elias,24,C,F,C,,,"6'6""",216.0,2005,"Gävle, SWE",78.0,,,,,,Gävle,,SWE,,L
Mercyhurst,Bucheler,Simon,44,G,G,G,,,"6'2""",185.0,2002,"St-Laurent, QC, CAN",74.0,,,,,,St-Laurent,QC,CAN,,L
Mercyhurst,Chambre,Michael,1,G,G,G,,,"6'1""",170.0,2005,"Fort Myers, FL, USA",73.0,,,,,,Fort Myers,FL,USA,,L
Mercyhurst,Evola,Salvatore,,G,G,G,,,"6'0""",174.0,2001,"Rochester, MI, USA",72.0,,,,,,Rochester,MI,USA,,L
Mercyhurst,Gravel,Charles-Edward,,G,G,G,,,"6'1""",194.0,2004,"Lévis, QC, CAN",73.0,,,,,,Lévis,QC,CAN,,R
Mercyhurst,DesRochers,Tyler,7,D,D,D,,,"6'0""",185.0,2003,"Howell, NJ, USA",72.0,,,,,,Howell,NJ,USA,,R
Mercyhurst,LeBlanc,Jacob,,D,D,D,,,"6'1""",187.0,2004,"George Town, CYM",73.0,,,,,,George Town,,CYM,,R
Mercyhurst,Muir,Kaden,20,D,D,D,,,"6'2""",190.0,2004,"Manchester, NH, USA",74.0,,,,,,Manchester,NH,USA,,R
Mercyhurst,Nasca,Tyler,28,D,D,D,,,"5'10""",174.0,2001,"Wheatfield, NY, USA",70.0,,,,,,Wheatfield,NY,USA,,R
Mercyhurst,Price,Caleb,5,D,D,D,,,"5'10""",174.0,2000,"Hooksett, NH, USA",70.0,,,,,,Hooksett,NH,USA,,L
Mercyhurst,Sambrook,Trent,6,D,D,D,,,"5'10""",174.0,2002,"Winnipeg, MB, CAN",70.0,,,,,,Winnipeg,MB,CAN,,L
Mercyhurst,Sych,Jaryd,4,D,D,D,,,"6'2""",205.0,2003,"Airdrie, AB, CAN",74.0,,,,,,Airdrie,AB,CAN,,L
Mercyhurst,Bartecko,Dominik,27,F,F,F,,,"5'9""",170.0,2003,"Praha, CZE",69.0,,,,,,Praha,,CZE,,L
Mercyhurst,Brooks,Barrett,11,RW,F,RW,,,"5'7""",170.0,2001,"Stevens Point, WI, USA",67.0,,,,,,Stevens Point,WI,USA,,R
Mercyhurst,Coughlin,Ryan,16,F,F,F,,,"6'0""",181.0,2001,"Charlotte, NC, USA",72.0,,,,,,Charlotte,NC,USA,,R
Mercyhurst,Dimitriadis,Alexander,,F,F,F,,,"5'10""",181.0,2004,"Richmond Hill, ON, CAN",70.0,,,,,,Richmond Hill,ON,CAN,,L
Mercyhurst,Disipio,Matteo,24,RW,F,RW,,,"5'11""",161.0,2003,"Nepean, ON, CAN",71.0,,,,,,Nepean,ON,CAN,,R
Mercyhurst,Fitzgerald,Riley,19,F,F,F,,,"5'10""",165.0,2003,"Wilmington, MA, USA",70.0,,,,,,Wilmington,MA,USA,,R
Mercyhurst,Haskins,Tyler,,F,F,F,,,"6'1""",172.0,2003,"Rochester, MN, USA",73.0,,,,,,Rochester,MN,USA,,L
Mercyhurst,James,Sean,9,LW,F,LW,,,"6'0""",196.0,2002,"Almonte, ON, CAN",72.0,,,,,,Almonte,ON,CAN,,R
Mercyhurst,Kocsis,Christian,29,LW,F,LW,,,"5'10""",170.0,2004,"Middletown, NJ, USA",70.0,,,,,,Middletown,NJ,USA,,L
Mercyhurst,Lamb,Brendan,8,F,F,F,,,"5'11""",176.0,2004,"Battle Creek, MI, USA",71.0,,,,,,Battle Creek,MI,USA,,R
Mercyhurst,LeBlanc,Andrew,,C,F,C,,,"6'0""",183.0,2004,"George Town, CYM",72.0,,,,,,George Town,,CYM,,L
Mercyhurst,Pelc,Connor,37,RW,F,RW,,,"6'2""",194.0,2003,"Buffalo, NY, USA",74.0,,,,,,Buffalo,NY,USA,,R
Mercyhurst,Sedore,Noah,,LW,F,LW,,,"5'9""",168.0,2002,"Bobcaygeon, ON, CAN",69.0,,,,,,Bobcaygeon,ON,CAN,,L
Mercyhurst,Serpa,Joseph,,C,F,C,,,"6'0""",165.0,2002,"Cambridge, ON, CAN",72.0,,,,,,Cambridge,ON,CAN,,R
Mercyhurst,Smith,Spencer,26,C,F,C,,,"5'9""",174.0,2002,"St. Catharines, ON, CAN",69.0,,,,,,St. Catharines,ON,CAN,,L
Merrimack,Ballentyne,Trent,,D,D,D,,,"6'3""",183.0,2004,"London, ON, CAN",75.0,,,,,,London,ON,CAN,,R
Merrimack,Beyer,Ethan,,D,D,D,,,"5'11""",183.0,2004,"Philadelphia, PA, USA",71.0,,,,,,Philadelphia,PA,USA,,R
Merrimack,Campbell,Matthew,,D,D,D,,,"6'1""",170.0,2003,"North Vancouver, BC, CAN",73.0,,,,,,North Vancouver,BC,CAN,,L
Merrimack,Kald,Erik,,D,D,D,,,"6'3""",198.0,2006,"Oyster Bay, NY, USA",75.0,,,,,,Oyster Bay,NY,USA,,R
Merrimack,Mayo,Hunter,,D,D,D,,,"6'1""",196.0,2004,"Martensville, SK, CAN",73.0,,,,,,Martensville,SK,CAN,,R
Merrimack,Oravetz,Austin,,D,D,D,,,"5'9""",192.0,2003,"Canonsburg, PA, USA",69.0,,,,,,Canonsburg,PA,USA,,R
Merrimack,Astapovich,Daniel,,F,F,F,,,"6'3""",198.0,2005,"Birmingham, MI, USA",75.0,,,,,,Birmingham,MI,USA,,R
Merrimack,Bassen,Riley,,F,F,F,,,"5'11""",172.0,2005,"Frisco, TX, USA",71.0,,,,,,Frisco,TX,USA,,R
Merrimack,Bowmaster,Declan,,RW,F,RW,,,"6'2""",194.0,2005,"Newcastle, ON, CAN",74.0,,,,,,Newcastle,ON,CAN,,R
Merrimack,Cooksey,Cole,,LW,F,LW,,,"5'10""",165.0,2005,"Toronto, ON, CAN",70.0,,,,,,Toronto,ON,CAN,,L
Merrimack,Flamand,Nolan,,F,F,F,,,"5'9""",181.0,2004,"Saskatoon, SK, CAN",69.0,,,,,,Saskatoon,SK,CAN,,L
Merrimack,Good,Jack,,LW,F,LW,,,"5'9""",172.0,2006,"Ajax, ON, CAN",69.0,,,,,,Ajax,ON,CAN,,L
Merrimack,Goukler,Luke,,LW,F,LW,,,"5'10""",174.0,2006,"Cumming, GA, USA",70.0,,,,,,Cumming,GA,USA,,L
Merrimack,Hoskin,Trevor,,RW,F,RW,C,,"6'1""",174.0,2004,"Belleville, ON, CAN",73.0,,,,,,Belleville,ON,CAN,,R
Merrimack,Merner,Ethan,,F,F,F,,,"5'11""",185.0,2006,"Kelowna, BC, CAN",71.0,,,,,,Kelowna,BC,CAN,,L
Merrimack,Watson-Bucci,Gryphon,,F,F,F,,,"5'11""",172.0,2006,"Sudbury, ON, CAN",71.0,,,,,,Sudbury,ON,CAN,,L
Merrimack,Yurchuk,Ben,,C,F,C,,,"5'8""",170.0,2005,"Montréal, QC, CAN",68.0,,,,,,Montréal,QC,CAN,,L
Miami,Drobac,Matteo,,G,G,G,,,"6'2""",201.0,2003,"Oakville, ON, CAN",74.0,,,,,,Oakville,ON,CAN,,L
Miami,Gadzhiev,Shikhabutdin,,G,G,G,,,"6'2""",174.0,2004,"Makhachkala, RUS",74.0,,,,,,Makhachkala,,RUS,,L
Miami,Motew,Benjamin,,G,G,G,,,"6'0""",185.0,2004,"Glencoe, IL, USA",72.0,,,,,,Glencoe,IL,USA,,L
Miami,Aucoin,Kyle,,D,D,D,,,"6'0""",185.0,2002,"Ottawa, ON, CAN",72.0,,,,,,Ottawa,ON,CAN,,L
Miami,Davenport,Jason,,D,D,D,,,"6'2""",190.0,2006,"Shelby Township, MI, USA",74.0,,,,,,Shelby Township,MI,USA,,R
Miami,Donato,Nick,3,D,D,D,,,"6'0""",185.0,2002,"Lake Forest, IL, USA",72.0,,,,,,Lake Forest,IL,USA,,R
Miami,Feenstra,Michael,4,D,D,D,,,"6'3""",194.0,2001,"Grand Haven, MI, USA",75.0,,,,,,Grand Haven,MI,USA,,L
Miami,Lalonde,Owen,,D,D,D,,,"6'1""",187.0,2000,"Windsor, ON, CAN",73.0,,,,,,Windsor,ON,CAN,,R
Miami,Lukashevich,Vladislav,,D,D,D,,,"6'1""",187.0,2003,"Magadan, RUS",73.0,,,,,,Magadan,,RUS,,L
Miami,McEwen,Shaun,,D,D,D,,,"6'0""",192.0,2004,"Hadley, MA, USA",72.0,,,,,,Hadley,MA,USA,,L
Miami,Michaud,Charlie,,D,D,D,,,"6'0""",196.0,2006,"Denver, CO, USA",72.0,,,,,,Denver,CO,USA,,L
Miami,Phelan,Michael,,D,D,D,,,"6'0""",176.0,2006,"Hinsdale, IL, USA",72.0,,,,,,Hinsdale,IL,USA,,R
Miami,Quinn,Michael,7,D,D,D,,,"5'11""",176.0,2003,"St. Louis, MO, USA",71.0,,,,,,St. Louis,MO,USA,,R
Miami,Thompson,Ryder,,D,D,D,,,"5'11""",183.0,2004,"Russell, MB, CAN",71.0,,,,,,Russell,MB,CAN,,L
Miami,Vukas,Branko,,D,D,D,,,"6'4""",214.0,2005,"Dyer, IN, USA",76.0,,,,,,Dyer,IN,USA,,R
Miami,Blanchard,Charles,,C,F,C,,,"6'0""",192.0,2005,"West Hartford, CT, USA",72.0,,,,,,West Hartford,CT,USA,,R
Miami,Delic,Kocha,,C,F,C,,,"5'11""",198.0,2004,"Ottawa, ON, CAN",71.0,,,,,,Ottawa,ON,CAN,,L
Miami,Deputy,David,,F,F,F,,,"5'9""",185.0,2004,"Gurnee, IL, USA",69.0,,,,,,Gurnee,IL,USA,,R
Miami,Emmons,John,8,C,F,C,LW,,"6'0""",185.0,2004,"Washington, MI, USA",72.0,,,,,,Washington,MI,USA,,L
Miami,Giampa,Matteo,,RW,F,RW,,,"6'0""",176.0,2003,"Virgil, ON, CAN",72.0,,,,,,Virgil,ON,CAN,,R
Miami,Grimes,Doug,,RW,F,RW,,,"6'3""",201.0,2002,"Brookline, MA, USA",75.0,,,,,,Brookline,MA,USA,,R
Miami,Grosek,David,81,C,F,C,LW,,"5'11""",187.0,2003,"Queens, NY, USA",71.0,,,,,,Queens,NY,USA,,L
Miami,Hallén,William,11,C,F,C,LW,,"6'2""",201.0,2002,"Göteborg, SWE",74.0,,,,,,Göteborg,,SWE,,L
Miami,Hay,Ethan,,C,F,C,,,"6'1""",194.0,2005,"Waterloo, ON, CAN",73.0,,,,,,Waterloo,ON,CAN,,L
Miami,Helgeson,Max,,F,F,F,,,"6'1""",185.0,2000,"Anchorage, AK, USA",73.0,,,,,,Anchorage,AK,USA,,R
Miami,Mesenburg,Blake,26,C,F,C,LW,,"5'10""",176.0,2002,"Orono, MN, USA",70.0,,,,,,Orono,MN,USA,A,L
Miami,Mikan,Nicholas,,RW,F,RW,,,"6'4""",229.0,2004,"Edina, MN, USA",76.0,,,,,,Edina,MN,USA,,R
Miami,Morrison,Brayden,23,C,F,C,LW,,"6'0""",172.0,2002,"Calgary, AB, CAN",72.0,,,,,,Calgary,AB,CAN,,L
Miami,Nässén,Casper,33,RW,F,RW,LW,,"6'4""",214.0,2004,"Norrtälje, SWE",76.0,,,,,,Norrtälje,,SWE,,R
Miami,Seelinger,Ryan,,F,F,F,,,"5'11""",179.0,2005,"Downers Grove, IL, USA",71.0,,,,,,Downers Grove,IL,USA,,R
Miami,Smith,Ryan,,RW,F,RW,,,"5'9""",179.0,2005,"Pendleton, NY, USA",69.0,,,,,,Pendleton,NY,USA,,R
Miami,Stupka,Justin,,F,F,F,,,"6'2""",214.0,2005,"Pittsburgh, PA, USA",74.0,,,,,,Pittsburgh,PA,USA,,R
Miami,Walker,Bradley,,F,F,F,,,"6'1""",194.0,2004,"Orono, MN, USA",73.0,,,,,,Orono,MN,USA,,R
Michigan,Ivankovic,Jack,,G,G,G,,,"6'0""",179.0,2007,"Mississauga, ON, CAN",72.0,,,,,,Mississauga,ON,CAN,,L
Michigan,Molinaro,Julian,,G,G,G,,,"5'11""",179.0,2003,"Mississauga, ON, CAN",71.0,,,,,,Mississauga,ON,CAN,,L
Michigan,Peck,Stephen,,G,G,G,,,"6'3""",176.0,2005,"New York, NY, USA",75.0,,,,,,New York,NY,USA,,L
Michigan,Barnett,Asher,,D,D,D,,,"6'1""",201.0,2007,"Wilmette, IL, USA",73.0,,,,,,Wilmette,IL,USA,,L
Michigan,Duke,Tyler,5,D,D,D,,,"5'10""",194.0,2004,"Strongsville, OH, USA",70.0,,,,,,Strongsville,OH,USA,A,L
Michigan,Fantilli,Luca,63,D,D,D,,,"6'0""",183.0,2002,"Nobleton, ON, CAN",72.0,,,,,,Nobleton,ON,CAN,A,L
Michigan,Gust,Miles,23,D,D,D,,,"5'10""",174.0,2004,"Chicago, IL, USA",70.0,,,,,,Chicago,IL,USA,,L
Michigan,Hady,Hunter,3,D,D,D,,,"6'4""",205.0,2004,"Rochester, MN, USA",76.0,,,,,,Rochester,MN,USA,,R
Michigan,Mania,Matthew,,D,D,D,,,"6'1""",190.0,2005,"Brandon, FL, USA",73.0,,,,,,Brandon,FL,USA,,R
Michigan,Mews,Henry,,D,D,D,,,"6'1""",183.0,2006,"Ottawa, ON, CAN",73.0,,,,,,Ottawa,ON,CAN,,R
Michigan,Orrico,Joshua,68,D,D,D,,,"5'9""",165.0,2003,"Woodbridge, ON, CAN",69.0,,,,,,Woodbridge,ON,CAN,,R
Michigan,Rhéaume-Mullen,Dakoda,7,D,D,D,,,"6'0""",185.0,2006,"Northville, MI, USA",72.0,,,,,,Northville,MI,USA,,L
Michigan,Robertson,Ben,,D,D,D,,,"5'11""",192.0,2004,"Potomac Falls, VA, USA",71.0,,,,,,Potomac Falls,VA,USA,,L
Michigan,Schock,Drew,,D,D,D,,,"6'0""",179.0,2007,"Green Bay, WI, USA",72.0,,,,,,Green Bay,WI,USA,,L
Michigan,Draper,Kienan,33,RW,F,RW,,,"6'2""",209.0,2002,"Royal Oak, MI, USA",74.0,,,,,,Royal Oak,MI,USA,A,R
Michigan,Eernisse,Joshua,6,F,F,F,,,"6'3""",216.0,2001,"Apple Valley, MN, USA",75.0,,,,,,Apple Valley,MN,USA,,R
Michigan,Hage,Michael,19,C,F,C,,,"6'1""",190.0,2006,"Mississauga, ON, CAN",73.0,,,,,,Mississauga,ON,CAN,,R
Michigan,Horcoff,William,44,C,F,C,,,"6'5""",203.0,2007,"Birmingham, MI, USA",77.0,,,,,,Birmingham,MI,USA,,L
Michigan,Hughes,T.J.,13,F,F,F,,,"6'0""",185.0,2001,"Hamilton, ON, CAN",72.0,,,,,,Hamilton,ON,CAN,C,R
Michigan,McKinney,Cole,,C,F,C,,,"6'0""",201.0,2007,"Chicago, IL, USA",72.0,,,,,,Chicago,IL,USA,,R
Michigan,Moldenhauer,Nicholas,9,C,F,C,RW,,"5'11""",181.0,2004,"Mississauga, ON, CAN",71.0,,,,,,Mississauga,ON,CAN,,R
Michigan,Park,Aidan,,C,F,C,,,"6'1""",187.0,2006,"Hermosa Beach, CA, USA",73.0,,,,,,Hermosa Beach,CA,USA,,R
Michigan,Perron,Jayden,,RW,F,RW,,,"5'9""",174.0,2005,"Winnipeg, MB, CAN",69.0,,,,,,Winnipeg,MB,CAN,,R
Michigan,Schifsky,Garrett,17,C,F,C,,,"5'9""",181.0,2003,"Andover, MN, USA",69.0,,,,,,Andover,MN,USA,,R
Michigan,Spence,Malcolm,,LW,F,LW,,,"6'2""",201.0,2006,"Mississauga, ON, CAN",74.0,,,,,,Mississauga,ON,CAN,,L
Michigan,Spitznagel,Teddy,,LW,F,LW,,,"6'3""",187.0,2006,"New York, NY, USA",75.0,,,,,,New York,NY,USA,,L
Michigan,Valentini,Adam,,F,F,F,,,"5'11""",185.0,2008,"Toronto, ON, CAN",71.0,,,,,,Toronto,ON,CAN,,L
Michigan State,Augustine,Trey,1,G,G,G,,,"6'1""",194.0,2005,"South Lyon, MI, USA",73.0,,,,,,South Lyon,MI,USA,,L
Michigan State,Gilbert,Dolan,30,G,G,G,,,"6'2""",181.0,2001,"South Bend, IN, USA",74.0,,,,,,South Bend,IN,USA,,L
Michigan State,Strahl,Melvin,32,G,G,G,,,"6'3""",170.0,2005,"Sollefteå, SWE",75.0,,,,,,Sollefteå,,SWE,,L
Michigan State,Barnhill,Sean,3,D,D,D,,,"6'6""",214.0,2007,"Scottsdale, AZ, USA",78.0,,,,,,Scottsdale,AZ,USA,,R
Michigan State,Basgall,Matt,9,D,D,D,,,"5'10""",190.0,2002,"Lake Forest, IL, USA",70.0,,,,,,Lake Forest,IL,USA,C,R
Michigan State,Geary,Patrick,2,D,D,D,,,"6'1""",192.0,2004,"Hamburg, NY, USA",73.0,,,,,,Hamburg,NY,USA,A,L
Michigan State,Lahey,Matthew,14,D,D,D,,,"6'6""",203.0,2006,"Victoria, BC, CAN",78.0,,,,,,Victoria,BC,CAN,,L
Michigan State,Ralph,Colin,4,D,D,D,,,"6'5""",227.0,2005,"Maple Grove, MN, USA",77.0,,,,,,Maple Grove,MN,USA,,L
Michigan State,Shoudy,Travis,5,D,D,D,,,"5'10""",181.0,2002,"Marysville, MI, USA",70.0,,,,,,Marysville,MI,USA,A,L
Michigan State,Strbak,Maxim,8,D,D,D,,,"6'2""",203.0,2005,"Kosice, SVK",74.0,,,,,,Kosice,,SVK,,R
Michigan State,Ward,Cole,6,D,D,D,,,"6'6""",209.0,2005,"Rochester Hills, MI, USA",78.0,,,,,,Rochester Hills,MI,USA,,R
Michigan State,West,Owen,11,D,D,D,,,"6'0""",185.0,2004,"Pittsboro, IN, USA",72.0,,,,,,Pittsboro,IN,USA,,L
Michigan State,Baker,Austin,19,LW,F,LW,,,"6'0""",190.0,2006,"White Lake Township, MI, USA",72.0,,,,,,White Lake Township,MI,USA,,L
Michigan State,Burke,Cole,25,F,F,F,,,"6'2""",181.0,2004,"Trenton, MI, USA",74.0,,,,,,Trenton,MI,USA,,R
Michigan State,Jurecki,Griffin,12,LW,F,LW,,,"5'10""",183.0,2003,"Grosse Ile, MI, USA",70.0,,,,,,Grosse Ile,MI,USA,,L
Michigan State,Lee,Ryker,18,RW,F,RW,,,"6'1""",185.0,2006,"Wilmette, IL, USA",73.0,,,,,,Wilmette,IL,USA,,R
Michigan State,Lindstrom,Cayden,28,C,F,C,,,"6'3""",220.0,2006,"Chetwynd, BC, CAN",75.0,,,,,,Chetwynd,BC,CAN,,L
Michigan State,Mackie,Nathan,24,F,F,F,,,"5'11""",192.0,2004,"Prince George, BC, CAN",71.0,,,,,,Prince George,BC,CAN,,R
Michigan State,Martone,Porter,22,RW,F,RW,,,"6'3""",209.0,2006,"Peterborough, ON, CAN",75.0,,,,,,Peterborough,ON,CAN,,R
Michigan State,Männistö,Tommi,10,RW,F,RW,,,"6'0""",194.0,2004,"Riihimäki, FIN",72.0,,,,,,Riihimäki,,FIN,,L
Michigan State,Nilson,Eric,26,C,F,C,RW,,"6'0""",165.0,2007,"Calgary, AB, CAN",72.0,,,,,,Calgary,AB,CAN,,R
Michigan State,O'Connell,Gavin,29,RW,F,RW,,,"6'0""",183.0,2004,"Wayzata, MN, USA",72.0,,,,,,Wayzata,MN,USA,,R
Michigan State,Romani,Anthony,21,RW,F,RW,C,,"6'1""",194.0,2005,"Pickering, ON, CAN",73.0,,,,,,Pickering,ON,CAN,,R
Michigan State,Russell,Daniel,20,C,F,C,,,"5'10""",161.0,2001,"Williamsburg, MI, USA",70.0,,,,,,Williamsburg,MI,USA,,L
Michigan State,Shoudy,Tiernan,13,F,F,F,,,"5'9""",179.0,2002,"St. Clair, MI, USA",69.0,,,,,,St. Clair,MI,USA,,L
Michigan State,Stramel,Charlie,15,C,F,C,RW,,"6'3""",216.0,2004,"Rosemount, MN, USA",75.0,,,,,,Rosemount,MN,USA,A,R
Michigan State,Vansaghi,Shane,23,RW,F,RW,,,"6'3""",216.0,2006,"St. Louis, MO, USA",75.0,,,,,,St. Louis,MO,USA,,R
Michigan Tech,Bartoszkiewicz,Owen,35,G,G,G,,,"6'1""",194.0,2003,"Northville, MI, USA",73.0,,,,,,Northville,MI,USA,,L
Michigan Tech,Lee,Bryant,31,G,G,G,,,"6'0""",181.0,2006,"Madison, WI, USA",72.0,,,,,,Madison,WI,USA,,L
Michigan Tech,Manzella,Ryan,37,G,G,G,,,"6'0""",174.0,2004,"Eagan, MN, USA",72.0,,,,,,Eagan,MN,USA,,L
Michigan Tech,Väyrynen,Max,30,G,G,G,,,"6'2""",192.0,2002,"Espoo, FIN",74.0,,,,,,Espoo,,FIN,,L
Michigan Tech,Anderson,Jack,4,D,D,D,,,"6'6""",225.0,2002,"St. Louis, MO, USA",78.0,,,,,,St. Louis,MO,USA,,L
Michigan Tech,Andresen,Reid,21,D,D,D,,,"5'9""",165.0,2005,"Saskatoon, SK, CAN",69.0,,,,,,Saskatoon,SK,CAN,,L
Michigan Tech,Brown,Rylan,3,D,D,D,,,"6'0""",161.0,2005,"Sherwood Park, AB, CAN",72.0,,,,,,Sherwood Park,AB,CAN,,L
Michigan Tech,Fasciano,Luca,26,D,D,D,,,"6'4""",209.0,2003,"Toronto, ON, CAN",76.0,,,,,,Toronto,ON,CAN,,R
Michigan Tech,Matthews,Max,5,D,D,D,,,"6'1""",190.0,2004,"Arlington Heights, IL, USA",73.0,,,,,,Arlington Heights,IL,USA,,R
Michigan Tech,Miller,Tyler,13,D,D,D,,,"6'0""",176.0,2004,"Medicine Hat, AB, CAN",72.0,,,,,,Medicine Hat,AB,CAN,,L
Michigan Tech,Parker,Kalem,8,D,D,D,,,"6'0""",187.0,2004,"Clavet, SK, CAN",72.0,,,,,,Clavet,SK,CAN,,R
Michigan Tech,Pietila,Braden,25,D,D,D,,,"6'1""",185.0,2004,"Howell, MI, USA",73.0,,,,,,Howell,MI,USA,,L
Michigan Tech,Prouty,Joe,20,D,D,D,,,"6'0""",181.0,2001,"Apple Valley, MN, USA",72.0,,,,,,Apple Valley,MN,USA,,R
Michigan Tech,Vähärautio,Kasper,7,D,D,D,,,"6'0""",187.0,2002,"Helsinki, FIN",72.0,,,,,,Helsinki,,FIN,,L
Michigan Tech,Abraham,Ryan,12,C,F,C,LW,,"5'8""",168.0,2004,"Livonia, MI, USA",68.0,,,,,,Livonia,MI,USA,,L
Michigan Tech,Baker,Owen,11,RW,F,RW,,,"5'10""",185.0,2004,"Howell, MI, USA",70.0,,,,,,Howell,MI,USA,,R
Michigan Tech,Birnie,Carson,15,C,F,C,,,"6'1""",187.0,2005,"Arcola, SK, CAN",73.0,,,,,,Arcola,SK,CAN,,L
Michigan Tech,Boehm,Brayden,6,C,F,C,,,"6'0""",187.0,2004,"Nanaimo, BC, CAN",72.0,,,,,,Nanaimo,BC,CAN,,L
Michigan Tech,Cicek,Michael,19,F,F,F,,,"6'1""",190.0,2004,"Winnipeg, MB, CAN",73.0,,,,,,Winnipeg,MB,CAN,,R
Michigan Tech,Daavettila,Reid,17,F,F,F,,,"6'2""",198.0,2005,"Howell, MI, USA",74.0,,,,,,Howell,MI,USA,,R
Michigan Tech,Gordon,Isaac,16,C,F,C,,,"6'0""",187.0,2004,"Landmark, MB, CAN",72.0,,,,,,Landmark,MB,CAN,,R
Michigan Tech,Gould,Rylan,24,C,F,C,,,"5'10""",181.0,2005,"Headingley, MB, CAN",70.0,,,,,,Headingley,MB,CAN,,L
Michigan Tech,Jansson,Elias,10,F,F,F,,,"6'0""",196.0,2005,"Oulu, FIN",72.0,,,,,,Oulu,,FIN,,L
Michigan Tech,Koskipirtti,Max,14,C,F,C,,,"6'1""",190.0,2004,"Espoo, FIN",73.0,,,,,,Espoo,,FIN,,L
Michigan Tech,Kukkonen,Trevor,23,F,F,F,,,"5'10""",181.0,2001,"Maple Grove, MN, USA",70.0,,,,,,Maple Grove,MN,USA,,L
Michigan Tech,Latimer,Carson,9,RW,F,RW,,,"6'1""",192.0,2003,"White Rock, BC, CAN",73.0,,,,,,White Rock,BC,CAN,,R
Michigan Tech,Leppä,Tom,2,C,F,C,,,"6'0""",183.0,2005,"Kauniainen, FIN",72.0,,,,,,Kauniainen,,FIN,,L
Michigan Tech,Matter,Ryder,29,F,F,F,,,"6'0""",185.0,2004,"Beaumont, AB, CAN",72.0,,,,,,Beaumont,AB,CAN,,R
Michigan Tech,Raiman,Lauri,27,C,F,C,,,"5'11""",179.0,2004,"Vantaa, FIN",71.0,,,,,,Vantaa,,FIN,,L
Michigan Tech,Reinhart,Noah,18,RW,F,RW,,,"6'1""",201.0,2004,"Dundas, ON, CAN",73.0,,,,,,Dundas,ON,CAN,,R
Michigan Tech,Sardaryan,Stiven,77,RW,F,RW,LW,,"6'2""",187.0,2003,"St. Petersburg, RUS",74.0,,,,,,St. Petersburg,,RUS,,L
Michigan Tech,Trembecky,Teydon,28,F,F,F,,,"5'11""",181.0,2005,"Strathcona, AB, CAN",71.0,,,,,,Strathcona,AB,CAN,,L
Michigan Tech,Blaricom,Matthew Van,22,F,F,F,,,"5'11""",174.0,2006,"Southey, SK, CAN",71.0,,,,,,Southey,SK,CAN,,R
Minnesota,Airey,Nathan,29,G,G,G,,,"6'3""",174.0,2003,"Cochrane, AB, CAN",75.0,,,,,,Cochrane,AB,CAN,,L
Minnesota,Pasquo,Luca Di,,G,G,G,,,"6'0""",201.0,2003,"Livonia, MI, USA",72.0,,,,,,Livonia,MI,USA,,R
Minnesota,Wiese,Zach,30,G,G,G,,,"5'10""",209.0,2002,"Owatonna, MN, USA",70.0,,,,,,Owatonna,MN,USA,,L
Minnesota,Begley,Axel,33,D,D,D,,,"6'2""",190.0,2003,"Mahtomedi, MN, USA",74.0,,,,,,Mahtomedi,MN,USA,,L
Minnesota,Gruba,Leo,55,D,D,D,,,"6'2""",209.0,2003,"Lake Elmo, MN, USA",74.0,,,,,,Lake Elmo,MN,USA,,R
Minnesota,McLaughlin,Finn,,D,D,D,,,"6'2""",207.0,2006,"Canmore, AB, CAN",74.0,,,,,,Canmore,AB,CAN,,L
Minnesota,Mittelstadt,Luke,20,D,D,D,,,"5'11""",174.0,2003,"Eden Prairie, MN, USA",71.0,,,,,,Eden Prairie,MN,USA,,L
Minnesota,Rombach,Jacob,,D,D,D,,,"6'6""",209.0,2007,"Blaine, MN, USA",78.0,,,,,,Blaine,MN,USA,,L
Minnesota,Whipple,John,3,D,D,D,,,"6'1""",194.0,2006,"Morristown, NJ, USA",73.0,,,,,,Morristown,NJ,USA,,L
Minnesota,Falloon,August,9,C,F,C,,,"6'2""",201.0,2004,"St. Cloud, MN, USA",74.0,,,,,,St. Cloud,MN,USA,,L
Minnesota,Harris,Graham,,F,F,F,,,"6'0""",185.0,2003,"Excelsior, MN, USA",72.0,,,,,,Excelsior,MN,USA,,L
Minnesota,Hendrickson,Beckett,14,C,F,C,LW,,"6'2""",174.0,2005,"Minnetonka, MN, USA",74.0,,,,,,Minnetonka,MN,USA,,L
Minnesota,Ludtke,Tanner,,C,F,C,,,"6'0""",185.0,2004,"Elko, MN, USA",72.0,,,,,,Elko,MN,USA,,L
Minnesota,Mittelstadt,John,19,F,F,F,,,"5'9""",176.0,2001,"Eden Prairie, MN, USA",69.0,,,,,,Eden Prairie,MN,USA,,L
Minnesota,Mooney,L.J.,,RW,F,RW,C,,"5'7""",157.0,2007,"West Mifflin, PA, USA",67.0,,,,,,West Mifflin,PA,USA,,R
Minnesota,Moore,Javon,,LW,F,LW,,,"6'4""",203.0,2005,"Minnetonka, MN, USA",76.0,,,,,,Minnetonka,MN,USA,,L
Minnesota,Pritchard,Tate,,F,F,F,,,"6'2""",192.0,2004,"Savage, MN, USA",74.0,,,,,,Savage,MN,USA,,R
Minnesota,Påhlsson,Erik,72,C,F,C,,,"6'1""",185.0,2004,"Landskrona, SWE",73.0,,,,,,Landskrona,,SWE,,L
Minnesota,Reid,Hayden,,C,F,C,LW,,"6'0""",181.0,2006,"Orono, ON, CAN",72.0,,,,,,Orono,ON,CAN,,L
Minnesota,Townsend,Teddy,,F,F,F,,,"5'10""",174.0,2005,"Eden Prairie, MN, USA",70.0,,,,,,Eden Prairie,MN,USA,,L
Minnesota,Ziemer,Brodie,74,RW,F,RW,LW,,"5'11""",190.0,2006,"Chaska, MN, USA",71.0,,,,,,Chaska,MN,USA,,R
Minnesota Duluth,Dahlmeir,Ethan,35,G,G,G,,,"6'4""",220.0,2003,"Lakeville, MN, USA",76.0,,,,,,Lakeville,MN,USA,,L
Minnesota Duluth,Gajan,Adam,30,G,G,G,,,"6'3""",187.0,2004,"Poprad, SVK",75.0,,,,,,Poprad,,SVK,,L
Minnesota Duluth,Sheffield,Cole,36,G,G,G,,,"6'0""",176.0,2004,"London, ON, CAN",72.0,,,,,,London,ON,CAN,,L
Minnesota Duluth,Bodnarchuk,Riley,20,D,D,D,,,"6'4""",205.0,2001,"Okotoks, AB, CAN",76.0,,,,,,Okotoks,AB,CAN,,L
Minnesota Duluth,Cleveland,Brady,5,D,D,D,,,"6'5""",220.0,2005,"Wausau, WI, USA",77.0,,,,,,Wausau,WI,USA,,L
Minnesota Duluth,Hanson,Ty,2,D,D,D,,,"5'9""",170.0,2005,"Hermantown, MN, USA",69.0,,,,,,Hermantown,MN,USA,,R
Minnesota Duluth,Kleber,Adam,6,D,D,D,,,"6'6""",225.0,2006,"Chaska, MN, USA",78.0,,,,,,Chaska,MN,USA,,R
Minnesota Duluth,Pierce,Joseph,18,D,D,D,,,"6'0""",196.0,2002,"Ely, MN, USA",72.0,,,,,,Ely,MN,USA,,R
Minnesota Duluth,Pionk,Aaron,8,D,D,D,,,"6'1""",172.0,2003,"Hermantown, MN, USA",73.0,,,,,,Hermantown,MN,USA,,L
Minnesota Duluth,Siepmann,Grayden,37,D,D,D,,,"5'11""",181.0,2004,"Windsor, ON, CAN",71.0,,,,,,Windsor,ON,CAN,,R
Minnesota Duluth,Toll,Jacob,3,D,D,D,,,"6'3""",170.0,2004,"Rosemount, MN, USA",75.0,,,,,,Rosemount,MN,USA,,L
Minnesota Duluth,Anderson,Hunter,11,LW,F,LW,,,"5'10""",185.0,2005,"Manhattan Beach, CA, USA",70.0,,,,,,Manhattan Beach,CA,USA,,L
Minnesota Duluth,Arnott,Callum,25,RW,F,RW,C,,"6'1""",170.0,2004,"King City, ON, CAN",73.0,,,,,,King City,ON,CAN,,R
Minnesota Duluth,Bechen,Blake,16,F,F,F,,,"6'0""",187.0,2005,"Dubuque, IA, USA",72.0,,,,,,Dubuque,IA,USA,,R
Minnesota Duluth,Bentz,Harper,19,RW,F,RW,,,"6'0""",176.0,2004,"Moorhead, MN, USA",72.0,,,,,,Moorhead,MN,USA,,R
Minnesota Duluth,Bibby,Luke,28,LW,F,LW,,,"6'0""",170.0,2004,"Brantford, ON, CAN",72.0,,,,,,Brantford,ON,CAN,,L
Minnesota Duluth,Fischer,Braden,21,LW,F,LW,,,"6'1""",185.0,2002,"Winnipeg, MB, CAN",73.0,,,,,,Winnipeg,MB,CAN,,L
Minnesota Duluth,Gaffney,Kyle,23,F,F,F,,,"6'0""",181.0,2001,"Plymouth, MI, USA",72.0,,,,,,Plymouth,MI,USA,,L
Minnesota Duluth,Kovich,Kyler,38,LW,F,LW,,,"6'2""",181.0,2002,"Coquitlam, BC, CAN",74.0,,,,,,Coquitlam,BC,CAN,,L
Minnesota Duluth,Plante,Max,10,C,F,C,,,"5'11""",176.0,2006,"Hermantown, MN, USA",71.0,,,,,,Hermantown,MN,USA,,L
Minnesota Duluth,Plante,Zam,27,C,F,C,,,"5'10""",170.0,2004,"Hermantown, MN, USA",70.0,,,,,,Hermantown,MN,USA,,L
Minnesota Duluth,Shaugabay,Jayson,17,C,F,C,,,"5'9""",165.0,2005,"Warroad, MN, USA",69.0,,,,,,Warroad,MN,USA,,R
Minnesota Duluth,Shlaine,Daniel,13,C,F,C,,,"6'0""",185.0,2005,"Moskva, RUS",72.0,,,,,,Moskva,,RUS,,L
Minnesota Duluth,Stachowiak,Trevor,39,F,F,F,,,"6'2""",196.0,2003,"Dallas, TX, USA",74.0,,,,,,Dallas,TX,USA,,R
Minnesota Duluth,Truman,Scout,24,LW,F,LW,,,"5'10""",181.0,2002,"Lethbridge, AB, CAN",70.0,,,,,,Lethbridge,AB,CAN,,L
Minnesota Duluth,Zaremba,Ryan,22,F,F,F,,,"5'9""",179.0,2006,"Balgonie, SK, CAN",69.0,,,,,,Balgonie,SK,CAN,,L
Minnesota State,Beckford,Max,35,G,G,G,,,"6'2""",205.0,2003,"London, ON, CAN",74.0,,,,,,London,ON,CAN,,L
Minnesota State,Syverson,Matthew,31,G,G,G,,,"6'4""",185.0,2003,"Apple Valley, MN, USA",76.0,,,,,,Apple Valley,MN,USA,,L
Minnesota State,Tracy,Alexander,33,G,G,G,,,"6'0""",187.0,2001,"Chicago, IL, USA",72.0,,,,,,Chicago,IL,USA,,L
Minnesota State,Bergmanis,Ralfs,39,D,D,D,,,"5'10""",174.0,2002,"Liepaja, LAT",70.0,,,,,,Liepaja,,LAT,,L
Minnesota State,Bonkowski,Rylan,26,D,D,D,,,"5'11""",170.0,2006,"Richmond, BC, CAN",71.0,,,,,,Richmond,BC,CAN,,R
Minnesota State,Cichosz,Campbell,8,D,D,D,,,"6'1""",185.0,2001,"Albert Lea, MN, USA",73.0,,,,,,Albert Lea,MN,USA,,R
Minnesota State,Conrad,Jacob,4,D,D,D,,,"5'10""",170.0,2002,"Green Bay, WI, USA",70.0,,,,,,Green Bay,WI,USA,,L
Minnesota State,Hewson,Easton,28,D,D,D,,,"6'4""",220.0,2005,"Edmonton, AB, CAN",76.0,,,,,,Edmonton,AB,CAN,,L
Minnesota State,Hupka,Liam,22,D,D,D,,,"6'3""",190.0,2005,"Minneapolis, MN, USA",75.0,,,,,,Minneapolis,MN,USA,,R
Minnesota State,Murr,Evan,10,D,D,D,,,"5'11""",179.0,2003,"Stillwater, MN, USA",71.0,,,,,,Stillwater,MN,USA,,R
Minnesota State,Stender,Jakob,18,D,D,D,,,"6'1""",185.0,2002,"Alexandria, MN, USA",73.0,,,,,,Alexandria,MN,USA,,L
Minnesota State,Strand,Bryce,7,D,D,D,,,"5'9""",165.0,2004,"Green Bay, WI, USA",69.0,,,,,,Green Bay,WI,USA,,L
Minnesota State,Wheeler,Mason,5,D,D,D,,,"6'1""",194.0,2001,"Inver Grove Heights, MN, USA",73.0,,,,,,Inver Grove Heights,MN,USA,,L
Minnesota State,Benincasa,Luigi,9,F,F,F,,,"5'9""",157.0,2002,"Edmonton, AB, CAN",69.0,,,,,,Edmonton,AB,CAN,,R
Minnesota State,Bonkowski,Jacob,16,F,F,F,,,"6'1""",170.0,2003,"Richmond, BC, CAN",73.0,,,,,,Richmond,BC,CAN,,L
Minnesota State,Gavars,Felikss,25,F,F,F,,,"5'11""",183.0,2002,"Riga, LAT",71.0,,,,,,Riga,,LAT,,L
Minnesota State,LeBel,Mason,14,F,F,F,,,"6'3""",194.0,2004,"South Bend, IN, USA",75.0,,,,,,South Bend,IN,USA,,L
Minnesota State,Lemyre,Tristan,13,C,F,C,,,"5'9""",170.0,2001,"Mirabel, QC, CAN",69.0,,,,,,Mirabel,QC,CAN,,R
Minnesota State,Lurie,Charlie,24,F,F,F,,,"5'11""",187.0,2003,"Minnetonka, MN, USA",71.0,,,,,,Minnetonka,MN,USA,,L
Minnesota State,Morich,Reid,44,F,F,F,,,"6'2""",214.0,2005,"Scottsdale, AZ, USA",74.0,,,,,,Scottsdale,AZ,USA,,R
Minnesota State,Ronn,Jordan,11,F,F,F,,,"5'10""",176.0,2005,"Champlin Park, MN, USA",70.0,,,,,,Champlin Park,MN,USA,,L
Minnesota State,Scholl,Sawyer,23,RW,F,RW,,,"6'2""",190.0,2002,"Green Bay, WI, USA",74.0,,,,,,Green Bay,WI,USA,,L
Minnesota State,Smith,Jack,20,C,F,C,RW,,"6'0""",190.0,2002,"St. Cloud, MN, USA",72.0,,,,,,St. Cloud,MN,USA,,L
Minnesota State,Somoza,Ean,17,F,F,F,,,"6'3""",205.0,2003,"Thousand Oaks, CA, USA",75.0,,,,,,Thousand Oaks,CA,USA,,R
Minnesota State,Watkins,Liam,27,F,F,F,,,"6'1""",201.0,2004,"Okotoks, AB, CAN",73.0,,,,,,Okotoks,AB,CAN,,L
Minnesota State,Williams,Finlay,21,F,F,F,,,"6'1""",185.0,2003,"North Vancouver, BC, CAN",73.0,,,,,,North Vancouver,BC,CAN,,R
Minnesota State,Zetterberg,Alexander,12,C,F,C,,,"5'8""",163.0,2006,"Sundsvall, SWE",68.0,,,,,,Sundsvall,,SWE,,R
New Hampshire,Chauvette,Kyle,,G,G,G,,,"6'1""",174.0,2001,"Goffstown, NH, USA",73.0,,,,,,Goffstown,NH,USA,,R
New Hampshire,Coombs,Kristian,1,G,G,G,,,"6'2""",185.0,2005,"Calgary, AB, CAN",74.0,,,,,,Calgary,AB,CAN,,L
New Hampshire,Grout,Ryan,,G,G,G,,,"6'0""",179.0,2007,"Calgary, AB, CAN",72.0,,,,,,Calgary,AB,CAN,,L
New Hampshire,Carr,Alex,2,D,D,D,,,"6'0""",194.0,2004,"Sackville, NS, CAN",72.0,,,,,,Sackville,NS,CAN,,R
New Hampshire,Conn,Reid,8,D,D,D,,,"6'4""",209.0,2004,"Centennial, CO, USA",76.0,,,,,,Centennial,CO,USA,,R
New Hampshire,Angelis,Nicholas De,,D,D,D,,,"6'2""",187.0,2004,"King City, ON, CAN",74.0,,,,,,King City,ON,CAN,,L
New Hampshire,Haro,Conner de,,D,D,D,,,"5'11""",192.0,2005,"Raleigh, NC, USA",71.0,,,,,,Raleigh,NC,USA,,L
New Hampshire,Grimes,Price,,D,D,D,,,"6'2""",185.0,2006,"Greenville, SC, USA",74.0,,,,,,Greenville,SC,USA,,R
New Hampshire,Hahn,Zach,5,D,D,D,,,"6'2""",205.0,2002,"Huntington, NY, USA",74.0,,,,,,Huntington,NY,USA,,L
New Hampshire,Konevych,Nikita,,D,D,D,,,"6'3""",183.0,2006,"Kalush, UKR",75.0,,,,,,Kalush,,UKR,,L
New Hampshire,Philbrick,Ryan,4,D,D,D,,,"5'11""",181.0,2004,"Concord, NH, USA",71.0,,,,,,Concord,NH,USA,,L
New Hampshire,Plandowski,Oscar,15,D,D,D,,,"6'0""",190.0,2003,"Red Deer, AB, CAN",72.0,,,,,,Red Deer,AB,CAN,,R
New Hampshire,Player,Josh,13,D,D,D,,,"6'0""",190.0,2005,"Thorofare, NJ, USA",72.0,,,,,,Thorofare,NJ,USA,,R
New Hampshire,Allecia,Jesse,,RW,F,RW,,,"6'1""",183.0,2005,"New York, NY, USA",73.0,,,,,,New York,NY,USA,,R
New Hampshire,Bradshaw,Sebastian,,LW,F,LW,,,"6'4""",205.0,2005,"Newtonville, ON, CAN",76.0,,,,,,Newtonville,ON,CAN,,L
New Hampshire,Cronin,Jack,9,RW,F,RW,,,"5'11""",190.0,2001,"Hamilton, MA, USA",71.0,,,,,,Hamilton,MA,USA,,R
New Hampshire,DeTurris,Connor,11,F,F,F,,,"6'1""",185.0,2004,"Naperville, IL, USA",73.0,,,,,,Naperville,IL,USA,,L
New Hampshire,Gagnon,Félix,,RW,F,RW,,,"6'0""",174.0,2004,"Saguenay, QC, CAN",72.0,,,,,,Saguenay,QC,CAN,,R
New Hampshire,Lavins,Martins,6,C,F,C,,,"6'1""",185.0,2003,"Riga, LAT",73.0,,,,,,Riga,,LAT,,R
New Hampshire,MacDonald,Cameron,,C,F,C,,,"6'2""",194.0,2003,"Toronto, ON, CAN",74.0,,,,,,Toronto,ON,CAN,,L
New Hampshire,MacPherson,Ryan,7,C,F,C,,,"6'1""",185.0,2005,"Windsor, ON, CAN",73.0,,,,,,Windsor,ON,CAN,,L
New Hampshire,Newcombe,Jacob,,LW,F,LW,C,,"6'0""",203.0,2004,"Halifax, NS, CAN",72.0,,,,,,Halifax,NS,CAN,,L
New Hampshire,Oliver,Sam,,C,F,C,,,"5'11""",183.0,2004,"Quispamsis, NB, CAN",71.0,,,,,,Quispamsis,NB,CAN,,L
New Hampshire,Sadowski,Jack,,F,F,F,,,"6'0""",179.0,2006,"Arlington, MA, USA",72.0,,,,,,Arlington,MA,USA,,L
New Hampshire,Skrastins,Kristaps,17,C,F,C,,,"5'10""",179.0,2001,"Riga, LAT",70.0,,,,,,Riga,,LAT,,R
New Hampshire,Turner,J.P.,16,C,F,C,,,"6'0""",194.0,2003,"East Falmouth, MA, USA",72.0,,,,,,East Falmouth,MA,USA,,R
New Hampshire,Walsh,Ronan,10,F,F,F,,,"6'4""",209.0,2002,"Andover, NH, USA",76.0,,,,,,Andover,NH,USA,,R
Niagara,Anderson,Tomas,31,G,G,G,,,"6'3""",201.0,2004,"Stillwater, MN, USA",75.0,,,,,,Stillwater,MN,USA,,L
Niagara,Day,Mitchell,30,G,G,G,,,"5'10""",174.0,2002,"MO, USA",70.0,,,,,,MO,,USA,,L
Niagara,Rolovs,Deivs,1,G,G,G,,,"6'2""",183.0,2004,"Riga, LAT",74.0,,,,,,Riga,,LAT,,L
Niagara,Becker,Mitchell,3,D,D,D,,,"6'4""",223.0,2001,"Rogers, MN, USA",76.0,,,,,,Rogers,MN,USA,,R
Niagara,Brockhoff,Lane,22,D,D,D,,,"6'1""",207.0,2000,"Edberg, AB, CAN",73.0,,,,,,Edberg,AB,CAN,,L
Niagara,Eke,Cameron,8,D,D,D,,,"6'2""",198.0,2005,"St. Catharines, ON, CAN",74.0,,,,,,St. Catharines,ON,CAN,,L
Niagara,Lund,Ethan,28,D,D,D,,,"5'10""",185.0,2001,"Calgary, AB, CAN",70.0,,,,,,Calgary,AB,CAN,,L
Niagara,Murakami,Ray,27,D,D,D,,,"6'0""",181.0,2003,"Tomakomai, JPN",72.0,,,,,,Tomakomai,,JPN,,L
Niagara,Oickle,Nathan,9,D,D,D,,,"6'0""",185.0,2003,"Peterborough, ON, CAN",72.0,,,,,,Peterborough,ON,CAN,,R
Niagara,Roloson,Ross,12,D,D,D,,,"5'11""",174.0,2003,"Woodbury, MN, USA",71.0,,,,,,Woodbury,MN,USA,,R
Niagara,Ziskie,Jonathan,2,D,D,D,,,"6'3""",187.0,2001,"Macomb, MI, USA",75.0,,,,,,Macomb,MI,USA,,L
Niagara,Dietrich,Grayson,13,C,F,C,LW,,"6'2""",201.0,2001,"Calgary, AB, CAN",74.0,,,,,,Calgary,AB,CAN,,L
Niagara,Finnie,Marshall,14,F,F,F,,,"6'2""",194.0,2004,"Lethbridge, AB, CAN",74.0,,,,,,Lethbridge,AB,CAN,,R
Niagara,Hackett,Noah,34,F,F,F,,,"6'1""",174.0,2001,"Ponoka, AB, CAN",73.0,,,,,,Ponoka,AB,CAN,,R
Niagara,Maillet,Jacob,26,C,F,C,,,"6'1""",205.0,2003,"Dundas, ON, CAN",73.0,,,,,,Dundas,ON,CAN,,R
Niagara,McDonnell,Declan,25,RW,F,RW,C,,"5'10""",190.0,2002,"Buffalo, NY, USA",70.0,,,,,,Buffalo,NY,USA,,R
Niagara,Melin,Dallon,21,LW,F,LW,,,"6'4""",220.0,2002,"Camrose, AB, CAN",76.0,,,,,,Camrose,AB,CAN,,L
Niagara,Muranov,Maxim,15,F,F,F,,,"6'2""",185.0,2004,"Moskva, RUS",74.0,,,,,,Moskva,,RUS,,L
Niagara,Niemo,Nicholas,24,F,F,F,,,"5'10""",181.0,2001,"Middlebury, VT, USA",70.0,,,,,,Middlebury,VT,USA,,R
Niagara,Prohorenkovs,Glebs,4,F,F,F,,,"6'2""",187.0,2001,"Riga, LAT",74.0,,,,,,Riga,,LAT,,L
Niagara,Reist,Andy,16,F,F,F,,,"6'0""",174.0,2004,"Waterloo, ON, CAN",72.0,,,,,,Waterloo,ON,CAN,,L
Niagara,Vieten,Drew,19,F,F,F,,,"6'1""",190.0,2001,"Calabasas, CA, USA",73.0,,,,,,Calabasas,CA,USA,,L
Niagara,Wallace,Hunter,10,F,F,F,,,"5'8""",165.0,2003,"Oak Lake, MB, CAN",68.0,,,,,,Oak Lake,MB,CAN,,L
Niagara,Young,Spencer,18,C,F,C,,,"6'0""",174.0,2003,"Elmira, ON, CAN",72.0,,,,,,Elmira,ON,CAN,,R
Niagara,Zimmer,Tyson,20,RW,F,RW,,,"6'0""",192.0,2004,"Russell, MB, CAN",72.0,,,,,,Russell,MB,CAN,,R
North Dakota,Homer,Gibson,31,G,G,G,,,"6'5""",209.0,2003,"Grand Rapids, MI, USA",77.0,,,,,,Grand Rapids,MI,USA,,L
North Dakota,Sandy,Zachary,1,G,G,G,,,"6'0""",176.0,2002,"Fargo, ND, USA",72.0,,,,,,Fargo,ND,USA,,L
North Dakota,Spunar,Jan,35,G,G,G,,,"6'3""",190.0,2004,"Olomouc, CZE",75.0,,,,,,Olomouc,,CZE,,L
North Dakota,Engel,Ian,,D,D,D,,,"6'0""",185.0,2004,"Hortonville, WI, USA",72.0,,,,,,Hortonville,WI,USA,,L
North Dakota,Laurila,Sam,13,D,D,D,,,"6'1""",192.0,2006,"Moorhead, MN, USA",73.0,,,,,,Moorhead,MN,USA,,L
North Dakota,Verhoeff,Keaton,18,D,D,D,,,"6'4""",212.0,2008,"Fort Saskatchewan, AB, CAN",76.0,,,,,,Fort Saskatchewan,AB,CAN,,R
North Dakota,Wiebe,Abram,25,D,D,D,,,"6'2""",187.0,2003,"Mission, BC, CAN",74.0,,,,,,Mission,BC,CAN,,L
North Dakota,James,Dylan,26,LW,F,LW,,,"6'0""",190.0,2003,"Calgary, AB, CAN",72.0,,,,,,Calgary,AB,CAN,,L
North Dakota,Josephson,Ollie,,C,F,C,,,"6'0""",187.0,2006,"Victoria, BC, CAN",72.0,,,,,,Victoria,BC,CAN,,L
North Dakota,Kernan,Jack,15,C,F,C,,,"6'2""",196.0,2005,"Maple Grove, MN, USA",74.0,,,,,,Maple Grove,MN,USA,,R
North Dakota,Klee,David,,F,F,F,,,"6'2""",181.0,2005,"Castle Rock, CO, USA",74.0,,,,,,Castle Rock,CO,USA,,L
North Dakota,Littler,Cade,20,C,F,C,RW,,"6'3""",209.0,2004,"East Wenatchee, WA, USA",75.0,,,,,,East Wenatchee,WA,USA,,R
North Dakota,Menghini,Anthony,27,F,F,F,,,"5'10""",185.0,2002,"Brainerd, MN, USA",70.0,,,,,,Brainerd,MN,USA,,L
North Dakota,Reschny,Cole,17,C,F,C,LW,,"5'11""",183.0,2007,"Macklin, SK, CAN",71.0,,,,,,Macklin,SK,CAN,,L
North Dakota,Rickwood,Ellis,29,C,F,C,,,"6'2""",201.0,2002,"Brantford, ON, CAN",74.0,,,,,,Brantford,ON,CAN,,R
North Dakota,Schultz,Ashton,,C,F,C,RW,,"5'11""",181.0,2006,"Victoria, MN, USA",71.0,,,,,,Victoria,MN,USA,,R
North Dakota,Young,Tyler,,RW,F,RW,,,"6'1""",179.0,2001,"Lancaster, MA, USA",73.0,,,,,,Lancaster,MA,USA,,R
North Dakota,Zakreski,Joshua,24,F,F,F,,,"5'11""",192.0,2005,"Saskatoon, SK, CAN",71.0,,,,,,Saskatoon,SK,CAN,,L
North Dakota,Zellers,Will,9,C,F,C,,,"5'10""",176.0,2006,"Maple Grove, MN, USA",70.0,,,,,,Maple Grove,MN,USA,,L
Northeastern,DellaRusso,Matthew,35,G,G,G,,,"6'3""",187.0,2004,"Darien, CT, USA",75.0,,,,,,Darien,CT,USA,,L
Northeastern,Sigurdson,Quentin,1,G,G,G,,,"6'2""",174.0,2003,"Sartell, MN, USA",74.0,,,,,,Sartell,MN,USA,,L
Northeastern,Zacher,Lawton,47,G,G,G,,,"6'2""",179.0,2003,"Buffalo, NY, USA",74.0,,,,,,Buffalo,NY,USA,,L
Northeastern,Borgesi,Vincent,22,D,D,D,,,"5'8""",174.0,2004,"Philadelphia, PA, USA",68.0,,,,,,Philadelphia,PA,USA,,R
Northeastern,Compton,Dylan,4,D,D,D,,,"6'0""",187.0,2005,"Victoria, BC, CAN",72.0,,,,,,Victoria,BC,CAN,,R
Northeastern,Finlay,Dylan,26,D,D,D,,,"6'2""",192.0,2001,"L'Île-Bizard, QC, CAN",74.0,,,,,,L'Île-Bizard,QC,CAN,,L
Northeastern,Hayes,Nolan,12,D,D,D,,,"6'1""",181.0,2002,"Boston, MA, USA",73.0,,,,,,Boston,MA,USA,,R
Northeastern,Henry,Jack,5,D,D,D,,,"6'0""",190.0,2004,"Skaneateles, NY, USA",72.0,,,,,,Skaneateles,NY,USA,,R
Northeastern,Jones,Noah,9,D,D,D,,,"6'5""",212.0,2004,"Bridgewater, NJ, USA",77.0,,,,,,Bridgewater,NJ,USA,,R
Northeastern,Lemay,Joaquim,2,D,D,D,,,"6'1""",185.0,2002,"St-Pierre-les-Becquets, QC, CAN",73.0,,,,,,St-Pierre-les-Becquets,QC,CAN,,L
Northeastern,May,Austen,24,D,D,D,,,"5'11""",170.0,2003,"Woodhaven, MI, USA",71.0,,,,,,Woodhaven,MI,USA,,R
Northeastern,Badger,Grayson,6,RW,F,RW,,,"6'2""",187.0,2004,"Hyde Park, MA, USA",74.0,,,,,,Hyde Park,MA,USA,,R
Northeastern,Connor,Joe,14,C,F,C,LW,,"5'10""",174.0,2005,"Amherst, NH, USA",70.0,,,,,,Amherst,NH,USA,,L
Northeastern,Erdman,Griffin,17,F,F,F,,,"5'10""",187.0,2005,"Wilmington, DE, USA",70.0,,,,,,Wilmington,DE,USA,,L
Northeastern,Fisher,James,8,RW,F,RW,C,,"6'2""",190.0,2004,"Burlington, MA, USA",74.0,,,,,,Burlington,MA,USA,,R
Northeastern,Fredericks,Ethan,10,F,F,F,,,"6'2""",201.0,2004,"Sandy Springs, GA, USA",74.0,,,,,,Sandy Springs,GA,USA,,R
Northeastern,Fukakusa,Tyler,91,C,F,C,,,"5'11""",181.0,2002,"Toronto, ON, CAN",71.0,,,,,,Toronto,ON,CAN,,L
Northeastern,Hajibi,Amine,33,LW,F,LW,,,"6'1""",185.0,2005,"Montréal, QC, CAN",73.0,,,,,,Montréal,QC,CAN,,L
Northeastern,Lund,Marc,19,F,F,F,,,"6'4""",205.0,2003,"Edina, MN, USA",76.0,,,,,,Edina,MN,USA,,R
Northeastern,Maltais,Matthew,92,C,F,C,,,"6'2""",183.0,2004,"St-Basile-le-Grand, QC, CAN",74.0,,,,,,St-Basile-le-Grand,QC,CAN,,L
Northeastern,Martino,Giacomo,15,LW,F,LW,,,"5'11""",185.0,2005,"Toronto, ON, CAN",71.0,,,,,,Toronto,ON,CAN,,L
Northeastern,Mathieu,Jacob,81,C,F,C,,,"5'11""",192.0,2004,"St-Odilon-de-Cranbourne, QC, CAN",71.0,,,,,,St-Odilon-de-Cranbourne,QC,CAN,,L
Northeastern,Messuri,Anthony,93,F,F,F,,,"5'8""",170.0,2001,"Arlington, MA, USA",68.0,,,,,,Arlington,MA,USA,,L
Northeastern,Moore,Andy,7,F,F,F,,,"5'11""",194.0,2002,"Cumberland, ME, USA",71.0,,,,,,Cumberland,ME,USA,,R
Northeastern,Pechar,Jack,21,F,F,F,,,"6'1""",198.0,2005,"Niskayuna, NY, USA",73.0,,,,,,Niskayuna,NY,USA,,R
Northeastern,Perkins,Matthew,51,C,F,C,,,"5'11""",174.0,2004,"Balgonie, SK, CAN",71.0,,,,,,Balgonie,SK,CAN,,L
Northeastern,Sebastian,Eli,11,C,F,C,,,"6'0""",192.0,2004,"Burlington, ON, CAN",72.0,,,,,,Burlington,ON,CAN,,L
Northern Michigan,Auyeung-Ashton,Oliver,30,G,G,G,,,"5'10""",163.0,2005,"Coquitlam, BC, CAN",70.0,,,,,,Coquitlam,BC,CAN,,L
Northern Michigan,Fuller,Jackson,31,G,G,G,,,"6'0""",170.0,2004,"Centerville, MN, USA",72.0,,,,,,Centerville,MN,USA,,L
Northern Michigan,Gramme,William,1,G,G,G,,,"6'4""",201.0,2002,"Stockholm, SWE",76.0,,,,,,Stockholm,,SWE,,L
Northern Michigan,Ardanaz,Nicolas,3,D,D,D,,,"5'10""",185.0,2002,"Surrey, BC, CAN",70.0,,,,,,Surrey,BC,CAN,,L
Northern Michigan,Clark,Warren,4,D,D,D,,,"6'3""",194.0,2004,"Riverside, ON, CAN",75.0,,,,,,Riverside,ON,CAN,,R
Northern Michigan,Cliche,Anthony,20,D,D,D,,,"6'4""",216.0,2003,"Vallée-Jonction, QC, CAN",76.0,,,,,,Vallée-Jonction,QC,CAN,,R
Northern Michigan,Côté,David,,D,D,D,,,"6'4""",201.0,2003,"St-Bruno-de-Montarville, QC, CAN",76.0,,,,,,St-Bruno-de-Montarville,QC,CAN,,L
Northern Michigan,Daul,Grayden,5,D,D,D,,,"6'0""",181.0,2003,"Chicago, IL, USA",72.0,,,,,,Chicago,IL,USA,,R
Northern Michigan,Demsey,Zane,9,D,D,D,,,"6'2""",190.0,2001,"Harrison Township, MI, USA",74.0,,,,,,Harrison Township,MI,USA,,L
Northern Michigan,Ewart,Tynan,6,D,D,D,,,"6'2""",187.0,2002,"Duncan, BC, CAN",74.0,,,,,,Duncan,BC,CAN,,L
Northern Michigan,Johnson,Evan,23,D,D,D,,,"5'11""",185.0,2004,"Trenton, MI, USA",71.0,,,,,,Trenton,MI,USA,,R
Northern Michigan,Mason,Cade,8,D,D,D,,,"5'11""",176.0,2001,"Red Deer, AB, CAN",71.0,,,,,,Red Deer,AB,CAN,,L
Northern Michigan,Schiller,Joe,2,D,D,D,,,"6'0""",194.0,2004,"Moorhead, MN, USA",72.0,,,,,,Moorhead,MN,USA,,L
Northern Michigan,Altrichter,Jakub,14,C,F,C,,,"5'10""",154.0,2003,"Praha, CZE",70.0,,,,,,Praha,,CZE,,L
Northern Michigan,Argentina,Matt,28,C,F,C,,,"5'11""",194.0,2003,"Philadelphia, PA, USA",71.0,,,,,,Philadelphia,PA,USA,,R
Northern Michigan,Bettens,Kyle,24,RW,F,RW,C,,"6'3""",216.0,2001,"Winnipeg, MB, CAN",75.0,,,,,,Winnipeg,MB,CAN,,R
Northern Michigan,Bolduc,Médrick,13,F,F,F,,,"5'9""",183.0,2003,"Val-d'Or, QC, CAN",69.0,,,,,,Val-d'Or,QC,CAN,,R
Northern Michigan,Burchill,Michael,18,F,F,F,,,"5'10""",163.0,2005,"Mundelein, IL, USA",70.0,,,,,,Mundelein,IL,USA,,R
Northern Michigan,Ciccarello,Danny,27,F,F,F,,,"5'11""",201.0,2001,"Kirkland, QC, CAN",71.0,,,,,,Kirkland,QC,CAN,,R
Northern Michigan,Cisar,Peter,12,F,F,F,,,"6'0""",176.0,2005,"Bratislava, SVK",72.0,,,,,,Bratislava,,SVK,,L
Northern Michigan,Gault,Caiden,16,F,F,F,,,"6'1""",179.0,2002,"Oakbank, MB, CAN",73.0,,,,,,Oakbank,MB,CAN,,L
Northern Michigan,Hutchinson,Aidyn,29,F,F,F,,,"6'1""",185.0,2003,"St. Albert, AB, CAN",73.0,,,,,,St. Albert,AB,CAN,,R
Northern Michigan,MacDonald,Landon,22,C,F,C,,,"6'2""",192.0,2004,"Brighton, MI, USA",74.0,,,,,,Brighton,MI,USA,,L
Northern Michigan,Pitka,Tobias,19,C,F,C,,,"6'4""",225.0,2006,"Poprad, SVK",76.0,,,,,,Poprad,,SVK,,R
Northern Michigan,Silkalns,Girts,17,F,F,F,,,"6'2""",198.0,2003,"Talsi, LAT",74.0,,,,,,Talsi,,LAT,,R
Northern Michigan,Slipec,Grayden,15,F,F,F,,,"5'10""",190.0,2005,"Surrey, BC, CAN",70.0,,,,,,Surrey,BC,CAN,,L
Northern Michigan,Stern,Tyler,21,F,F,F,,,"5'10""",174.0,2004,"Plainview, NY, USA",70.0,,,,,,Plainview,NY,USA,,R
Northern Michigan,Ward,Mathew,10,F,F,F,,,"5'9""",168.0,2004,"Kamloops, BC, CAN",69.0,,,,,,Kamloops,BC,CAN,,L
Notre Dame,Kempf,Nicholas,31,G,G,G,,,"6'2""",192.0,2006,"Morton Grove, IL, USA",74.0,,,,,,Morton Grove,IL,USA,,L
Notre Dame,Pearson,Luke,30,G,G,G,,,"6'2""",185.0,2001,"Whitby, ON, CAN",74.0,,,,,,Whitby,ON,CAN,,L
Notre Dame,Williams,Jack,29,G,G,G,,,"6'3""",190.0,2001,"St. Louis, MO, USA",75.0,,,,,,St. Louis,MO,USA,,L
Notre Dame,Carlisle,Caeden,27,D,D,D,,,"6'1""",196.0,2004,"Mississauga, ON, CAN",73.0,,,,,,Mississauga,ON,CAN,,L
Notre Dame,Fischer,Paul,16,D,D,D,,,"6'0""",203.0,2005,"River Forest, IL, USA",72.0,,,,,,River Forest,IL,USA,,L
Notre Dame,Jurcev,Jimmy,2,D,D,D,,,"6'5""",201.0,2003,"Palos Heights, IL, USA",77.0,,,,,,Palos Heights,IL,USA,,R
Notre Dame,Kerr,Jaedon,21,D,D,D,,,"6'4""",218.0,2003,"Elk River, MN, USA",76.0,,,,,,Elk River,MN,USA,,R
Notre Dame,Kumlin,Axel,5,D,D,D,,,"6'1""",196.0,2002,"Stockholm, SWE",73.0,,,,,,Stockholm,,SWE,,R
Notre Dame,Mackie,Drew,6,D,D,D,,,"6'0""",187.0,2005,"Anchorage, AK, USA",72.0,,,,,,Anchorage,AK,USA,,L
Notre Dame,Mastrodomenico,Michael,4,D,D,D,,,"6'0""",209.0,2004,"Kirkland, QC, CAN",72.0,,,,,,Kirkland,QC,CAN,,R
Notre Dame,Nelson,Henry,12,D,D,D,,,"6'1""",196.0,2003,"Maple Grove, MN, USA",73.0,,,,,,Maple Grove,MN,USA,,L
Notre Dame,Ali,Brennan,13,C,F,C,LW,,"6'0""",194.0,2004,"Glencoe, IL, USA",72.0,,,,,,Glencoe,IL,USA,,L
Notre Dame,Belle,William,8,RW,F,RW,,,"6'4""",225.0,2007,"Minnetonka, MN, USA",76.0,,,,,,Minnetonka,MN,USA,,R
Notre Dame,Brown,Cole,9,LW,F,LW,RW,,"6'3""",190.0,2005,"Aurora, ON, CAN",75.0,,,,,,Aurora,ON,CAN,,L
Notre Dame,Davis,Jayden,15,C,F,C,LW,,"5'10""",190.0,2003,"Calgary, AB, CAN",70.0,,,,,,Calgary,AB,CAN,,L
Notre Dame,Fimis,Pano,17,C,F,C,RW,,"5'11""",183.0,2004,"Richmond Hill, ON, CAN",71.0,,,,,,Richmond Hill,ON,CAN,,R
Notre Dame,Fleming,Maddox,14,RW,F,RW,LW,,"5'11""",198.0,2004,"Rochester, MN, USA",71.0,,,,,,Rochester,MN,USA,,R
Notre Dame,Jovanovic,Niko,20,C,F,C,LW,,"6'3""",223.0,2002,"West Vancouver, BC, CAN",75.0,,,,,,West Vancouver,BC,CAN,,L
Notre Dame,Knuble,Cole,22,C,F,C,RW,,"5'10""",192.0,2004,"Grand Rapids, MI, USA",70.0,,,,,,Grand Rapids,MI,USA,,R
Notre Dame,Larrigan,Jack,18,RW,F,RW,LW,,"5'10""",179.0,2004,"St. Louis, MO, USA",70.0,,,,,,St. Louis,MO,USA,,R
Notre Dame,Muzzatti,Sutter,28,F,F,F,,,"6'6""",229.0,2003,"Okemos, MI, USA",78.0,,,,,,Okemos,MI,USA,,L
Notre Dame,Nelson,Danny,11,C,F,C,LW,,"6'3""",216.0,2005,"Maple Grove, MN, USA",75.0,,,,,,Maple Grove,MN,USA,,L
Notre Dame,Oliver,Dashel,24,F,F,F,,,"5'10""",185.0,2005,"Bloomington, IN, USA",70.0,,,,,,Bloomington,IN,USA,,R
Notre Dame,Schermerhorn,Michael,23,C,F,C,LW,,"6'0""",216.0,2003,"Traverse City, MI, USA",72.0,,,,,,Traverse City,MI,USA,,L
Notre Dame,Slaggert,Carter,25,LW,F,LW,RW,,"5'9""",174.0,2005,"South Bend, IN, USA",69.0,,,,,,South Bend,IN,USA,,L
Notre Dame,Werner,Evan,19,F,F,F,,,"5'8""",174.0,2003,"Flower Mound, TX, USA",68.0,,,,,,Flower Mound,TX,USA,,R
Ohio State,Eberly,Kristoffer,60,G,G,G,,,"6'4""",207.0,2002,"Pinckney, MI, USA",76.0,,,,,,Pinckney,MI,USA,,L
Ohio State,Hillebrandt,Sam,30,G,G,G,,,"6'1""",170.0,2005,"Port Huron, MI, USA",73.0,,,,,,Port Huron,MI,USA,,L
Ohio State,Labre,Dawson,1,G,G,G,,,"6'3""",185.0,2004,"Les Cèdres, QC, CAN",75.0,,,,,,Les Cèdres,QC,CAN,,L
Ohio State,Able,Chris,2,D,D,D,,,"6'1""",198.0,2004,"Libertyville, IL, USA",73.0,,,,,,Libertyville,IL,USA,,R
Ohio State,Ingles,Bryce,21,D,D,D,,,"5'9""",181.0,2005,"Clyde, MI, USA",69.0,,,,,,Clyde,MI,USA,,R
Ohio State,McBrayer,Nathan,8,D,D,D,,,"6'0""",194.0,2004,"Columbus, OH, USA",72.0,,,,,,Columbus,OH,USA,,L
Ohio State,McGinley,Samuel,27,D,D,D,,,"6'3""",165.0,2002,"Calgary, AB, CAN",75.0,,,,,,Calgary,AB,CAN,,L
Ohio State,Romaine,Chris,7,D,D,D,,,"6'0""",196.0,2004,"Boston, MA, USA",72.0,,,,,,Boston,MA,USA,,R
Ohio State,Sabo,Broten,73,D,D,D,,,"6'3""",207.0,2002,"Rosemount, MN, USA",75.0,,,,,,Rosemount,MN,USA,,L
Ohio State,Smith,William,28,D,D,D,,,"6'1""",194.0,2003,"Toronto, ON, CAN",73.0,,,,,,Toronto,ON,CAN,,L
Ohio State,Straky,Ethan,5,D,D,D,,,"5'11""",181.0,2003,"Walnut Creek, CA, USA",71.0,,,,,,Walnut Creek,CA,USA,,R
Ohio State,Burnside,Davis,23,F,F,F,,,"6'0""",181.0,2003,"La Grange, IL, USA",72.0,,,,,,La Grange,IL,USA,,R
Ohio State,Caron,Félix,13,RW,F,RW,,,"6'0""",168.0,2004,"Terrebonne, QC, CAN",72.0,,,,,,Terrebonne,QC,CAN,,R
Ohio State,Crocker,Niall,24,F,F,F,,,"6'4""",196.0,2004,"Delta, BC, CAN",76.0,,,,,,Delta,BC,CAN,,R
Ohio State,Deckhut,Samuel,25,C,F,C,,,"5'11""",194.0,2002,"San Diego, CA, USA",71.0,,,,,,San Diego,CA,USA,,L
Ohio State,Dunlap,Jake,91,F,F,F,,,"5'9""",174.0,2001,"Windham, NH, USA",69.0,,,,,,Windham,NH,USA,,L
Ohio State,Eisele,Adam,15,F,F,F,,,"6'1""",185.0,2001,"Lake Elmo, MN, USA",73.0,,,,,,Lake Elmo,MN,USA,,R
Ohio State,Gordon,Ryan,29,C,F,C,,,"6'0""",185.0,2002,"Duluth, GA, USA",72.0,,,,,,Duluth,GA,USA,,R
Ohio State,Gunderson,Landen,17,F,F,F,,,"6'1""",190.0,2004,"Plymouth, MN, USA",73.0,,,,,,Plymouth,MN,USA,,R
Ohio State,Hong,James,19,F,F,F,,,"5'10""",176.0,2004,"Seoul, KOR",70.0,,,,,,Seoul,,KOR,,L
Ohio State,Karabela,Jake,49,C,F,C,,,"5'11""",187.0,2004,"Guelph, ON, CAN",71.0,,,,,,Guelph,ON,CAN,,L
Ohio State,Lewis,Nathan,63,LW,F,LW,,,"6'6""",209.0,2004,"Chicago, IL, USA",78.0,,,,,,Chicago,IL,USA,,R
Ohio State,Montes,Max,16,F,F,F,,,"5'9""",168.0,2003,"Waukesha, WI, USA",69.0,,,,,,Waukesha,WI,USA,,L
Ohio State,Rozzi,Jake,11,LW,F,LW,,,"6'0""",183.0,2004,"Kirkland, QC, CAN",72.0,,,,,,Kirkland,QC,CAN,,L
Ohio State,Thompson,Riley,9,F,F,F,,,"6'4""",216.0,2002,"Orleans, ON, CAN",76.0,,,,,,Orleans,ON,CAN,,L
Ohio State,Weis,Thomas,10,C,F,C,,,"5'10""",181.0,2002,"Madison, WI, USA",70.0,,,,,,Madison,WI,USA,,R
Omaha,Cowan,Dawson,73,G,G,G,,,"6'2""",187.0,2005,"Warren, MB, CAN",74.0,,,,,,Warren,MB,CAN,,L
Omaha,Craig,Will,1,G,G,G,,,"6'2""",229.0,2002,"Ennismore, ON, CAN",74.0,,,,,,Ennismore,ON,CAN,,R
Omaha,Latkoczy,Simon,30,G,G,G,,,"5'11""",176.0,2002,"Trencin, SVK",71.0,,,,,,Trencin,,SVK,C,R
Omaha,Broberg,Marcus,8,D,D,D,,,"6'0""",183.0,2003,"Örebro, SWE",72.0,,,,,,Örebro,,SWE,,L
Omaha,Gorgendiere,Aidan De La,22,D,D,D,,,"6'1""",183.0,2002,"Abbotsford, BC, CAN",73.0,,,,,,Abbotsford,BC,CAN,,L
Omaha,Gramer,Joe,5,D,D,D,,,"6'0""",196.0,2005,"Moorhead, MN, USA",72.0,,,,,,Moorhead,MN,USA,,L
Omaha,Guévin,Jacob,10,D,D,D,,,"5'11""",190.0,2003,"Drummondville, QC, CAN",71.0,,,,,,Drummondville,QC,CAN,,R
Omaha,Kosior,Landon,3,D,D,D,,,"6'0""",190.0,2002,"Regina, SK, CAN",72.0,,,,,,Regina,SK,CAN,,R
Omaha,Lajoie,Marc,24,D,D,D,,,"6'6""",223.0,2003,"St. Albert, AB, CAN",78.0,,,,,,St. Albert,AB,CAN,,L
Omaha,Ludtke,Griffin,7,D,D,D,,,"5'10""",170.0,2003,"Elko, MN, USA",70.0,,,,,,Elko,MN,USA,C,L
Omaha,McInnes,Hunter,,D,D,D,,,"6'1""",183.0,2005,"Nanaimo, BC, CAN",73.0,,,,,,Nanaimo,BC,CAN,,R
Omaha,Sova,Spencer,44,D,D,D,,,"6'1""",190.0,2004,"Windsor, ON, CAN",73.0,,,,,,Windsor,ON,CAN,,L
Omaha,Briere,Cameron,9,C,F,C,,,"5'10""",163.0,2005,"Oakville, ON, CAN",70.0,,,,,,Oakville,ON,CAN,,L
Omaha,Hilman,Myles,18,F,F,F,,,"5'9""",194.0,2003,"Blackfalds, AB, CAN",69.0,,,,,,Blackfalds,AB,CAN,,L
Omaha,Huo,Samuel,11,C,F,C,,,"6'5""",209.0,2001,"Richmond, BC, CAN",77.0,,,,,,Richmond,BC,CAN,,R
Omaha,Hyland,Brett,71,LW,F,LW,C,,"5'11""",194.0,2003,"Edmonton, AB, CAN",71.0,,,,,,Edmonton,AB,CAN,,L
Omaha,LaPinta,Chase,29,F,F,F,,,"5'9""",170.0,2004,"Frisco, TX, USA",69.0,,,,,,Frisco,TX,USA,,R
Omaha,Loranger,Jérémy,86,C,F,C,,,"5'9""",161.0,2007,"Trois-Rivières, QC, CAN",69.0,,,,,,Trois-Rivières,QC,CAN,,R
Omaha,Mitchell,Cam,25,LW,F,LW,,,"5'9""",181.0,2001,"Stony Plain, AB, CAN",69.0,,,,,,Stony Plain,AB,CAN,A,L
Omaha,Nguyen,Marcus,72,RW,F,RW,,,"5'10""",181.0,2004,"Calgary, AB, CAN",70.0,,,,,,Calgary,AB,CAN,,R
Omaha,Pellerin,Maxime,23,C,F,C,,,"6'0""",181.0,2003,"Victoriaville, QC, CAN",72.0,,,,,,Victoriaville,QC,CAN,,R
Omaha,Plante,Joel,27,F,F,F,,,"5'11""",161.0,2005,"Langley, BC, CAN",71.0,,,,,,Langley,BC,CAN,,R
Omaha,Rollwagen,Tyler,21,F,F,F,,,"5'11""",194.0,2001,"Bloomington, MN, USA",71.0,,,,,,Bloomington,MN,USA,A,L
Omaha,Slipec,Jacob,13,F,F,F,,,"5'11""",187.0,2001,"White Rock, BC, CAN",71.0,,,,,,White Rock,BC,CAN,,R
Omaha,Tschigerl,Sean,19,LW,F,LW,,,"6'0""",190.0,2003,"Whitecourt, AB, CAN",72.0,,,,,,Whitecourt,AB,CAN,,L
Omaha,Wong,Trevor,38,C,F,C,LW,,"5'9""",159.0,2003,"Vancouver, BC, CAN",69.0,,,,,,Vancouver,BC,CAN,,L
Omaha,Woodworth,Luke,12,C,F,C,,,"5'9""",163.0,2004,"Bridgewater, NS, CAN",69.0,,,,,,Bridgewater,NS,CAN,,R
Penn State,Fleming,Josh,34,G,G,G,,,"6'2""",172.0,2004,"Montréal, QC, CAN",74.0,,,,,,Montréal,QC,CAN,,L
Penn State,Reidler,Kevin,35,G,G,G,,,"6'6""",203.0,2004,"Gävle, SWE",78.0,,,,,,Gävle,,SWE,,L
Penn State,Seifarth,John,30,G,G,G,,,"6'3""",194.0,2003,"Pittsburgh, PA, USA",75.0,,,,,,Pittsburgh,PA,USA,,L
Penn State,Aman,Casey,3,D,D,D,,,"6'0""",185.0,2003,"Johnstown, PA, USA",72.0,,,,,,Johnstown,PA,USA,,R
Penn State,Christenson,Cade,27,D,D,D,,,"6'3""",183.0,2004,"Edmonton, AB, CAN",75.0,,,,,,Edmonton,AB,CAN,,L
Penn State,Collins,Nolan,77,D,D,D,,,"6'4""",216.0,2004,"Whitby, ON, CAN",76.0,,,,,,Whitby,ON,CAN,,R
Penn State,Crespo,Jarod,24,D,D,D,,,"6'0""",190.0,2002,"Easthampton Township, NJ, USA",72.0,,,,,,Easthampton Township,NJ,USA,,R
Penn State,Fascia,Nicholas,10,D,D,D,,,"6'1""",183.0,2005,"Blackwood, NJ, USA",73.0,,,,,,Blackwood,NJ,USA,,L
Penn State,Gadowsky,Mac,4,D,D,D,,,"6'3""",190.0,2002,"Fairbanks, AK, USA",75.0,,,,,,Fairbanks,AK,USA,,L
Penn State,Schade,Carter,2,D,D,D,,,"5'11""",185.0,2003,"Mars, PA, USA",71.0,,,,,,Mars,PA,USA,,L
Penn State,Smith,Jackson,7,D,D,D,,,"6'4""",198.0,2007,"Calgary, AB, CAN",76.0,,,,,,Calgary,AB,CAN,,L
Penn State,Cerrato,Charlie,15,C,F,C,,,"6'0""",194.0,2005,"Fallston, MD, USA",72.0,,,,,,Fallston,MD,USA,,L
Penn State,Degraves,Nicholas,17,F,F,F,,,"6'0""",172.0,2003,"Edmonton, AB, CAN",72.0,,,,,,Edmonton,AB,CAN,,R
Penn State,DiMarsico,Matthew,14,F,F,F,,,"6'0""",181.0,2004,"Wexford, PA, USA",72.0,,,,,,Wexford,PA,USA,,L
Penn State,Dowiak,Dane,19,C,F,C,LW,,"5'10""",181.0,2002,"Wexford, PA, USA",70.0,,,,,,Wexford,PA,USA,,L
Penn State,Fink,Aiden,18,RW,F,RW,,,"5'10""",161.0,2004,"Calgary, AB, CAN",70.0,,,,,,Calgary,AB,CAN,,R
Penn State,Ford,Braedon,21,F,F,F,,,"5'9""",168.0,2004,"Pittsburgh, PA, USA",69.0,,,,,,Pittsburgh,PA,USA,,L
Penn State,Katzin,Lev,33,C,F,C,,,"5'8""",176.0,2007,"Thornhill, ON, CAN",68.0,,,,,,Thornhill,ON,CAN,,L
Penn State,Laubach,Reese,29,C,F,C,,,"6'0""",170.0,2003,"San Jose, CA, USA",72.0,,,,,,San Jose,CA,USA,,R
Penn State,McKenna,Gavin,72,LW,F,LW,,,"6'0""",165.0,2007,"Whitehorse, YT, CAN",72.0,,,,,,Whitehorse,YT,CAN,,L
Penn State,Misa,Luke,11,C,F,C,LW,,"5'10""",176.0,2005,"Oakville, ON, CAN",70.0,,,,,,Oakville,ON,CAN,,L
Penn State,Peters,Keaton,9,F,F,F,,,"5'10""",187.0,2004,"Sussex, WI, USA",70.0,,,,,,Sussex,WI,USA,,R
Penn State,Schoen,Ben,12,C,F,C,,,"5'8""",165.0,2002,"Toldeo, OH, USA",68.0,,,,,,Toldeo,OH,USA,,R
Penn State,Servagno,Alexander,8,F,F,F,,,"5'9""",172.0,2002,"Gibsonia, PA, USA",69.0,,,,,,Gibsonia,PA,USA,,L
Penn State,Olm,Shea Van,93,F,F,F,,,"6'1""",198.0,2004,"Calgary, AB, CAN",73.0,,,,,,Calgary,AB,CAN,,L
Penn State,Wiebusch,J.J.,20,F,F,F,,,"6'0""",176.0,2004,"River Falls, WI, USA",72.0,,,,,,River Falls,WI,USA,,R
Princeton,Callaghan,Conor,30,G,G,G,,,"6'0""",181.0,2003,"Upper Saddle River, NJ, USA",72.0,,,,,,Upper Saddle River,NJ,USA,,L
Princeton,Moor,Daniel,35,G,G,G,,,"6'2""",190.0,2006,"Omaha, NE, USA",74.0,,,,,,Omaha,NE,USA,,L
Princeton,Morris,Brady,31,G,G,G,,,"5'10""",174.0,2006,,70.0,,,,,,,,,,L
Princeton,Smith,Arthur,1,G,G,G,,,"6'4""",209.0,2004,"Farmington, CT, USA",76.0,,,,,,Farmington,CT,USA,,L
Princeton,Devlin,Ian,6,D,D,D,,,"6'2""",209.0,2002,"Memphis, TN, USA",74.0,,,,,,Memphis,TN,USA,,L
Princeton,Greaves,Kai,23,D,D,D,,,"6'2""",205.0,2003,"Cambridge, ON, CAN",74.0,,,,,,Cambridge,ON,CAN,,R
Princeton,Ma,David,4,D,D,D,,,"5'11""",181.0,2002,"Manhattan, NY, USA",71.0,,,,,,Manhattan,NY,USA,,L
Princeton,Marciano,Nick,25,D,D,D,,,"6'2""",201.0,2002,"Greenwich, CT, USA",74.0,,,,,,Greenwich,CT,USA,,L
Princeton,Reilly,Patrick,3,D,D,D,,,"6'1""",201.0,2004,"Avon, NJ, USA",73.0,,,,,,Avon,NJ,USA,,R
Princeton,Reiniger,Chris,33,D,D,D,,,"5'8""",170.0,2006,"Annapolis, MD, USA",68.0,,,,,,Annapolis,MD,USA,,R
Princeton,Rubin,Tyler,8,D,D,D,,,"5'10""",174.0,2003,"Wayland, MA, USA",70.0,,,,,,Wayland,MA,USA,,L
Princeton,Slezak,Guerin,,D,D,D,,,"5'10""",187.0,2006,"Arlington, TX, USA",70.0,,,,,,Arlington,TX,USA,,L
Princeton,Wang,Brendan,28,D,D,D,,,"5'11""",185.0,2002,"Burnaby, BC, CAN",71.0,,,,,,Burnaby,BC,CAN,,L
Princeton,Anderson,Kevin,20,F,F,F,,,"6'0""",181.0,2003,"Regina, SK, CAN",72.0,,,,,,Regina,SK,CAN,,L
Princeton,Buydens,Carson,14,C,F,C,,,"6'3""",201.0,2004,"Gladstone, MB, CAN",75.0,,,,,,Gladstone,MB,CAN,,R
Princeton,Daniells,Kai,7,F,F,F,,,"6'0""",185.0,2003,"Whistler, BC, CAN",72.0,,,,,,Whistler,BC,CAN,,L
Princeton,Ezman,Jaxson,27,F,F,F,,,"6'1""",190.0,2002,"Middleton, WI, USA",73.0,,,,,,Middleton,WI,USA,,L
Princeton,Facchinelli,Julian,15,RW,F,RW,,,"6'0""",181.0,2004,"Woodbridge, ON, CAN",72.0,,,,,,Woodbridge,ON,CAN,,R
Princeton,Garzone,Drew,13,C,F,C,,,"6'1""",194.0,2004,"Dover, MA, USA",73.0,,,,,,Dover,MA,USA,,R
Princeton,Gorman,Brendan,16,C,F,C,,,"6'0""",174.0,2003,"Arlington, MA, USA",72.0,,,,,,Arlington,MA,USA,,R
Princeton,Green,Malcolm,,C,F,C,,,"6'6""",220.0,2005,"Bedford, NS, CAN",78.0,,,,,,Bedford,NS,CAN,,R
Princeton,Gunty,Miles,17,F,F,F,,,"5'11""",185.0,2004,"Bethesda, MD, USA",71.0,,,,,,Bethesda,MD,USA,,R
Princeton,Jacobs,David,24,RW,F,RW,,,"5'11""",201.0,2001,"Needham, MA, USA",71.0,,,,,,Needham,MA,USA,C,R
Princeton,Karnish,Josh,18,C,F,C,LW,,"6'0""",185.0,2003,"Marlton, NJ, USA",72.0,,,,,,Marlton,NJ,USA,,R
Princeton,Latta,Seamus,19,F,F,F,,,"6'0""",201.0,2005,"Bozeman, MT, USA",72.0,,,,,,Bozeman,MT,USA,,L
Princeton,Manfre,Jake,12,F,F,F,,,"6'0""",205.0,2004,"Smithtown, NY, USA",72.0,,,,,,Smithtown,NY,USA,,L
Princeton,Pelletier,Luc,26,LW,F,LW,,,"6'4""",205.0,2003,"Courtenay, BC, CAN",76.0,,,,,,Courtenay,BC,CAN,,L
Princeton,Sison,Jayden,11,F,F,F,D,,"5'10""",190.0,2003,"Paoli, PA, USA",70.0,,,,,,Paoli,PA,USA,,R
Princeton,Souliere,Matthew,22,LW,F,LW,,,"6'3""",190.0,2006,"London, ON, CAN",75.0,,,,,,London,ON,CAN,,L
Princeton,Ulvebne,Hans Martin,9,F,F,F,,,"6'0""",194.0,2004,"Oslo, NOR",72.0,,,,,,Oslo,,NOR,,L
Princeton,Young,Michael,21,F,F,F,,,"5'11""",190.0,2002,"Kings Park, NY, USA",71.0,,,,,,Kings Park,NY,USA,,L
Providence,Matthews,Aaron,33,G,G,G,,,"5'11""",170.0,2004,"Newton, MA, USA",71.0,,,,,,Newton,MA,USA,,L
Providence,Parsons,John,30,G,G,G,,,"6'4""",194.0,2006,"Ithaca, NY, USA",76.0,,,,,,Ithaca,NY,USA,,L
Providence,Svedebäck,Philip,35,G,G,G,,,"6'4""",209.0,2002,"Stockholm, SWE",76.0,,,,,,Stockholm,,SWE,,L
Providence,Bales,Alexander,6,D,D,D,,,"5'10""",181.0,2006,"East Amherst, NY, USA",70.0,,,,,,East Amherst,NY,USA,,L
Providence,Centrella,Andrew,23,D,D,D,,,"5'9""",176.0,2004,"Philadelphia, PA, USA",69.0,,,,,,Philadelphia,PA,USA,,L
Providence,Machu,Tomas,2,D,D,D,,,"6'4""",194.0,2003,"Ostrava, CZE",76.0,,,,,,Ostrava,,CZE,,R
Providence,Mantei,Quinn,24,D,D,D,,,"6'0""",187.0,2005,"Weyburn, SK, CAN",72.0,,,,,,Weyburn,SK,CAN,,L
Providence,Masa,Martin,28,D,D,D,,,"6'2""",194.0,2005,"Brno, CZE",74.0,,,,,,Brno,,CZE,,L
Providence,McCallum,Kale,20,D,D,D,,,"5'11""",183.0,2002,"Fredericton, NB, CAN",71.0,,,,,,Fredericton,NB,CAN,,L
Providence,McCoy,Donovan,10,D,D,D,,,"6'1""",205.0,2004,"Belleville, ON, CAN",73.0,,,,,,Belleville,ON,CAN,,R
Providence,Rybakov,Alexander,27,D,D,D,,,"6'2""",190.0,2005,"Chelyabinsk, RUS",74.0,,,,,,Chelyabinsk,,RUS,,L
Providence,Adams,Tanner,19,RW,F,RW,C,,"5'11""",194.0,2005,"Northport, NY, USA",71.0,,,,,,Northport,NY,USA,,R
Providence,Elger,Will,15,F,F,F,,,"6'2""",174.0,2004,"Westerville, OH, USA",74.0,,,,,,Westerville,OH,USA,,R
Providence,Fauchon,Jonathan,16,C,F,C,,,"5'11""",176.0,2004,"Ste-Claire-de-Bellechasse, QC, CAN",71.0,,,,,,Ste-Claire-de-Bellechasse,QC,CAN,,L
Providence,Gamache,Graham,11,F,F,F,,,"5'11""",183.0,2002,"Edmonton, AB, CAN",71.0,,,,,,Edmonton,AB,CAN,,R
Providence,Jelsma,Beau,17,LW,F,LW,C,,"5'10""",181.0,2004,"London, ON, CAN",70.0,,,,,,London,ON,CAN,,L
Providence,Kivioja,Aleksi,14,C,F,C,,,"6'5""",220.0,2003,"Helsinki, FIN",77.0,,,,,,Helsinki,,FIN,,R
Providence,Levens,Clint,22,C,F,C,,,"6'3""",185.0,2003,"Windermere, FL, USA",75.0,,,,,,Windermere,FL,USA,,R
Providence,Malinoski,Hudson,9,C,F,C,,,"6'1""",174.0,2004,"Saskatoon, SK, CAN",73.0,,,,,,Saskatoon,SK,CAN,,L
Providence,McEnery,Geno,13,RW,F,RW,,,"6'0""",190.0,2003,"Geneva, IL, USA",72.0,,,,,,Geneva,IL,USA,,L
Providence,McQueen,Roger,29,C,F,C,RW,,"6'6""",198.0,2006,"Saskatoon, SK, CAN",78.0,,,,,,Saskatoon,SK,CAN,,R
Providence,Mustard,John,21,LW,F,LW,,,"6'1""",185.0,2006,"Newmarket, ON, CAN",73.0,,,,,,Newmarket,ON,CAN,,L
Providence,Ross,Brendan,18,F,F,F,,,"6'3""",194.0,2003,"Calgary, AB, CAN",75.0,,,,,,Calgary,AB,CAN,,R
Providence,Sawyer,Logan,34,LW,F,LW,,,"6'1""",174.0,2006,"Orangeville, ON, CAN",73.0,,,,,,Orangeville,ON,CAN,,L
Providence,Sumpf,Julius,26,C,F,C,,,"6'2""",198.0,2005,"München, GER",74.0,,,,,,München,,GER,,L
Quinnipiac,Marinov,Matej,33,G,G,G,,,"6'0""",157.0,2003,"Nitra, SVK",72.0,,,,,,Nitra,,SVK,,L
Quinnipiac,Scopa,Sam,31,G,G,G,,,"6'0""",181.0,2005,"Lexington, MA, USA",72.0,,,,,,Lexington,MA,USA,,L
Quinnipiac,Silverstein,Dylan,29,G,G,G,,,"6'0""",179.0,2004,"Calabasas, CA, USA",72.0,,,,,,Calabasas,CA,USA,,L
Quinnipiac,Blace,Braden,22,D,D,D,,,"6'3""",190.0,2003,"Duncan, BC, CAN",75.0,,,,,,Duncan,BC,CAN,,R
Quinnipiac,Gilson,Will,3,D,D,D,,,"6'0""",170.0,2001,"Old Greenwich, CT, USA",72.0,,,,,,Old Greenwich,CT,USA,,R
Quinnipiac,Groenewold,Elliott,7,D,D,D,,,"6'2""",201.0,2006,"Bellows Falls, VT, USA",74.0,,,,,,Bellows Falls,VT,USA,,L
Quinnipiac,Hockley,Drew,2,D,D,D,,,"6'3""",190.0,2005,"Kentville, NS, CAN",75.0,,,,,,Kentville,NS,CAN,,R
Quinnipiac,Leddy,Charlie,6,D,D,D,,,"6'2""",185.0,2004,"Fairfield, CT, USA",74.0,,,,,,Fairfield,CT,USA,A,R
Quinnipiac,McCutcheon,Logan,4,D,D,D,,,"5'9""",161.0,2004,"Saskatoon, SK, CAN",69.0,,,,,,Saskatoon,SK,CAN,,R
Quinnipiac,Schultz,Brady,5,D,D,D,,,"5'11""",194.0,2004,"Monroe, CT, USA",71.0,,,,,,Monroe,CT,USA,,L
Quinnipiac,Tivey,Nate,25,D,D,D,,,"6'5""",205.0,2004,"Burlington, ON, CAN",77.0,,,,,,Burlington,ON,CAN,,L
Quinnipiac,Borgula,Tyler,10,RW,F,RW,,,"5'9""",170.0,2005,"Livonia, MI, USA",69.0,,,,,,Livonia,MI,USA,,R
Quinnipiac,Cerbone,Andon,27,F,F,F,,,"5'9""",163.0,2004,"Stamford, CT, USA",69.0,,,,,,Stamford,CT,USA,,L
Quinnipiac,Cipollone,Anthony,18,F,F,F,,,"5'6""",165.0,2002,"Purchase, NY, USA",66.0,,,,,,Purchase,NY,USA,,L
Quinnipiac,Czerneckianair,Victor,14,C,F,C,,,"5'11""",174.0,2002,"Southington, CT, USA",71.0,,,,,,Southington,CT,USA,C,L
Quinnipiac,Lansing,Matthew,26,C,F,C,,,"6'1""",185.0,2007,"Tonawanda, NY, USA",73.0,,,,,,Tonawanda,NY,USA,,L
Quinnipiac,Marcellus,Mason,20,C,F,C,,,"5'9""",165.0,2002,"Greely, ON, CAN",69.0,,,,,,Greely,ON,CAN,A,L
Quinnipiac,McGroarty,Matthew,8,F,F,F,,,"5'10""",172.0,2003,"Westport, CT, USA",70.0,,,,,,Westport,CT,USA,,R
Quinnipiac,Pelosi,Christopher,28,C,F,C,LW,,"6'1""",181.0,2005,"Sewell, NJ, USA",73.0,,,,,,Sewell,NJ,USA,,L
Quinnipiac,Power,Alex,24,C,F,C,,,"6'1""",185.0,2002,"St. John's, NL, CAN",73.0,,,,,,St. John's,NL,CAN,,L
Quinnipiac,Riche,Ben,17,C,F,C,,,"5'11""",181.0,2005,"Bethune, SK, CAN",71.0,,,,,,Bethune,SK,CAN,,L
Quinnipiac,Schwartz,Aaron,11,F,F,F,,,"5'11""",174.0,2004,"Parkland, FL, USA",71.0,,,,,,Parkland,FL,USA,,R
Quinnipiac,Verreault,Antonin,23,LW,F,LW,,,"5'8""",170.0,2004,"Mirabel, QC, CAN",68.0,,,,,,Mirabel,QC,CAN,,L
Quinnipiac,Vidicek,Markus,12,C,F,C,,,"5'10""",172.0,2004,"Montréal, QC, CAN",70.0,,,,,,Montréal,QC,CAN,,L
Quinnipiac,Wilmer,Jeremy,16,LW,F,LW,,,"5'8""",154.0,2003,"Rockville Centre, NY, USA",68.0,,,,,,Rockville Centre,NY,USA,A,L
Quinnipiac,Wyttenbach,Ethan,19,LW,F,LW,RW,,"5'10""",181.0,2007,"Roslyn, NY, USA",70.0,,,,,,Roslyn,NY,USA,,R
Rensselaer,Bruveris,Bruno,33,G,G,G,,,"6'1""",170.0,2002,"Riga, LAT",73.0,,,,,,Riga,,LAT,,L
Rensselaer,Dorfman,Carson,32,G,G,G,,,"6'0""",179.0,2003,"Hermitage, TN, USA",72.0,,,,,,Hermitage,TN,USA,,L
Rensselaer,Krawchuk,Nathan,30,G,G,G,,,"6'3""",190.0,2005,"Thunder Bay, ON, CAN",75.0,,,,,,Thunder Bay,ON,CAN,,L
Rensselaer,Goffredo,James,2,D,D,D,,,"5'11""",185.0,2003,"Mount Laurel, NJ, USA",71.0,,,,,,Mount Laurel,NJ,USA,,R
Rensselaer,Hanscom,Matt,,D,D,D,,,"6'1""",185.0,2005,"Hadley, MA, USA",73.0,,,,,,Hadley,MA,USA,,L
Rensselaer,Hilditch,Landen,22,D,D,D,,,"6'4""",201.0,2005,"Surrey, BC, CAN",76.0,,,,,,Surrey,BC,CAN,,R
Rensselaer,Jovanovic,Matthew,4,D,D,D,,,"6'2""",201.0,2004,"Toronto, ON, CAN",74.0,,,,,,Toronto,ON,CAN,,L
Rensselaer,Klassek,Thomas,6,D,D,D,,,"6'0""",183.0,2005,"Klagenfurt, AUT",72.0,,,,,,Klagenfurt,,AUT,,L
Rensselaer,Lemieux,Lucas,16,D,D,D,,,"6'4""",201.0,2005,"Edmonton, AB, CAN",76.0,,,,,,Edmonton,AB,CAN,,L
Rensselaer,Matta,Lucas,61,D,D,D,,,"6'2""",201.0,2002,"Kleinburg, ON, CAN",74.0,,,,,,Kleinburg,ON,CAN,,L
Rensselaer,Ozolins,Gustavs,10,D,D,D,,,"5'10""",181.0,2003,"Riga, LAT",70.0,,,,,,Riga,,LAT,,L
Rensselaer,Russell,Trevor,14,D,D,D,,,"6'2""",205.0,2000,"Old Hickory, TN, USA",74.0,,,,,,Old Hickory,TN,USA,,R
Rensselaer,Sobieski,Kazimier,5,D,D,D,,,"6'1""",181.0,2004,"Deerfield, MA, USA",73.0,,,,,,Deerfield,MA,USA,,R
Rensselaer,VanDamme,Gunnar,8,D,D,D,,,"6'0""",190.0,2002,"Pittsford, NY, USA",72.0,,,,,,Pittsford,NY,USA,,L
Rensselaer,Bono,Ethan,9,F,F,F,,,"6'3""",201.0,2004,"Port McNeill, BC, CAN",75.0,,,,,,Port McNeill,BC,CAN,,L
Rensselaer,Bourgault,Mathieu,82,LW,F,LW,,,"6'2""",176.0,2003,"St-Bruno-de-Montarville, QC, CAN",74.0,,,,,,St-Bruno-de-Montarville,QC,CAN,,L
Rensselaer,Buckley,Matthew,21,C,F,C,RW,,"5'11""",183.0,2005,"Oakville, ON, CAN",71.0,,,,,,Oakville,ON,CAN,,R
Rensselaer,Gordon,Cole,27,F,F,F,,,"6'2""",198.0,2002,"Windsor, CO, USA",74.0,,,,,,Windsor,CO,USA,,L
Rensselaer,Gorton,Jack,24,RW,F,RW,,,"6'3""",201.0,2002,"Granite Springs, NY, USA",75.0,,,,,,Granite Springs,NY,USA,,R
Rensselaer,Kyrkostas,Jackson,19,C,F,C,,,"6'0""",170.0,2004,"Windham, NH, USA",72.0,,,,,,Windham,NH,USA,,R
Rensselaer,Lindberg,Alfred,86,C,F,C,,,"5'11""",187.0,2002,"Hallsberg, SWE",71.0,,,,,,Hallsberg,,SWE,,L
Rensselaer,McNeil,Brad,43,F,F,F,,,"6'1""",181.0,2002,"Royal Oak, MI, USA",73.0,,,,,,Royal Oak,MI,USA,,L
Rensselaer,Rullers,Rainers,11,C,F,C,,,"6'4""",194.0,2004,"Riga, LAT",76.0,,,,,,Riga,,LAT,,L
Rensselaer,Scherzer,Ian,91,C,F,C,,,"6'0""",192.0,2005,"Villach, AUT",72.0,,,,,,Villach,,AUT,,L
Rensselaer,Sitar,Filip,49,C,F,C,,,"6'0""",187.0,2005,"Ljubljana, SLO",72.0,,,,,,Ljubljana,,SLO,,R
Rensselaer,Tapper,Jagger,72,F,F,F,,,"6'0""",185.0,2004,"Calgary, AB, CAN",72.0,,,,,,Calgary,AB,CAN,,R
Rensselaer,Tinling,Dovar,25,C,F,C,,,"5'11""",185.0,2003,"Pointe-Claire, QC, CAN",71.0,,,,,,Pointe-Claire,QC,CAN,,L
Rensselaer,Wallace,Tyler,18,C,F,C,,,"6'2""",187.0,2002,"Calgary, AB, CAN",74.0,,,,,,Calgary,AB,CAN,,L
Rensselaer,Wilson,Luc,93,F,F,F,,,"6'0""",181.0,2001,"Duncan, BC, CAN",72.0,,,,,,Duncan,BC,CAN,,L
Rensselaer,Ziliotto,Jack,,RW,F,RW,,,"6'1""",174.0,2005,"Waterdown, ON, CAN",73.0,,,,,,Waterdown,ON,CAN,,R
RIT,MacKenzie,Collin,,G,G,G,,,"6'0""",174.0,2004,"Elora, ON, CAN",72.0,,,,,,Elora,ON,CAN,,L
RIT,Reinhart,Brock,,D,D,D,,,"6'3""",194.0,2004,"Elora, ON, CAN",75.0,,,,,,Elora,ON,CAN,,R
RIT,Bajzer,Camden,,F,F,F,,,"5'10""",181.0,2004,"Cleveland, OH, USA",70.0,,,,,,Cleveland,OH,USA,,R
RIT,Brimmer,Austin,,RW,F,RW,,,"6'4""",223.0,2001,"Markham, ON, CAN",76.0,,,,,,Markham,ON,CAN,,R
RIT,Elfering,Caleb,,RW,F,RW,,,"5'9""",165.0,2004,"Richland, WA, USA",69.0,,,,,,Richland,WA,USA,,R
RIT,Hebblethwaite,Alexander,,F,F,F,,,"6'1""",165.0,2005,"Mississauga, ON, CAN",73.0,,,,,,Mississauga,ON,CAN,,L
RIT,Konyen,Evan,,RW,F,RW,,,"6'0""",181.0,2004,"Newmarket, ON, CAN",72.0,,,,,,Newmarket,ON,CAN,,R
RIT,Mikrogiannakis,Andreas,,F,F,F,,,"5'8""",152.0,2007,"Aurora, ON, CAN",68.0,,,,,,Aurora,ON,CAN,,R
RIT,Moore,Will,,C,F,C,,,"5'11""",185.0,2004,"Westfield, IN, USA",71.0,,,,,,Westfield,IN,USA,,L
RIT,Wigle,Zach,,C,F,C,LW,,"6'0""",192.0,2004,"Oakville, ON, CAN",72.0,,,,,,Oakville,ON,CAN,,L
Robert Morris,Kochendorfer,Croix,1,G,G,G,,,"6'4""",209.0,2003,"St. Paul, MN, USA",76.0,,,,,,St. Paul,MN,USA,,L
Robert Morris,Massie,Lucas,30,G,G,G,,,"6'1""",190.0,2003,"Claremont, CA, USA",73.0,,,,,,Claremont,CA,USA,,L
Robert Morris,Schenkel,Charlie,31,G,G,G,,,"6'5""",205.0,2004,"Toronto, ON, CAN",77.0,,,,,,Toronto,ON,CAN,,R
Robert Morris,Ashmead,J.R.,10,D,D,D,,,"6'2""",192.0,2003,"Calgary, AB, CAN",74.0,,,,,,Calgary,AB,CAN,,L
Robert Morris,Babcock,John,7,D,D,D,,,"6'2""",205.0,2004,"North Vancouver, BC, CAN",74.0,,,,,,North Vancouver,BC,CAN,,L
Robert Morris,Craig,Michael,2,D,D,D,,,"5'10""",179.0,2002,"St. Catharines, ON, CAN",70.0,,,,,,St. Catharines,ON,CAN,C,R
Robert Morris,Elliott,Dominic,3,D,D,D,,,"5'10""",176.0,2004,"Allendale, MI, USA",70.0,,,,,,Allendale,MI,USA,,R
Robert Morris,Japchen,Greg,4,D,D,D,,,"6'4""",203.0,2001,"Doylestown, PA, USA",76.0,,,,,,Doylestown,PA,USA,,L
Robert Morris,Larsson,Rasmus,6,D,D,D,,,"6'3""",203.0,2004,"Hässelby, SWE",75.0,,,,,,Hässelby,,SWE,,L
Robert Morris,Lunn,Gabriel,8,D,D,D,,,"6'0""",190.0,2003,"Lockport, NY, USA",72.0,,,,,,Lockport,NY,USA,,L
Robert Morris,Why,Luke van,5,D,D,D,,,"5'10""",172.0,2003,"Hatfield, PA, USA",70.0,,,,,,Hatfield,PA,USA,,R
Robert Morris,Wattvil,Max,9,D,D,D,,,"6'2""",192.0,2002,"Stockholm, SWE",74.0,,,,,,Stockholm,,SWE,,R
Robert Morris,Beaumont,Julian,14,LW,F,LW,,,"5'8""",161.0,2004,"Allen, TX, USA",68.0,,,,,,Allen,TX,USA,,L
Robert Morris,Beljo,Dario,11,C,F,C,,,"6'3""",190.0,2002,"Sudbury, ON, CAN",75.0,,,,,,Sudbury,ON,CAN,,L
Robert Morris,Chiang,Lee,33,F,F,F,,,"5'9""",172.0,2002,"Toronto, ON, CAN",69.0,,,,,,Toronto,ON,CAN,,L
Robert Morris,Felsing,Michael,29,F,F,F,,,"5'11""",181.0,2003,"Pittsburgh, PA, USA",71.0,,,,,,Pittsburgh,PA,USA,,R
Robert Morris,Garvey,Cameron,21,C,F,C,,,"6'0""",181.0,2002,"Oakville, ON, CAN",72.0,,,,,,Oakville,ON,CAN,C,L
Robert Morris,Hayes,McKay,20,C,F,C,,,"6'3""",212.0,2002,"Ancaster, ON, CAN",75.0,,,,,,Ancaster,ON,CAN,,L
Robert Morris,Johnson,Patrick,17,F,F,F,,,"5'8""",187.0,2003,"Chesterfield, MO, USA",68.0,,,,,,Chesterfield,MO,USA,,L
Robert Morris,Klimpke,Tanner,19,F,F,F,,,"6'2""",183.0,2002,"Calgary, AB, CAN",74.0,,,,,,Calgary,AB,CAN,,L
Robert Morris,Krotiris,George,16,,,,,,"5'11""",176.0,2002,"Markham, ON, CAN",71.0,,,,,,Markham,ON,CAN,,L
Robert Morris,McDonald,Bruce,18,C,F,C,LW,,"6'0""",176.0,2004,"Ottawa, ON, CAN",72.0,,,,,,Ottawa,ON,CAN,,L
Robert Morris,Nicholson,Zeke,23,C,F,C,LW,,"6'0""",181.0,2004,"Vancouver, BC, CAN",72.0,,,,,,Vancouver,BC,CAN,,L
Robert Morris,Primerano,Luca,44,F,F,F,,,"6'2""",190.0,2005,"North Vancouver, BC, CAN",74.0,,,,,,North Vancouver,BC,CAN,,L
Robert Morris,Reineke,Jackson,12,RW,F,RW,LW,,"5'10""",174.0,2002,"Faribault, MN, USA",70.0,,,,,,Faribault,MN,USA,,R
Robert Morris,Taylor,Ryan,,F,F,F,,,"6'3""",207.0,2001,"St. Louis, MO, USA",75.0,,,,,,St. Louis,MO,USA,,R
Sacred Heart,Gundarah,Ajeetpal,1,G,G,G,,,"6'0""",185.0,2003,"Richmond, BC, CAN",72.0,,,,,,Richmond,BC,CAN,,L
Sacred Heart,Kendrick,Teagan,33,G,G,G,,,"6'4""",201.0,2004,"St. Albert, AB, CAN",76.0,,,,,,St. Albert,AB,CAN,,L
Sacred Heart,Smith,Connor,72,G,G,G,,,"5'8""",150.0,2003,"West Haven, CT, USA",68.0,,,,,,West Haven,CT,USA,,L
Sacred Heart,Spicer,Jack,30,G,G,G,,,"6'1""",185.0,2004,"Rockville, MD, USA",73.0,,,,,,Rockville,MD,USA,,L
Sacred Heart,Adamson,Mikey,6,D,D,D,,,"5'9""",174.0,2001,"Quincy, MA, USA",69.0,,,,,,Quincy,MA,USA,,L
Sacred Heart,Amell,Luke,5,D,D,D,F,,"6'4""",205.0,2003,"Mars, PA, USA",76.0,,,,,,Mars,PA,USA,,R
Sacred Heart,Brandes,David,20,D,D,D,,,"5'10""",179.0,2004,"Toronto, ON, CAN",70.0,,,,,,Toronto,ON,CAN,,L
Sacred Heart,Driscoll,John,4,D,D,D,,,"6'4""",218.0,2001,"Eagle, ID, USA",76.0,,,,,,Eagle,ID,USA,,R
Sacred Heart,Ellis,Noah,21,D,D,D,,,"6'3""",201.0,2002,"Urbandale, IA, USA",75.0,,,,,,Urbandale,IA,USA,,R
Sacred Heart,Lesakowski,Liam,10,D,D,D,,,"6'5""",225.0,2003,"Buffalo, NY, USA",77.0,,,,,,Buffalo,NY,USA,,L
Sacred Heart,Ramsay,Chase,8,D,D,D,,,"6'0""",181.0,2003,"Granite Springs, NY, USA",72.0,,,,,,Granite Springs,NY,USA,,R
Sacred Heart,Rubin,Michael,24,D,D,D,,,"6'1""",194.0,2003,"Blauvelt, NY, USA",73.0,,,,,,Blauvelt,NY,USA,,R
Sacred Heart,Vliet,Noah Van,22,D,D,D,,,"6'2""",225.0,2004,"Toronto, ON, CAN",74.0,,,,,,Toronto,ON,CAN,,L
Sacred Heart,VanRooyan,Aiden,2,D,D,D,,,"6'2""",201.0,2003,"Dakota Dunes, SD, USA",74.0,,,,,,Dakota Dunes,SD,USA,,L
Sacred Heart,Barnes,Joshua,9,C,F,C,,,"5'10""",185.0,2002,"Cornwall, ON, CAN",70.0,,,,,,Cornwall,ON,CAN,,L
Sacred Heart,Bongo,Jake,19,F,F,F,,,"5'10""",170.0,2003,"Ridgefield, CT, USA",70.0,,,,,,Ridgefield,CT,USA,,R
Sacred Heart,Borggaard,Austin,,C,F,C,,,"6'0""",187.0,2005,"Worcester, MA, USA",72.0,,,,,,Worcester,MA,USA,,L
Sacred Heart,Bryant,Gavin,13,C,F,C,,,"5'11""",187.0,2004,"Ingersoll, ON, CAN",71.0,,,,,,Ingersoll,ON,CAN,,L
Sacred Heart,DesRuisseaux,Jack,,F,F,F,,,"5'10""",170.0,2004,"Manchester, NH, USA",70.0,,,,,,Manchester,NH,USA,,R
Sacred Heart,Fust,Ray,23,LW,F,LW,RW,,"6'4""",209.0,2002,"Bellinzona, SUI",76.0,,,,,,Bellinzona,,SUI,,L
Sacred Heart,Galata,Cole,27,F,F,F,,,"6'0""",185.0,2002,"Barrie, ON, CAN",72.0,,,,,,Barrie,ON,CAN,,R
Sacred Heart,Hewitt,Jacob,11,F,F,F,,,"5'11""",190.0,2002,"Ashburnham, MA, USA",71.0,,,,,,Ashburnham,MA,USA,,R
Sacred Heart,Hillier,Jack,14,F,F,F,,,"6'2""",181.0,2004,"Petawawa, ON, CAN",74.0,,,,,,Petawawa,ON,CAN,,R
Sacred Heart,Huard,Stéphane,71,C,F,C,,,"5'8""",179.0,2002,"Blainville, QC, CAN",68.0,,,,,,Blainville,QC,CAN,,L
Sacred Heart,Joughin,Marcus,28,F,F,F,,,"5'11""",181.0,2001,"Tecumseh, ON, CAN",71.0,,,,,,Tecumseh,ON,CAN,,L
Sacred Heart,Levyy,Vitaly,17,F,F,F,,,"5'11""",174.0,2003,"Old Brookville, NY, USA",71.0,,,,,,Old Brookville,NY,USA,,R
Sacred Heart,Melee,Jonathan,,C,F,C,,,"6'0""",183.0,2004,"Fredericton, NB, CAN",72.0,,,,,,Fredericton,NB,CAN,,L
Sacred Heart,Minnehan,Paul,3,F,F,F,,,"6'2""",181.0,2003,"Cypress, CA, USA",74.0,,,,,,Cypress,CA,USA,,L
Sacred Heart,Pabich,Reid,91,C,F,C,,,"5'11""",181.0,2001,"Verona, WI, USA",71.0,,,,,,Verona,WI,USA,,R
Sacred Heart,Stefan,Wyatt,,F,F,F,,,"6'1""",181.0,2005,"Laguna Beach, CA, USA",73.0,,,,,,Laguna Beach,CA,USA,,L
Sacred Heart,Tardif,Charles-Edward,86,C,F,C,,,"6'0""",201.0,2003,"Québec, QC, CAN",72.0,,,,,,Québec,QC,CAN,,L
Sacred Heart,Tremblay,Jérémi,25,F,F,F,,,"6'1""",205.0,2003,"Québec, QC, CAN",73.0,,,,,,Québec,QC,CAN,,R
Sacred Heart,Trudeau,Félix,77,LW,F,LW,,,"6'2""",190.0,2002,"Terrebonne, QC, CAN",74.0,,,,,,Terrebonne,QC,CAN,,L
Sacred Heart,Wolthers,Ethan,98,F,F,F,,,"5'9""",181.0,2001,"Valencia, CA, USA",69.0,,,,,,Valencia,CA,USA,,R
St Cloud State,Berzins,Patriks,39,G,G,G,,,"6'1""",174.0,2003,"Sabile, LAT",73.0,,,,,,Sabile,,LAT,,L
St Cloud State,Gray,James,33,G,G,G,,,"6'3""",201.0,2002,"Toronto, ON, CAN",75.0,,,,,,Toronto,ON,CAN,,L
St Cloud State,Shostak,Yan,1,G,G,G,,,"6'0""",185.0,2004,"Minsk, BLR",72.0,,,,,,Minsk,,BLR,,L
St Cloud State,Belisle,Joe,3,D,D,D,,,"6'0""",176.0,2005,"Hugo, MN, USA",72.0,,,,,,Hugo,MN,USA,,L
St Cloud State,Byfuglien,Thor,25,D,D,D,,,"5'11""",174.0,2003,"Roseau, MN, USA",71.0,,,,,,Roseau,MN,USA,,L
St Cloud State,Henricks,Tanner,5,D,D,D,,,"6'4""",205.0,2006,"Mission Viejo, CA, USA",76.0,,,,,,Mission Viejo,CA,USA,,R
St Cloud State,Loftus,Finn,4,D,D,D,,,"6'1""",185.0,2004,"Blaine, MN, USA",73.0,,,,,,Blaine,MN,USA,,L
St Cloud State,Reiners,Mason,6,D,D,D,,,"6'2""",201.0,2001,"Edina, MN, USA",74.0,,,,,,Edina,MN,USA,A,R
St Cloud State,Smolinski,Max,21,D,D,D,,,"6'0""",185.0,2003,"Bloomfield Hills, MI, USA",72.0,,,,,,Bloomfield Hills,MI,USA,,R
St Cloud State,Tiessen,Kaleb,27,D,D,D,,,"6'5""",209.0,2002,"Leamington, ON, CAN",77.0,,,,,,Leamington,ON,CAN,,L
St Cloud State,Wylie,Cooper,26,D,D,D,,,"6'1""",201.0,2001,"Stillwater, MN, USA",73.0,,,,,,Stillwater,MN,USA,C,L
St Cloud State,Zinger,Josh,14,D,D,D,,,"6'0""",185.0,2001,"Red Deer, AB, CAN",72.0,,,,,,Red Deer,AB,CAN,,R
St Cloud State,Ahcan,Grant,11,LW,F,LW,RW,,"5'11""",170.0,2002,"Savage, MN, USA",71.0,,,,,,Savage,MN,USA,C,L
St Cloud State,Aucoin,Ethan,17,F,F,F,,,"6'2""",190.0,2002,"Calgary, AB, CAN",74.0,,,,,,Calgary,AB,CAN,,L
St Cloud State,Burnevik,Austin,23,RW,F,RW,LW,,"6'4""",201.0,2005,"Ham Lake, MN, USA",76.0,,,,,,Ham Lake,MN,USA,,L
St Cloud State,Gardner,Daimon,81,C,F,C,,,"6'4""",205.0,2004,"Eagle Lake, ON, CAN",76.0,,,,,,Eagle Lake,ON,CAN,,L
St Cloud State,Gross,Tyson,13,RW,F,RW,,,"6'3""",194.0,2002,"Calgary, AB, CAN",75.0,,,,,,Calgary,AB,CAN,C,R
St Cloud State,Hall,Barrett,15,C,F,C,,,"6'0""",185.0,2003,"Apple Valley, MN, USA",72.0,,,,,,Apple Valley,MN,USA,A,L
St Cloud State,Ingram,Adam,34,C,F,C,,,"6'3""",174.0,2003,"Winnipeg, MB, CAN",75.0,,,,,,Winnipeg,MB,CAN,,L
St Cloud State,Miettinen,Verner,19,C,F,C,,,"6'0""",174.0,2003,"Espoo, FIN",72.0,,,,,,Espoo,,FIN,,L
St Cloud State,Reimann,Jack,7,F,F,F,,,"6'0""",201.0,2002,"Ham Lake, MN, USA",72.0,,,,,,Ham Lake,MN,USA,,R
St Cloud State,Roed,Nolan,22,C,F,C,LW,,"5'11""",185.0,2005,"White Bear Lake, MN, USA",71.0,,,,,,White Bear Lake,MN,USA,,L
St Cloud State,Rogers,Jack,20,F,F,F,,,"6'3""",201.0,2002,"East Northport, NY, USA",75.0,,,,,,East Northport,NY,USA,,R
St Cloud State,Rosborough,Ryan,12,F,F,F,,,"6'3""",194.0,2000,"Mount Brydges, ON, CAN",75.0,,,,,,Mount Brydges,ON,CAN,,L
St Cloud State,Thoreson,Gavyn,28,F,F,F,,,"5'9""",185.0,2004,"Andover, MN, USA",69.0,,,,,,Andover,MN,USA,,L
St Cloud State,Urness,Noah,10,F,F,F,,,"5'10""",181.0,2005,"Roseau, MN, USA",70.0,,,,,,Roseau,MN,USA,,L
St Cloud State,Wallace,Dana,8,F,F,F,,,"6'3""",216.0,2003,"Boulder, CO, USA",75.0,,,,,,Boulder,CO,USA,,R
St Cloud State,Welch,Aiden,18,F,F,F,,,"6'2""",209.0,2004,"White Bear Lake, MN, USA",74.0,,,,,,White Bear Lake,MN,USA,,R
St Lawrence,Kucenski,Mason,32,G,G,G,,,"6'3""",174.0,2002,"Gill, MA, USA",75.0,,,,,,Gill,MA,USA,,L
St Lawrence,Smith,Cameron,1,G,G,G,,,"6'3""",179.0,2002,"Westchester, NY, USA",75.0,,,,,,Westchester,NY,USA,,L
St Lawrence,Wieneke,Jack,33,G,G,G,,,"6'1""",185.0,2003,"Plymouth, MN, USA",73.0,,,,,,Plymouth,MN,USA,,L
St Lawrence,Winn,Colin,31,G,G,G,,,"6'1""",194.0,2004,"Westford, MA, USA",73.0,,,,,,Westford,MA,USA,,L
St Lawrence,Babbage,Jack,25,D,D,D,,,"6'1""",192.0,2000,"Tully, NY, USA",73.0,,,,,,Tully,NY,USA,,L
St Lawrence,Bandu,Isack,21,D,D,D,,,"6'2""",201.0,2001,"Notre-Dame-de-l'Île-Perrot, QC, CAN",74.0,,,,,,Notre-Dame-de-l'Île-Perrot,QC,CAN,,L
St Lawrence,Brown,Andrew,4,D,D,D,,,"5'11""",187.0,2005,"Oakville, ON, CAN",71.0,,,,,,Oakville,ON,CAN,,L
St Lawrence,Frandina,Sam,16,D,D,D,,,"5'9""",170.0,2004,"Hanover, NH, USA",69.0,,,,,,Hanover,NH,USA,,R
St Lawrence,Hall,Sam,7,D,D,D,,,"6'2""",185.0,2004,"Far Hills, NJ, USA",74.0,,,,,,Far Hills,NJ,USA,,L
St Lawrence,Lammens,Jake,26,D,D,D,,,"6'1""",185.0,2002,"Norwalk, CT, USA",73.0,,,,,,Norwalk,CT,USA,,R
St Lawrence,Mallgrave,Teddy,2,D,D,D,,,"6'3""",201.0,2005,"Summit, NJ, USA",75.0,,,,,,Summit,NJ,USA,,L
St Lawrence,Mitchell,Evan,15,D,D,D,,,"5'11""",185.0,2002,"Kanata, ON, CAN",71.0,,,,,,Kanata,ON,CAN,,R
St Lawrence,Olenginski,Jan,23,D,D,D,,,"5'9""",170.0,2003,"Philadelphia, PA, USA",69.0,,,,,,Philadelphia,PA,USA,,R
St Lawrence,Orloff,Evan,3,D,D,D,,,"6'3""",194.0,2003,"Kensington, MD, USA",75.0,,,,,,Kensington,MD,USA,,L
St Lawrence,Santilli,Luke,22,D,D,D,,,"6'4""",212.0,2004,"Reading, MA, USA",76.0,,,,,,Reading,MA,USA,,R
St Lawrence,Bell,Spencer,24,F,F,F,,,"6'0""",190.0,2003,"Warman, SK, CAN",72.0,,,,,,Warman,SK,CAN,,R
St Lawrence,Beneteau,Nicholas,28,C,F,C,RW,,"6'3""",192.0,2003,"Windsor, ON, CAN",75.0,,,,,,Windsor,ON,CAN,,R
St Lawrence,Bernadet,Jake,19,F,F,F,,,"5'10""",170.0,2003,"South Burlington, VT, USA",70.0,,,,,,South Burlington,VT,USA,,R
St Lawrence,Carogioiello,Frankie,20,C,F,C,,,"5'10""",187.0,2002,"Woodbridge, ON, CAN",70.0,,,,,,Woodbridge,ON,CAN,,L
St Lawrence,Casey,Cayden,14,F,F,F,,,"6'1""",181.0,2004,"Elk River, MN, USA",73.0,,,,,,Elk River,MN,USA,,L
St Lawrence,Cristall,Tyler,18,F,F,F,,,"5'9""",170.0,2002,"North Vancouver, BC, CAN",69.0,,,,,,North Vancouver,BC,CAN,,L
St Lawrence,Juříček,Filip,9,F,F,F,,,"5'10""",170.0,2004,"Ostrava, CZE",70.0,,,,,,Ostrava,,CZE,,L
St Lawrence,Kopecký,Jakub,12,F,F,F,,,"6'3""",194.0,2004,"Grand Rapids, MI, USA",75.0,,,,,,Grand Rapids,MI,USA,,L
St Lawrence,Lasak,Jan,34,RW,F,RW,,,"6'2""",201.0,2002,"Banska Stiavnica, SVK",74.0,,,,,,Banska Stiavnica,,SVK,,L
St Lawrence,LeDrew,Sam,8,RW,F,RW,,,"6'1""",181.0,2005,"Stillwater Lake, NS, CAN",73.0,,,,,,Stillwater Lake,NS,CAN,,R
St Lawrence,Pierson,Cooper,13,F,F,F,,,"5'9""",176.0,2005,"Zionsville, IN, USA",69.0,,,,,,Zionsville,IN,USA,,R
St Lawrence,Svartström,Rasmus,11,F,F,F,,,"6'5""",201.0,2005,"Helsinki, FIN",77.0,,,,,,Helsinki,,FIN,,L
St Lawrence,Thoreson,Gunnar,29,C,F,C,,,"5'10""",185.0,2002,"Andover, MN, USA",70.0,,,,,,Andover,MN,USA,,L
St Lawrence,Tremblay,Isaac,27,C,F,C,,,"6'1""",174.0,2004,"Granby, QC, CAN",73.0,,,,,,Granby,QC,CAN,,L
St Lawrence,Westling,Gabriel,17,C,F,C,LW,,"6'4""",205.0,2003,"Mora, SWE",76.0,,,,,,Mora,,SWE,,L
St Thomas,Ingemann,Will,,G,G,G,,,"5'11""",179.0,2005,"Plymouth, MN, USA",71.0,,,,,,Plymouth,MN,USA,,L
St Thomas,Musser,Carsen,,G,G,G,,,"6'4""",220.0,2005,"Fairmont, MN, USA",76.0,,,,,,Fairmont,MN,USA,,L
St Thomas,Berry,Bauer,,D,D,D,,,"6'4""",218.0,2005,"Grand Forks, ND, USA",76.0,,,,,,Grand Forks,ND,USA,,L
St Thomas,Hundley,Hayes,,D,D,D,,,"6'3""",207.0,2005,"Upper Arlington, OH, USA",75.0,,,,,,Upper Arlington,OH,USA,,R
St Thomas,Jamieson,Colton,,D,D,D,,,"6'0""",198.0,2004,"Hudson, WI, USA",72.0,,,,,,Hudson,WI,USA,,L
St Thomas,Williams,Nick,,D,D,D,,,"5'9""",174.0,2002,"Edina, MN, USA",69.0,,,,,,Edina,MN,USA,,L
St Thomas,Gaffney,Alex,,C,F,C,,,"5'9""",176.0,2002,"West Orange, NJ, USA",69.0,,,,,,West Orange,NJ,USA,,L
St Thomas,Giuliani,Joshua,,F,F,F,,,"6'1""",176.0,2004,"Plymouth, MN, USA",73.0,,,,,,Plymouth,MN,USA,,R
St Thomas,Godbout,Dylan,,F,F,F,,,"5'11""",185.0,2004,"Woodbury, MN, USA",71.0,,,,,,Woodbury,MN,USA,,L
St Thomas,Lippai,Attila,,LW,F,LW,RW,,"5'9""",181.0,2004,"St. Paul, MN, USA",69.0,,,,,,St. Paul,MN,USA,,L
St Thomas,Pilling,Nathan,,C,F,C,,,"6'4""",209.0,2004,"Calgary, AB, CAN",76.0,,,,,,Calgary,AB,CAN,,L
St Thomas,Ranallo,Sam,,F,F,F,,,"5'10""",168.0,2004,"Rogers, MN, USA",70.0,,,,,,Rogers,MN,USA,,L
St Thomas,Schelter,Luke,,F,F,F,,,"6'2""",196.0,2004,"Centennial, CO, USA",74.0,,,,,,Centennial,CO,USA,,R
St Thomas,Schoen,Charlie,,RW,F,RW,,,"5'10""",161.0,2001,"Andover, MN, USA",70.0,,,,,,Andover,MN,USA,,R
St Thomas,Vliet,Lucas Van,,RW,F,RW,,,"6'2""",181.0,2006,"Livonia, MI, USA",74.0,,,,,,Livonia,MI,USA,,L
St Thomas,Wahlin,Lucas,3,RW,F,RW,LW,,"6'0""",170.0,2001,"Woodbury, MN, USA",72.0,,,,,,Woodbury,MN,USA,C,R
St. Cloud State,Berzins,Patriks,39,G,G,G,,,"6'1""",174.0,2003,"Sabile, LAT",73.0,,,,,,Sabile,,LAT,,L
St. Cloud State,Gray,James,33,G,G,G,,,"6'3""",201.0,2002,"Toronto, ON, CAN",75.0,,,,,,Toronto,ON,CAN,,L
St. Cloud State,Shostak,Yan,1,G,G,G,,,"6'0""",185.0,2004,"Minsk, BLR",72.0,,,,,,Minsk,,BLR,,L
St. Cloud State,Belisle,Joe,3,D,D,D,,,"6'0""",176.0,2005,"Hugo, MN, USA",72.0,,,,,,Hugo,MN,USA,,L
St. Cloud State,Byfuglien,Thor,25,D,D,D,,,"5'11""",174.0,2003,"Roseau, MN, USA",71.0,,,,,,Roseau,MN,USA,,L
St. Cloud State,Henricks,Tanner,5,D,D,D,,,"6'4""",205.0,2006,"Mission Viejo, CA, USA",76.0,,,,,,Mission Viejo,CA,USA,,R
St. Cloud State,Loftus,Finn,4,D,D,D,,,"6'1""",185.0,2004,"Blaine, MN, USA",73.0,,,,,,Blaine,MN,USA,,L
St. Cloud State,Reiners,Mason,6,D,D,D,,,"6'2""",201.0,2001,"Edina, MN, USA",74.0,,,,,,Edina,MN,USA,A,R
St. Cloud State,Smolinski,Max,21,D,D,D,,,"6'0""",185.0,2003,"Bloomfield Hills, MI, USA",72.0,,,,,,Bloomfield Hills,MI,USA,,R
St. Cloud State,Tiessen,Kaleb,27,D,D,D,,,"6'5""",209.0,2002,"Leamington, ON, CAN",77.0,,,,,,Leamington,ON,CAN,,L
St. Cloud State,Wylie,Cooper,26,D,D,D,,,"6'1""",201.0,2001,"Stillwater, MN, USA",73.0,,,,,,Stillwater,MN,USA,C,L
St. Cloud State,Zinger,Josh,14,D,D,D,,,"6'0""",185.0,2001,"Red Deer, AB, CAN",72.0,,,,,,Red Deer,AB,CAN,,R
St. Cloud State,Ahcan,Grant,11,LW,F,LW,RW,,"5'11""",170.0,2002,"Savage, MN, USA",71.0,,,,,,Savage,MN,USA,C,L
St. Cloud State,Aucoin,Ethan,17,F,F,F,,,"6'2""",190.0,2002,"Calgary, AB, CAN",74.0,,,,,,Calgary,AB,CAN,,L
St. Cloud State,Burnevik,Austin,23,RW,F,RW,LW,,"6'4""",201.0,2005,"Ham Lake, MN, USA",76.0,,,,,,Ham Lake,MN,USA,,L
St. Cloud State,Gardner,Daimon,81,C,F,C,,,"6'4""",205.0,2004,"Eagle Lake, ON, CAN",76.0,,,,,,Eagle Lake,ON,CAN,,L
St. Cloud State,Gross,Tyson,13,RW,F,RW,,,"6'3""",194.0,2002,"Calgary, AB, CAN",75.0,,,,,,Calgary,AB,CAN,C,R
St. Cloud State,Hall,Barrett,15,C,F,C,,,"6'0""",185.0,2003,"Apple Valley, MN, USA",72.0,,,,,,Apple Valley,MN,USA,A,L
St. Cloud State,Ingram,Adam,34,C,F,C,,,"6'3""",174.0,2003,"Winnipeg, MB, CAN",75.0,,,,,,Winnipeg,MB,CAN,,L
St. Cloud State,Miettinen,Verner,19,C,F,C,,,"6'0""",174.0,2003,"Espoo, FIN",72.0,,,,,,Espoo,,FIN,,L
St. Cloud State,Reimann,Jack,7,F,F,F,,,"6'0""",201.0,2002,"Ham Lake, MN, USA",72.0,,,,,,Ham Lake,MN,USA,,R
St. Cloud State,Roed,Nolan,22,C,F,C,LW,,"5'11""",185.0,2005,"White Bear Lake, MN, USA",71.0,,,,,,White Bear Lake,MN,USA,,L
St. Cloud State,Rogers,Jack,20,F,F,F,,,"6'3""",201.0,2002,"East Northport, NY, USA",75.0,,,,,,East Northport,NY,USA,,R
St. Cloud State,Rosborough,Ryan,12,F,F,F,,,"6'3""",194.0,2000,"Mount Brydges, ON, CAN",75.0,,,,,,Mount Brydges,ON,CAN,,L
St. Cloud State,Thoreson,Gavyn,28,F,F,F,,,"5'9""",185.0,2004,"Andover, MN, USA",69.0,,,,,,Andover,MN,USA,,L
St. Cloud State,Urness,Noah,10,F,F,F,,,"5'10""",181.0,2005,"Roseau, MN, USA",70.0,,,,,,Roseau,MN,USA,,L
St. Cloud State,Wallace,Dana,8,F,F,F,,,"6'3""",216.0,2003,"Boulder, CO, USA",75.0,,,,,,Boulder,CO,USA,,R
St. Cloud State,Welch,Aiden,18,F,F,F,,,"6'2""",209.0,2004,"White Bear Lake, MN, USA",74.0,,,,,,White Bear Lake,MN,USA,,R
St. Lawrence,Kucenski,Mason,32,G,G,G,,,"6'3""",174.0,2002,"Gill, MA, USA",75.0,,,,,,Gill,MA,USA,,L
St. Lawrence,Smith,Cameron,1,G,G,G,,,"6'3""",179.0,2002,"Westchester, NY, USA",75.0,,,,,,Westchester,NY,USA,,L
St. Lawrence,Wieneke,Jack,33,G,G,G,,,"6'1""",185.0,2003,"Plymouth, MN, USA",73.0,,,,,,Plymouth,MN,USA,,L
St. Lawrence,Winn,Colin,31,G,G,G,,,"6'1""",194.0,2004,"Westford, MA, USA",73.0,,,,,,Westford,MA,USA,,L
St. Lawrence,Babbage,Jack,25,D,D,D,,,"6'1""",192.0,2000,"Tully, NY, USA",73.0,,,,,,Tully,NY,USA,,L
St. Lawrence,Bandu,Isack,21,D,D,D,,,"6'2""",201.0,2001,"Notre-Dame-de-l'Île-Perrot, QC, CAN",74.0,,,,,,Notre-Dame-de-l'Île-Perrot,QC,CAN,,L
St. Lawrence,Brown,Andrew,4,D,D,D,,,"5'11""",187.0,2005,"Oakville, ON, CAN",71.0,,,,,,Oakville,ON,CAN,,L
St. Lawrence,Frandina,Sam,16,D,D,D,,,"5'9""",170.0,2004,"Hanover, NH, USA",69.0,,,,,,Hanover,NH,USA,,R
St. Lawrence,Hall,Sam,7,D,D,D,,,"6'2""",185.0,2004,"Far Hills, NJ, USA",74.0,,,,,,Far Hills,NJ,USA,,L
St. Lawrence,Lammens,Jake,26,D,D,D,,,"6'1""",185.0,2002,"Norwalk, CT, USA",73.0,,,,,,Norwalk,CT,USA,,R
St. Lawrence,Mallgrave,Teddy,2,D,D,D,,,"6'3""",201.0,2005,"Summit, NJ, USA",75.0,,,,,,Summit,NJ,USA,,L
St. Lawrence,Mitchell,Evan,15,D,D,D,,,"5'11""",185.0,2002,"Kanata, ON, CAN",71.0,,,,,,Kanata,ON,CAN,,R
St. Lawrence,Olenginski,Jan,23,D,D,D,,,"5'9""",170.0,2003,"Philadelphia, PA, USA",69.0,,,,,,Philadelphia,PA,USA,,R
St. Lawrence,Orloff,Evan,3,D,D,D,,,"6'3""",194.0,2003,"Kensington, MD, USA",75.0,,,,,,Kensington,MD,USA,,L
St. Lawrence,Santilli,Luke,22,D,D,D,,,"6'4""",212.0,2004,"Reading, MA, USA",76.0,,,,,,Reading,MA,USA,,R
St. Lawrence,Bell,Spencer,24,F,F,F,,,"6'0""",190.0,2003,"Warman, SK, CAN",72.0,,,,,,Warman,SK,CAN,,R
St. Lawrence,Beneteau,Nicholas,28,C,F,C,RW,,"6'3""",192.0,2003,"Windsor, ON, CAN",75.0,,,,,,Windsor,ON,CAN,,R
St. Lawrence,Bernadet,Jake,19,F,F,F,,,"5'10""",170.0,2003,"South Burlington, VT, USA",70.0,,,,,,South Burlington,VT,USA,,R
St. Lawrence,Carogioiello,Frankie,20,C,F,C,,,"5'10""",187.0,2002,"Woodbridge, ON, CAN",70.0,,,,,,Woodbridge,ON,CAN,,L
St. Lawrence,Casey,Cayden,14,F,F,F,,,"6'1""",181.0,2004,"Elk River, MN, USA",73.0,,,,,,Elk River,MN,USA,,L
St. Lawrence,Cristall,Tyler,18,F,F,F,,,"5'9""",170.0,2002,"North Vancouver, BC, CAN",69.0,,,,,,North Vancouver,BC,CAN,,L
St. Lawrence,Juříček,Filip,9,F,F,F,,,"5'10""",170.0,2004,"Ostrava, CZE",70.0,,,,,,Ostrava,,CZE,,L
St. Lawrence,Kopecký,Jakub,12,F,F,F,,,"6'3""",194.0,2004,"Grand Rapids, MI, USA",75.0,,,,,,Grand Rapids,MI,USA,,L
St. Lawrence,Lasak,Jan,34,RW,F,RW,,,"6'2""",201.0,2002,"Banska Stiavnica, SVK",74.0,,,,,,Banska Stiavnica,,SVK,,L
St. Lawrence,LeDrew,Sam,8,RW,F,RW,,,"6'1""",181.0,2005,"Stillwater Lake, NS, CAN",73.0,,,,,,Stillwater Lake,NS,CAN,,R
St. Lawrence,Pierson,Cooper,13,F,F,F,,,"5'9""",176.0,2005,"Zionsville, IN, USA",69.0,,,,,,Zionsville,IN,USA,,R
St. Lawrence,Svartström,Rasmus,11,F,F,F,,,"6'5""",201.0,2005,"Helsinki, FIN",77.0,,,,,,Helsinki,,FIN,,L
St. Lawrence,Thoreson,Gunnar,29,C,F,C,,,"5'10""",185.0,2002,"Andover, MN, USA",70.0,,,,,,Andover,MN,USA,,L
St. Lawrence,Tremblay,Isaac,27,C,F,C,,,"6'1""",174.0,2004,"Granby, QC, CAN",73.0,,,,,,Granby,QC,CAN,,L
St. Lawrence,Westling,Gabriel,17,C,F,C,LW,,"6'4""",205.0,2003,"Mora, SWE",76.0,,,,,,Mora,,SWE,,L
St. Thomas,Ingemann,Will,,G,G,G,,,"5'11""",179.0,2005,"Plymouth, MN, USA",71.0,,,,,,Plymouth,MN,USA,,L
St. Thomas,Musser,Carsen,,G,G,G,,,"6'4""",220.0,2005,"Fairmont, MN, USA",76.0,,,,,,Fairmont,MN,USA,,L
St. Thomas,Berry,Bauer,,D,D,D,,,"6'4""",218.0,2005,"Grand Forks, ND, USA",76.0,,,,,,Grand Forks,ND,USA,,L
St. Thomas,Hundley,Hayes,,D,D,D,,,"6'3""",207.0,2005,"Upper Arlington, OH, USA",75.0,,,,,,Upper Arlington,OH,USA,,R
St. Thomas,Jamieson,Colton,,D,D,D,,,"6'0""",198.0,2004,"Hudson, WI, USA",72.0,,,,,,Hudson,WI,USA,,L
St. Thomas,Williams,Nick,,D,D,D,,,"5'9""",174.0,2002,"Edina, MN, USA",69.0,,,,,,Edina,MN,USA,,L
St. Thomas,Gaffney,Alex,,C,F,C,,,"5'9""",176.0,2002,"West Orange, NJ, USA",69.0,,,,,,West Orange,NJ,USA,,L
St. Thomas,Giuliani,Joshua,,F,F,F,,,"6'1""",176.0,2004,"Plymouth, MN, USA",73.0,,,,,,Plymouth,MN,USA,,R
St. Thomas,Godbout,Dylan,,F,F,F,,,"5'11""",185.0,2004,"Woodbury, MN, USA",71.0,,,,,,Woodbury,MN,USA,,L
St. Thomas,Lippai,Attila,,LW,F,LW,RW,,"5'9""",181.0,2004,"St. Paul, MN, USA",69.0,,,,,,St. Paul,MN,USA,,L
St. Thomas,Pilling,Nathan,,C,F,C,,,"6'4""",209.0,2004,"Calgary, AB, CAN",76.0,,,,,,Calgary,AB,CAN,,L
St. Thomas,Ranallo,Sam,,F,F,F,,,"5'10""",168.0,2004,"Rogers, MN, USA",70.0,,,,,,Rogers,MN,USA,,L
St. Thomas,Schelter,Luke,,F,F,F,,,"6'2""",196.0,2004,"Centennial, CO, USA",74.0,,,,,,Centennial,CO,USA,,R
St. Thomas,Schoen,Charlie,,RW,F,RW,,,"5'10""",161.0,2001,"Andover, MN, USA",70.0,,,,,,Andover,MN,USA,,R
St. Thomas,Vliet,Lucas Van,,RW,F,RW,,,"6'2""",181.0,2006,"Livonia, MI, USA",74.0,,,,,,Livonia,MI,USA,,L
St. Thomas,Wahlin,Lucas,3,RW,F,RW,LW,,"6'0""",170.0,2001,"Woodbury, MN, USA",72.0,,,,,,Woodbury,MN,USA,C,R
Stonehill,Androlewicz,Connor,29,G,G,G,,,"6'2""",201.0,2000,"St. Louis, MO, USA",74.0,,,,,,St. Louis,MO,USA,,L
Stonehill,Ghaemi,Dylan,30,G,G,G,,,"6'4""",201.0,2001,"Fairport, NY, USA",76.0,,,,,,Fairport,NY,USA,,L
Stonehill,Lipskis,Linards,31,G,G,G,,,"6'2""",201.0,2003,"Sigulda, LAT",74.0,,,,,,Sigulda,,LAT,,L
Stonehill,Banquier,Charlie,4,D,D,D,,,"6'2""",201.0,2002,"Oakville, ON, CAN",74.0,,,,,,Oakville,ON,CAN,,R
Stonehill,Campione,Dominick,55,D,D,D,,,"5'11""",154.0,2002,"Kohler, WI, USA",71.0,,,,,,Kohler,WI,USA,,R
Stonehill,Carlstrom,Devon,21,D,D,D,,,"6'3""",185.0,2002,"Palm Beach Gardens, FL, USA",75.0,,,,,,Palm Beach Gardens,FL,USA,,L
Stonehill,Davies,Ryan,5,D,D,D,,,"5'11""",179.0,2001,"Arlington, MA, USA",71.0,,,,,,Arlington,MA,USA,,R
Stonehill,Gibson,Justin,6,D,D,D,,,"6'1""",190.0,2003,"Pittsburgh, PA, USA",73.0,,,,,,Pittsburgh,PA,USA,,R
Stonehill,Mahler,Adam,2,D,D,D,,,"6'2""",218.0,2004,"Ancaster, ON, CAN",74.0,,,,,,Ancaster,ON,CAN,,R
Stonehill,Orr,Evan,26,D,D,D,,,"5'11""",185.0,2001,"Shelby Township, MI, USA",71.0,,,,,,Shelby Township,MI,USA,,L
Stonehill,Palmer,Jordin,22,D,D,D,,,"6'2""",194.0,2004,"Auburn, NH, USA",74.0,,,,,,Auburn,NH,USA,,L
Stonehill,Posma,David,20,D,D,D,,,"6'0""",170.0,2003,"Pomona, NY, USA",72.0,,,,,,Pomona,NY,USA,,L
Stonehill,Rafalski,Matthew,28,D,D,D,,,"6'1""",190.0,2004,"Waupaca, WI, USA",73.0,,,,,,Waupaca,WI,USA,,R
Stonehill,Aben,Zachary,12,C,F,C,LW,,"5'9""",181.0,2003,"Harvey's Lake, PA, USA",69.0,,,,,,Harvey's Lake,PA,USA,,L
Stonehill,Chambers,Leo,13,C,F,C,,,"6'1""",174.0,2003,"Toronto, ON, CAN",73.0,,,,,,Toronto,ON,CAN,,L
Stonehill,Galante,Anthony,24,F,F,F,,,"5'11""",174.0,2002,"Morganville, NJ, USA",71.0,,,,,,Morganville,NJ,USA,,L
Stonehill,Grainda,Joseph,10,LW,F,LW,,,"6'3""",190.0,2002,"Carmel, IN, USA",75.0,,,,,,Carmel,IN,USA,,L
Stonehill,Gutwirth,Jake,18,F,F,F,,,"5'8""",165.0,2005,"Brooklyn, NY, USA",68.0,,,,,,Brooklyn,NY,USA,,L
Stonehill,Hunter,Brady,9,C,F,C,,,"5'8""",174.0,2002,"Enfield, NS, CAN",68.0,,,,,,Enfield,NS,CAN,,L
Stonehill,Ireland,Frank,19,F,F,F,,,"5'11""",185.0,2001,"Easton, MA, USA",71.0,,,,,,Easton,MA,USA,,L
Stonehill,Lagerback,Teddy,34,LW,F,LW,,,"6'1""",194.0,2001,"Minnetonka, MN, USA",73.0,,,,,,Minnetonka,MN,USA,,R
Stonehill,Lehtinen,Joel,16,F,F,F,,,"6'3""",209.0,2003,"Matinkyla, FIN",75.0,,,,,,Matinkyla,,FIN,,L
Stonehill,Melady,Cole,14,F,F,F,,,"5'11""",190.0,2003,"Seaforth, ON, CAN",71.0,,,,,,Seaforth,ON,CAN,,L
Stonehill,Mexico,Justin,11,F,F,F,,,"5'10""",165.0,2003,"Madison Heights, MI, USA",70.0,,,,,,Madison Heights,MI,USA,,L
Stonehill,Murphy,Patrick,17,RW,F,RW,,,"5'11""",176.0,2005,"North Kingstown, RI, USA",71.0,,,,,,North Kingstown,RI,USA,,R
Stonehill,Nicolas,Zach,44,F,F,F,,,"6'5""",203.0,2004,"Airdrie, AB, CAN",77.0,,,,,,Airdrie,AB,CAN,,L
Stonehill,Renfrew,Billy,15,F,F,F,,,"5'11""",181.0,2003,"Fairbanks, AK, USA",71.0,,,,,,Fairbanks,AK,USA,,L
Stonehill,Romer,Matthew,71,F,F,F,,,"5'11""",179.0,2002,"Carpentersville, IL, USA",71.0,,,,,,Carpentersville,IL,USA,,R
Union,Gillespie,Brayden,29,G,G,G,,,"5'11""",174.0,2005,"Oakville, ON, CAN",71.0,,,,,,Oakville,ON,CAN,,L
Union,Holahan,Brendan,30,G,G,G,,,"6'2""",181.0,2004,"New Canaan, CT, USA",74.0,,,,,,New Canaan,CT,USA,,L
Union,Korpi,Cameron,31,G,G,G,,,"6'4""",172.0,2004,"South Lyon, MI, USA",76.0,,,,,,South Lyon,MI,USA,,L
Union,Chessler,Olivier,15,D,D,D,,,"5'11""",174.0,2004,"Watertown, MA, USA",71.0,,,,,,Watertown,MA,USA,,L
Union,Dunbar,Tyler,21,D,D,D,,,"6'1""",194.0,2003,"Sault Ste. Marie, MI, USA",73.0,,,,,,Sault Ste. Marie,MI,USA,,L
Union,Felicio,Will,4,D,D,D,,,"5'10""",174.0,2006,"Holden, MA, USA",70.0,,,,,,Holden,MA,USA,,L
Union,Hart,D.J.,2,D,D,D,,,"6'3""",209.0,2002,"Stamford, CT, USA",75.0,,,,,,Stamford,CT,USA,,R
Union,Lessard,Étienne,28,D,D,D,,,"5'9""",168.0,2004,"Blainville, QC, CAN",69.0,,,,,,Blainville,QC,CAN,,R
Union,Mell,Cal,3,D,D,D,,,"5'11""",185.0,2001,"Cumming, GA, USA",71.0,,,,,,Cumming,GA,USA,,R
Union,Miles,Brendan,26,D,D,D,,,"5'11""",176.0,2001,"Farmington Hills, MI, USA",71.0,,,,,,Farmington Hills,MI,USA,,R
Union,Rose,Carter,5,D,D,D,,,"6'2""",194.0,2002,"Brasher Falls, NY, USA",74.0,,,,,,Brasher Falls,NY,USA,,L
Union,Young,Nick,7,D,D,D,,,"6'3""",216.0,2001,"Raleigh, NC, USA",75.0,,,,,,Raleigh,NC,USA,,R
Union,Benz,Ethan,10,F,F,F,,,"6'2""",205.0,2001,"Shakopee, MN, USA",74.0,,,,,,Shakopee,MN,USA,,L
Union,Brueck,Riley,27,F,F,F,,,"6'2""",194.0,2003,"Chesterfield, MO, USA",74.0,,,,,,Chesterfield,MO,USA,,L
Union,Buhr,Brandon,14,F,F,F,,,"6'2""",205.0,2002,"Burnaby, BC, CAN",74.0,,,,,,Burnaby,BC,CAN,,R
Union,Buss,Luke,33,F,F,F,,,"5'10""",185.0,2003,"Columbus, OH, USA",70.0,,,,,,Columbus,OH,USA,,R
Union,Buzziol,Lucas,16,C,F,C,,,"6'1""",205.0,2004,"Mississauga, ON, CAN",73.0,,,,,,Mississauga,ON,CAN,,R
Union,Hanley,Nate,24,C,F,C,,,"5'11""",185.0,2002,"Rocky Point, NY, USA",71.0,,,,,,Rocky Point,NY,USA,,R
Union,Jeannette,Jacob,22,RW,F,RW,,,"6'1""",209.0,2002,"Duluth, MN, USA",73.0,,,,,,Duluth,MN,USA,,L
Union,Korpi,Carter,12,F,F,F,,,"6'0""",194.0,2001,"South Lyon, MI, USA",72.0,,,,,,South Lyon,MI,USA,,R
Union,Laurenza,Alex,9,F,F,F,,,"5'10""",165.0,2005,"Woodbridge, ON, CAN",70.0,,,,,,Woodbridge,ON,CAN,,L
Union,Lindauer,Parker,17,F,F,F,,,"5'11""",181.0,2001,"Madison, WI, USA",71.0,,,,,,Madison,WI,USA,,L
Union,MacArthur,Colby,11,RW,F,RW,,,"6'3""",190.0,2001,"Summerside, PE, CAN",75.0,,,,,,Summerside,PE,CAN,,R
Union,Muthersbaugh,Ben,18,LW,F,LW,,,"6'1""",194.0,2004,"Gilford, NH, USA",73.0,,,,,,Gilford,NH,USA,,L
Union,Pelton,Troy,6,C,F,C,,,"6'1""",185.0,2004,"Clifton Park, NY, USA",73.0,,,,,,Clifton Park,NY,USA,,L
Union,Smith,Connor,8,F,F,F,,,"5'11""",185.0,2003,"Hugo, MN, USA",71.0,,,,,,Hugo,MN,USA,,R
Union,Sutton,Drew,19,F,F,F,,,"5'10""",181.0,2003,"Hortonville, WI, USA",70.0,,,,,,Hortonville,WI,USA,,L
Vermont,Héroux,Daniel,,G,G,G,,,"6'2""",190.0,2005,"Montréal, QC, CAN",74.0,,,,,,Montréal,QC,CAN,,L
Vermont,Oster,Jacob,,G,G,G,,,"6'3""",194.0,2004,"Manotick, ON, CAN",75.0,,,,,,Manotick,ON,CAN,,L
Vermont,Wright,Aiden,,G,G,G,,,"6'1""",190.0,2005,"Wake Forest, NC, USA",73.0,,,,,,Wake Forest,NC,USA,,L
Vermont,Chaly,Gennadi,,D,D,D,,,"5'11""",192.0,2005,"Salekhard, RUS",71.0,,,,,,Salekhard,,RUS,,R
Vermont,Forgione,P.J.,,D,D,D,,,"6'2""",214.0,2004,"Burlington, VT, USA",74.0,,,,,,Burlington,VT,USA,,L
Vermont,Gratton,Dylan,,D,D,D,,,"6'0""",181.0,2003,"Pottstown, PA, USA",72.0,,,,,,Pottstown,PA,USA,,L
Vermont,Herrington,Caeden,,D,D,D,,,"6'2""",205.0,2006,"Manchester, VT, USA",74.0,,,,,,Manchester,VT,USA,,R
Vermont,Aegerter,Jonah,,C,F,C,,,"5'9""",183.0,2004,"Janesville, WI, USA",69.0,,,,,,Janesville,WI,USA,,R
Vermont,Dysart,Tyler,,F,F,F,,,"5'10""",170.0,2004,"Sunnyvale, CA, USA",70.0,,,,,,Sunnyvale,CA,USA,,L
Vermont,Ferner,Kaslo,,F,F,F,,,"5'9""",150.0,2006,"Kelowna, BC, CAN",69.0,,,,,,Kelowna,BC,CAN,,R
Vermont,Filak,Zach,,C,F,C,,,"6'1""",185.0,2004,"Northville, MI, USA",73.0,,,,,,Northville,MI,USA,,L
Vermont,Guindon,Cédrick,,LW,F,LW,C,,"5'10""",181.0,2004,"Rockland, ON, CAN",70.0,,,,,,Rockland,ON,CAN,,L
Vermont,Michels,Matteo,,C,F,C,,,"5'11""",170.0,2005,"Colleyville, TX, USA",71.0,,,,,,Colleyville,TX,USA,,R
Vermont,Renkowski,Logan,,F,F,F,,,"5'9""",172.0,2005,"Nesconset, NY, USA",69.0,,,,,,Nesconset,NY,USA,,L
Vermont,Sacco,David,,RW,F,RW,,,"6'1""",194.0,2002,"Middleton, MA, USA",73.0,,,,,,Middleton,MA,USA,,R
Vermont,Scheetz,Sam,,F,F,F,,,"5'10""",181.0,2005,"Victoria, MN, USA",70.0,,,,,,Victoria,MN,USA,,L
Western Michigan,Bookman,Zach,,D,D,D,,,"5'10""",176.0,2002,"Syracuse, NY, USA",70.0,,,,,,Syracuse,NY,USA,,R
Western Michigan,Gallatin,Grady,,D,D,D,,,"6'3""",179.0,2004,"White Bear Lake, MN, USA",75.0,,,,,,White Bear Lake,MN,USA,,L
Western Michigan,Hagen,Philip Mønnich,,D,D,D,,,"5'11""",168.0,2005,"Stavanger, NOR",71.0,,,,,,Stavanger,,NOR,,L
Western Michigan,Sharp,Zack,,D,D,D,,,"6'1""",181.0,2005,"Naperville, IL, USA",73.0,,,,,,Naperville,IL,USA,,L
Western Michigan,Wallberg,Theo,,D,D,D,,,"6'5""",203.0,2003,"Stockholm, SWE",77.0,,,,,,Stockholm,,SWE,,L
Western Michigan,Woogk,Colby,,D,D,D,,,"6'1""",203.0,2004,"Fort Worth, TX, USA",73.0,,,,,,Fort Worth,TX,USA,,L
Western Michigan,Borozinskis,Davis,,LW,F,LW,,,"6'0""",190.0,2004,"Liepaja, LAT",72.0,,,,,,Liepaja,,LAT,,R
Western Michigan,Cowan,Bobby,,F,F,F,,,"5'11""",181.0,2006,"Edina, MN, USA",71.0,,,,,,Edina,MN,USA,,R
Western Michigan,Hanson,Otto,,F,F,F,,,"6'1""",168.0,2006,"Calgary, AB, CAN",73.0,,,,,,Calgary,AB,CAN,,R
Western Michigan,Huck,Samuel,,F,F,F,,,"5'9""",150.0,2004,"Calgary, AB, CAN",69.0,,,,,,Calgary,AB,CAN,,L
Western Michigan,Joly,Jayden,,F,F,F,,,"5'10""",183.0,2004,"Fort Saskatchewan, AB, CAN",70.0,,,,,,Fort Saskatchewan,AB,CAN,,L
Western Michigan,MacKenzie,Tyler,,F,F,F,,,"5'10""",185.0,2004,"Red Deer, AB, CAN",70.0,,,,,,Red Deer,AB,CAN,,L
Western Michigan,Mason,Ty,,F,F,F,,,"6'0""",179.0,2005,"Weyburn, SK, CAN",72.0,,,,,,Weyburn,SK,CAN,,R
Western Michigan,Norcross,Luke,,F,F,F,,,"5'11""",174.0,2007,"Los Angeles, CA, USA",71.0,,,,,,Los Angeles,CA,USA,,L
Western Michigan,Prendergast,Tommy,,F,F,F,,,"5'10""",165.0,2006,"Denver, CO, USA",70.0,,,,,,Denver,CO,USA,,L
Western Michigan,Risteau,Michael,,LW,F,LW,,,"5'9""",161.0,2006,"Lakeville, MN, USA",69.0,,,,,,Lakeville,MN,USA,,L
Western Michigan,Sawka,Hunter,,F,F,F,,,"5'11""",174.0,2005,"Cochrane, AB, CAN",71.0,,,,,,Cochrane,AB,CAN,,R
Western Michigan,Simon,Cooper,,F,F,F,,,"6'0""",185.0,2007,"Menomonee Falls, WI, USA",72.0,,,,,,Menomonee Falls,WI,USA,,L
Western Michigan,Sluys,Jamison,,F,F,F,,,"5'10""",194.0,2005,"Point Roberts, WA, USA",70.0,,,,,,Point Roberts,WA,USA,,L
Western Michigan,Whitelaw,William,,C,F,C,,,"5'9""",174.0,2005,"Rosemount, MN, USA",69.0,,,,,,Rosemount,MN,USA,,R
Western Michigan,Wiebe,Joshua,,F,F,F,,,"6'0""",174.0,2005,"Calgary, AB, CAN",72.0,,,,,,Calgary,AB,CAN,,L
Western Michigan,Wisdom,Zaccharya,,RW,F,RW,,,"6'0""",174.0,2004,"Toronto, ON, CAN",72.0,,,,,,Toronto,ON,CAN,,R
Wisconsin,Castro,Anton,33,G,G,G,,,"6'1""",181.0,2003,"Mendota Heights, MN, USA",73.0,,,,,,Mendota Heights,MN,USA,,L
Wisconsin,Hauser,Daniel,31,G,G,G,,,"5'11""",165.0,2004,"Chestermere, AB, CAN",71.0,,,,,,Chestermere,AB,CAN,,L
Wisconsin,Pulver,Eli,30,G,G,G,,,"6'1""",165.0,2003,"Vancouver, BC, CAN",73.0,,,,,,Vancouver,BC,CAN,,L
Wisconsin,Dexheimer,Ben,4,D,D,D,,,"5'10""",165.0,2002,"Edina, MN, USA",70.0,,,,,,Edina,MN,USA,,R
Wisconsin,Dubinsky,Aiden,28,D,D,D,,,"6'0""",181.0,2004,"Highland Park, IL, USA",72.0,,,,,,Highland Park,IL,USA,,R
Wisconsin,Hensler,Logan,6,D,D,D,,,"6'3""",198.0,2006,"Woodbury, MN, USA",75.0,,,,,,Woodbury,MN,USA,,R
Wisconsin,Knox,Weston,26,D,D,D,,,"6'0""",181.0,2004,"Andover, MN, USA",72.0,,,,,,Andover,MN,USA,,L
Wisconsin,Osburn,Luke,2,D,D,D,,,"6'1""",185.0,2006,"Plymouth, MI, USA",73.0,,,,,,Plymouth,MI,USA,,L
Wisconsin,Palodichuk,Joe,14,D,D,D,,,"6'0""",174.0,2003,"Cottage Grove, MN, USA",72.0,,,,,,Cottage Grove,MN,USA,,L
Wisconsin,Phelan,Jack,8,D,D,D,,,"6'3""",185.0,2004,"Hinsdale, IL, USA",75.0,,,,,,Hinsdale,IL,USA,,R
Wisconsin,Schulz,Zach,5,D,D,D,,,"6'1""",196.0,2005,"South Lyon, MI, USA",73.0,,,,,,South Lyon,MI,USA,,L
Wisconsin,Botterill,Ryan,21,F,F,F,,,"5'11""",176.0,2003,"Portage la Prairie, MB, CAN",71.0,,,,,,Portage la Prairie,MB,CAN,,L
Wisconsin,Brink,Finn,27,LW,F,LW,,,"5'10""",185.0,2005,"Maple Grove, MN, USA",70.0,,,,,,Maple Grove,MN,USA,,L
Wisconsin,Deering,Grady,17,C,F,C,,,"6'2""",209.0,2005,"Des Moines, IA, USA",74.0,,,,,,Des Moines,IA,USA,,R
Wisconsin,Dyck,Tyson,16,C,F,C,,,"6'0""",170.0,2004,"Abbotsford, BC, CAN",72.0,,,,,,Abbotsford,BC,CAN,,L
Wisconsin,Finley,Quinn,19,LW,F,LW,,,"6'0""",179.0,2004,"Valparaiso, IN, USA",72.0,,,,,,Valparaiso,IN,USA,,L
Wisconsin,Fitzgerald,Christian,13,F,F,F,,,"6'0""",174.0,2002,"Coquitlam, BC, CAN",72.0,,,,,,Coquitlam,BC,CAN,,L
Wisconsin,Horbach,Jack,22,RW,F,RW,C,,"5'11""",170.0,2002,"Naperville, IL, USA",71.0,,,,,,Naperville,IL,USA,,R
Wisconsin,Idzan,Bruno,91,LW,F,LW,,,"6'0""",194.0,2006,"Zagreb, CRO",72.0,,,,,,Zagreb,,CRO,,L
Wisconsin,Kukkonen,Kyle,9,C,F,C,RW,,"5'10""",174.0,2002,"Maple Grove, MN, USA",70.0,,,,,,Maple Grove,MN,USA,,R
Wisconsin,Montgomery,Blake,47,LW,F,LW,,,"6'4""",196.0,2005,"Annapolis, MD, USA",76.0,,,,,,Annapolis,MD,USA,,L
Wisconsin,Morrissey,Gavin,7,F,F,F,,,"5'11""",181.0,2003,"Dayton, OH, USA",71.0,,,,,,Dayton,OH,USA,,L
Wisconsin,Pietila,Adam,18,F,F,F,,,"6'0""",190.0,2003,"Howell, MI, USA",72.0,,,,,,Howell,MI,USA,,R
Wisconsin,Tassy,Simon,11,F,F,F,,,"6'2""",196.0,2001,"Montréal, QC, CAN",74.0,,,,,,Montréal,QC,CAN,,R
Wisconsin,Tulk,Oliver,55,C,F,C,,,"5'8""",174.0,2005,"Gibsons, BC, CAN",68.0,,,,,,Gibsons,BC,CAN,,R
Wisconsin,Zelenov,Vasily,94,RW,F,RW,LW,,"6'0""",192.0,2006,"Moskva, RUS",72.0,,,,,,Moskva,,RUS,,L
Yale,Hunt,Dylan,,D,D,D,,,"6'0""",174.0,2006,"Marlborough, MA, USA",72.0,,,,,,Marlborough,MA,USA,,L
Yale,Miller,Hudson,,D,D,D,,,"6'4""",190.0,2005,"New York, NY, USA",76.0,,,,,,New York,NY,USA,,R
Yale,Pesonen,Joose,,D,D,D,,,"5'10""",163.0,2005,"Kuopio, FIN",70.0,,,,,,Kuopio,,FIN,,L
Yale,Gurkan,Kurt,,RW,F,RW,,,"5'10""",179.0,2004,"Darien, CT, USA",70.0,,,,,,Darien,CT,USA,,L
Yale,Keeble,Braden,,F,F,F,,,"5'10""",170.0,2004,"Brandon, MB, CAN",70.0,,,,,,Brandon,MB,CAN,,R
Yale,Molson,Tom,,F,F,F,,,"5'8""",154.0,2005,"Montréal, QC, CAN",68.0,,,,,,Montréal,QC,CAN,,L
Yale,Shannon,James,,F,F,F,,,"5'10""",179.0,2004,"New York, NY, USA",70.0,,,,,,New York,NY,USA,,R
Yale,Staples,Ryan,,C,F,C,,,"6'0""",174.0,2006,"Middletown, RI, USA",72.0,,,,,,Middletown,RI,USA,,R
