Date,Conference,Game_Notes,Away_Team,Away_Team_Link,Away_Score,Home_Team,Home_Team_Link,Home_Score,OT,Box_Link,Metrics_Link,Day,Game_ID
2025-10-03,Non-Conference,,Clarkson,/reports/team/Clarkson/14,,Canisius,/reports/team/Canisius/13,,,,,Friday,2025-10-03_Canisius_Clarkson
2025-10-03,Non-Conference,,Ferris State,/reports/team/Ferris-State/21,,Miami,/reports/team/Miami/30,,,,,Friday,2025-10-03_Miami_Ferris State
2025-10-03,Non-Conference,,Mercyhurst,/reports/team/Mercyhurst/28,,Michigan,/reports/team/Michigan/31,,,,,Friday,2025-10-03_Michigan_Mercyhurst
2025-10-03,Non-Conference,,Michigan Tech,/reports/team/Michigan-Tech/33,,Minnesota,/reports/team/Minnesota/34,,,,,Friday,2025-10-03_Minnesota_Michigan Tech
2025-10-03,Non-Conference,,Augustana,/reports/team/Augustana/64,,St Cloud State,/reports/team/St-Cloud-State/52,,,,,Friday,2025-10-03_St. Cloud State_Augustana
2025-10-03,Non-Conference,,Quinnipiac,/reports/team/Quinnipiac/47,,Boston College,/reports/team/Boston-College/9,,,,,Friday,2025-10-03_Boston College_Quinnipiac
2025-10-03,Non-Conference,,Connecticut,/reports/team/Connecticut/17,,Colorado College,/reports/team/Colorado-College/16,,,,,Friday,2025-10-03_Colorado College_Connecticut
2025-10-03,Non-Conference,,Bemidji State,/reports/team/Bemidji-State/7,,Alaska Anchorage,/reports/team/Alaska-Anchorage/3,,,,,Friday,2025-10-03_Alaska-Anchorage_Bemidji State
2025-10-03,Non-Conference,,Penn State,/reports/team/Penn-State/60,,Arizona State,/reports/team/Arizona-State/61,,,,,Friday,2025-10-03_Arizona State_Penn State
2025-10-03,Non-Conference,,Minnesota Duluth,/reports/team/Minnesota-Duluth/36,,Alaska,/reports/team/Alaska/4,,,,,Friday,2025-10-03_Alaska_Minnesota-Duluth
2025-10-03,Non-Conference,,Wisconsin,/reports/team/Wisconsin/58,,Lindenwood,/reports/team/Lindenwood/433,,,,,Friday,2025-10-03_Lindenwood_Wisconsin
2025-10-03,Exhibition,,Windsor,,,Michigan State,/reports/team/Michigan-State/32,,,,,Friday,2025-10-03_Michigan State_Windsor
2025-10-03,Exhibition,,Air Force,/reports/team/Air-Force/1,,Omaha,/reports/team/Omaha/37,,,,,Friday,2025-10-03_Omaha_Air Force
2025-10-03,Exhibition,,Simon Fraser,,,Providence,/reports/team/Providence/46,,,,,Friday,2025-10-03_Providence_Simon Fraser
2025-10-03,Exhibition,,Long Island,/reports/team/Long-Island/62,,Army,/reports/team/Army/6,,,,,Friday,2025-10-03_Army_Long Island
2025-10-03,Exhibition,,Notre Dame,/reports/team/Notre-Dame/43,,US Under 18,,,,,,Friday,2025-10-03_US Under-18_Notre Dame
2025-10-03,Exhibition,,New Hampshire,/reports/team/New-Hampshire/38,,Maine,/reports/team/Maine/25,,,,,Friday,2025-10-03_Maine_New Hampshire
2025-10-03,Hockey East,,Merrimack,/reports/team/Merrimack/29,,Mass Lowell,/reports/team/Mass-Lowell/26,,,,,Friday,2025-10-03_Mass.-Lowell_Merrimack
2025-10-04,Non-Conference,,Long Island,/reports/team/Long-Island/62,,Boston University,/reports/team/Boston-University/10,,,,,Saturday,2025-10-04_Boston University_Long Island
2025-10-04,Non-Conference,,Northern Michigan,/reports/team/Northern-Michigan/42,,Massachusetts,/reports/team/Massachusetts/27,,,,,Saturday,2025-10-04_Massachusetts_Northern Michigan
2025-10-04,Non-Conference,,Ferris State,/reports/team/Ferris-State/21,,Miami,/reports/team/Miami/30,,,,,Saturday,2025-10-04_Miami_Ferris State
2025-10-04,Non-Conference,,Mercyhurst,/reports/team/Mercyhurst/28,,Michigan,/reports/team/Michigan/31,,,,,Saturday,2025-10-04_Michigan_Mercyhurst
2025-10-04,Non-Conference,,Michigan Tech,/reports/team/Michigan-Tech/33,,Minnesota,/reports/team/Minnesota/34,,,,,Saturday,2025-10-04_Minnesota_Michigan Tech
2025-10-04,Non-Conference,,St Lawrence,/reports/team/St-Lawrence/53,,Niagara,/reports/team/Niagara/39,,,,,Saturday,2025-10-04_Niagara_St. Lawrence
2025-10-04,Non-Conference,,Holy Cross,/reports/team/Holy-Cross/23,,Northeastern,/reports/team/Northeastern/41,,,,,Saturday,2025-10-04_Northeastern_Holy Cross
2025-10-04,Non-Conference,,St Thomas,/reports/team/St-Thomas/63,,St Cloud State,/reports/team/St-Cloud-State/52,,,,,Saturday,2025-10-04_St. Cloud State_St. Thomas
2025-10-04,Non-Conference,,Lake Superior,/reports/team/Lake-Superior/24,,Stonehill,/reports/team/Stonehill/422,,,,,Saturday,2025-10-04_Stonehill_Lake Superior
2025-10-04,Non-Conference,,Bemidji State,/reports/team/Bemidji-State/7,,Alaska Anchorage,/reports/team/Alaska-Anchorage/3,,,,,Saturday,2025-10-04_Alaska-Anchorage_Bemidji State
2025-10-04,Non-Conference,,Army,/reports/team/Army/6,,Union,/reports/team/Union/54,,,,,Saturday,2025-10-04_Union_Army
2025-10-04,Non-Conference,,Connecticut,/reports/team/Connecticut/17,,Colorado College,/reports/team/Colorado-College/16,,,,,Saturday,2025-10-04_Colorado College_Connecticut
2025-10-04,Non-Conference,,Penn State,/reports/team/Penn-State/60,,Arizona State,/reports/team/Arizona-State/61,,,,,Saturday,2025-10-04_Arizona State_Penn State
2025-10-04,Non-Conference,,Minnesota Duluth,/reports/team/Minnesota-Duluth/36,,Alaska,/reports/team/Alaska/4,,,,,Saturday,2025-10-04_Alaska_Minnesota-Duluth
2025-10-04,Non-Conference,,Wisconsin,/reports/team/Wisconsin/58,,Lindenwood,/reports/team/Lindenwood/433,,,,,Saturday,2025-10-04_Lindenwood_Wisconsin
2025-10-04,Exhibition,,UNLV,,,Denver,/reports/team/Denver/20,,,,,Saturday,2025-10-04_Denver_UNLV
2025-10-04,Exhibition,,Manitoba,,,North Dakota,/reports/team/North-Dakota/40,,,,,Saturday,2025-10-04_North Dakota_Manitoba
2025-10-04,Exhibition,,Simon Fraser,,,Bentley,/reports/team/Bentley/8,,,,,Saturday,2025-10-04_Bentley_Simon Fraser
2025-10-04,Exhibition,,Guelph,,,RIT,/reports/team/RIT/49,,,,,Saturday,2025-10-04_RIT_Guelph
2025-10-04,Exhibition,,Merrimack,/reports/team/Merrimack/29,,Sacred Heart,/reports/team/Sacred-Heart/51,,,,,Saturday,2025-10-04_Sacred Heart_Merrimack
2025-10-04,Exhibition,,Brock,,,Vermont,/reports/team/Vermont/55,,,,,Saturday,2025-10-04_Vermont_Brock
2025-10-04,Exhibition,,Robert Morris,/reports/team/Robert-Morris/50,,Bowling Green,/reports/team/Bowling-Green/11,,,,,Saturday,2025-10-04_Bowling Green_Robert Morris
2025-10-05,Non-Conference,,RPI,/reports/team/RPI/48,,Boston University,/reports/team/Boston-University/10,,,,,Sunday,2025-10-05_Boston University_RPI
2025-10-05,Non-Conference,,St Lawrence,/reports/team/St-Lawrence/53,,Canisius,/reports/team/Canisius/13,,,,,Sunday,2025-10-05_Canisius_St. Lawrence
2025-10-05,Non-Conference,,Northern Michigan,/reports/team/Northern-Michigan/42,,Massachusetts,/reports/team/Massachusetts/27,,,,,Sunday,2025-10-05_Massachusetts_Northern Michigan
2025-10-05,Non-Conference,,Lake Superior,/reports/team/Lake-Superior/24,,Stonehill,/reports/team/Stonehill/422,,,,,Sunday,2025-10-05_Stonehill_Lake Superior
2025-10-05,Exhibition,,Western Ontario,,,Clarkson,/reports/team/Clarkson/14,,,,,Sunday,2025-10-05_Clarkson_Western Ontario
2025-10-05,Exhibition,,Union,/reports/team/Union/54,,Colgate,/reports/team/Colgate/15,,,,,Sunday,2025-10-05_Colgate_Union
2025-10-05,Exhibition,,Quinnipiac,/reports/team/Quinnipiac/47,,Providence,/reports/team/Providence/46,,,,,Sunday,2025-10-05_Providence_Quinnipiac
2025-10-05,Exhibition,,Waterloo,,,Robert Morris,/reports/team/Robert-Morris/50,,,,,Sunday,2025-10-05_Robert Morris_Waterloo
2025-10-05,Exhibition,,US Under 18,,,Western Michigan,/reports/team/Western-Michigan/57,,,,,Sunday,2025-10-05_Western Michigan_US Under-18
2025-10-05,Exhibition,,Simon Fraser,,,Sacred Heart,/reports/team/Sacred-Heart/51,,,,,Sunday,2025-10-05_Sacred Heart_Simon Fraser
2025-10-09,Non-Conference,,New Hampshire,/reports/team/New-Hampshire/38,,Michigan State,/reports/team/Michigan-State/32,,,,,Thursday,2025-10-09_Michigan State_New Hampshire
2025-10-09,Non-Conference,,Boston College,/reports/team/Boston-College/9,,Minnesota,/reports/team/Minnesota/34,,,,,Thursday,2025-10-09_Minnesota_Boston College
2025-10-09,Non-Conference,,Ferris State,/reports/team/Ferris-State/21,,Western Michigan,/reports/team/Western-Michigan/57,,,,,Thursday,2025-10-09_Western Michigan_Ferris State
2025-10-09,Non-Conference,,Clarkson,/reports/team/Clarkson/14,,Penn State,/reports/team/Penn-State/60,,,,,Thursday,2025-10-09_Penn State_Clarkson
2025-10-10,Hockey East,,Mass Lowell,/reports/team/Mass-Lowell/26,,Merrimack,/reports/team/Merrimack/29,,,,,Friday,2025-10-10_Merrimack_Mass.-Lowell
2025-10-10,"Ice Breaker (at Compton Family Ice Arena, Notre Dame, Ind.)",,Arizona State,/reports/team/Arizona-State/61,,Notre Dame,/reports/team/Notre-Dame/43,,,,,Friday,2025-10-10_Notre Dame_Arizona State
2025-10-10,"Ice Breaker (at Compton Family Ice Arena, Notre Dame, Ind.)",,Alaska,/reports/team/Alaska/4,,Quinnipiac,/reports/team/Quinnipiac/47,,,,,Friday,2025-10-10_Quinnipiac_Alaska
2025-10-10,Non-Conference,,Denver,/reports/team/Denver/20,,Air Force,/reports/team/Air-Force/1,,,,,Friday,2025-10-10_Air Force_Denver
2025-10-10,Non-Conference,,Colgate,/reports/team/Colgate/15,,Boston University,/reports/team/Boston-University/10,,,,,Friday,2025-10-10_Boston University_Colgate
2025-10-10,Non-Conference,,Long Island,/reports/team/Long-Island/62,,Canisius,/reports/team/Canisius/13,,,,,Friday,2025-10-10_Canisius_Long Island
2025-10-10,Non-Conference,,Western Michigan,/reports/team/Western-Michigan/57,,Ferris State,/reports/team/Ferris-State/21,,,,,Friday,2025-10-10_Ferris State_Western Michigan
2025-10-10,Non-Conference,,New Hampshire,/reports/team/New-Hampshire/38,,Michigan State,/reports/team/Michigan-State/32,,,,,Friday,2025-10-10_Michigan State_New Hampshire
2025-10-10,Non-Conference,,Boston College,/reports/team/Boston-College/9,,Minnesota,/reports/team/Minnesota/34,,,,,Friday,2025-10-10_Minnesota_Boston College
2025-10-10,Non-Conference,,Augustana,/reports/team/Augustana/64,,Minnesota Duluth,/reports/team/Minnesota-Duluth/36,,,,,Friday,2025-10-10_Minnesota-Duluth_Augustana
2025-10-10,Non-Conference,,Minnesota State,/reports/team/Minnesota-State/35,,Omaha,/reports/team/Omaha/37,,,,,Friday,2025-10-10_Omaha_Minnesota State
2025-10-10,Non-Conference,,Bowling Green,/reports/team/Bowling-Green/11,,Niagara,/reports/team/Niagara/39,,,,,Friday,2025-10-10_Niagara_Bowling Green
2025-10-10,Non-Conference,,St Thomas,/reports/team/St-Thomas/63,,North Dakota,/reports/team/North-Dakota/40,,,,,Friday,2025-10-10_North Dakota_St. Thomas
2025-10-10,Non-Conference,,Army,/reports/team/Army/6,,Northeastern,/reports/team/Northeastern/41,,,,,Friday,2025-10-10_Northeastern_Army
2025-10-10,Non-Conference,,Northern Michigan,/reports/team/Northern-Michigan/42,,Ohio State,/reports/team/Ohio-State/44,,,,,Friday,2025-10-10_Ohio State_Northern Michigan
2025-10-10,Non-Conference,,Michigan,/reports/team/Michigan/31,,Providence,/reports/team/Providence/46,,,,,Friday,2025-10-10_Providence_Michigan
2025-10-10,Non-Conference,,Clarkson,/reports/team/Clarkson/14,,Penn State,/reports/team/Penn-State/60,,,,,Friday,2025-10-10_Penn State_Clarkson
2025-10-10,Non-Conference,,Bentley,/reports/team/Bentley/8,,Colorado College,/reports/team/Colorado-College/16,,,,,Friday,2025-10-10_Colorado College_Bentley
2025-10-10,Non-Conference,,Holy Cross,/reports/team/Holy-Cross/23,,Maine,/reports/team/Maine/25,,,,,Friday,2025-10-10_Maine_Holy Cross
2025-10-10,Non-Conference,,Union,/reports/team/Union/54,,Mercyhurst,/reports/team/Mercyhurst/28,,,,,Friday,2025-10-10_Mercyhurst_Union
2025-10-10,Non-Conference,,Massachusetts,/reports/team/Massachusetts/27,,Stonehill,/reports/team/Stonehill/422,,,,,Friday,2025-10-10_Stonehill_Massachusetts
2025-10-10,Non-Conference,,Miami,/reports/team/Miami/30,,RPI,/reports/team/RPI/48,,,,,Friday,2025-10-10_RPI_Miami
2025-10-10,Non-Conference,,St Lawrence,/reports/team/St-Lawrence/53,,Vermont,/reports/team/Vermont/55,,,,,Friday,2025-10-10_Vermont_St. Lawrence
2025-10-10,Non-Conference,,Lindenwood,/reports/team/Lindenwood/433,,Lake Superior,/reports/team/Lake-Superior/24,,,,,Friday,2025-10-10_Lake Superior_Lindenwood
2025-10-10,Non-Conference,,St Cloud State,/reports/team/St-Cloud-State/52,,Bemidji State,/reports/team/Bemidji-State/7,,,,,Friday,2025-10-10_Bemidji State_St. Cloud State
2025-10-10,Atlantic Hockey,,Sacred Heart,/reports/team/Sacred-Heart/51,,RIT,/reports/team/RIT/49,,,,,Friday,2025-10-10_RIT_Sacred Heart
2025-10-11,"Ice Breaker (at Mullett Arena, Tempe, Ariz.)",,TBD,,,Arizona State,/reports/team/Arizona-State/61,,,,,Saturday,2025-10-11_Arizona State_TBD
2025-10-11,"Ice Breaker (at Mullett Arena, Tempe, Ariz.)",,Quinnipiac,/reports/team/Quinnipiac/47,,TBD,,,,,,Saturday,2025-10-11_TBD_Quinnipiac
2025-10-11,"Ice Breaker (at Mullett Arena, Tempe, Ariz.)",,Notre Dame,/reports/team/Notre-Dame/43,,TBD,,,,,,Saturday,2025-10-11_TBD_Notre Dame
2025-10-11,"Ice Breaker (at Mullett Arena, Tempe, Ariz.)",,Alaska,/reports/team/Alaska/4,,TBD,,,,,,Saturday,2025-10-11_TBD_Alaska
2025-10-11,Non-Conference,,Colorado College,/reports/team/Colorado-College/16,,Air Force,/reports/team/Air-Force/1,,,,,Saturday,2025-10-11_Air Force_Colorado College
2025-10-11,Non-Conference,,Colgate,/reports/team/Colgate/15,,Boston University,/reports/team/Boston-University/10,,,,,Saturday,2025-10-11_Boston University_Colgate
2025-10-11,Non-Conference,,Long Island,/reports/team/Long-Island/62,,Canisius,/reports/team/Canisius/13,,,,,Saturday,2025-10-11_Canisius_Long Island
2025-10-11,Non-Conference,,Augustana,/reports/team/Augustana/64,,Minnesota Duluth,/reports/team/Minnesota-Duluth/36,,,,,Saturday,2025-10-11_Minnesota-Duluth_Augustana
2025-10-11,Non-Conference,,Minnesota State,/reports/team/Minnesota-State/35,,Omaha,/reports/team/Omaha/37,,,,,Saturday,2025-10-11_Omaha_Minnesota State
2025-10-11,Non-Conference,,Bowling Green,/reports/team/Bowling-Green/11,,Niagara,/reports/team/Niagara/39,,,,,Saturday,2025-10-11_Niagara_Bowling Green
2025-10-11,Non-Conference,,Northern Michigan,/reports/team/Northern-Michigan/42,,Ohio State,/reports/team/Ohio-State/44,,,,,Saturday,2025-10-11_Ohio State_Northern Michigan
2025-10-11,Non-Conference,,Michigan,/reports/team/Michigan/31,,Providence,/reports/team/Providence/46,,,,,Saturday,2025-10-11_Providence_Michigan
2025-10-11,Non-Conference,,Bemidji State,/reports/team/Bemidji-State/7,,St Cloud State,/reports/team/St-Cloud-State/52,,,,,Saturday,2025-10-11_St. Cloud State_Bemidji State
2025-10-11,Non-Conference,,Union,/reports/team/Union/54,,Mercyhurst,/reports/team/Mercyhurst/28,,,,,Saturday,2025-10-11_Mercyhurst_Union
2025-10-11,Non-Conference,,Miami,/reports/team/Miami/30,,RPI,/reports/team/RPI/48,,,,,Saturday,2025-10-11_RPI_Miami
2025-10-11,Non-Conference,,Lindenwood,/reports/team/Lindenwood/433,,Lake Superior,/reports/team/Lake-Superior/24,,,,,Saturday,2025-10-11_Lake Superior_Lindenwood
2025-10-11,Non-Conference,,Bentley,/reports/team/Bentley/8,,Denver,/reports/team/Denver/20,,,,,Saturday,2025-10-11_Denver_Bentley
2025-10-11,Non-Conference,,Holy Cross,/reports/team/Holy-Cross/23,,Maine,/reports/team/Maine/25,,,,,Saturday,2025-10-11_Maine_Holy Cross
2025-10-11,Atlantic Hockey,,Sacred Heart,/reports/team/Sacred-Heart/51,,RIT,/reports/team/RIT/49,,,,,Saturday,2025-10-11_RIT_Sacred Heart
2025-10-12,Non-Conference,"at Xcel Energy Center, St. Paul, Minn.",St Thomas,/reports/team/St-Thomas/63,,North Dakota,/reports/team/North-Dakota/40,,,,,Sunday,2025-10-12_North Dakota_St. Thomas
2025-10-12,Non-Conference,,Stonehill,/reports/team/Stonehill/422,,Army,/reports/team/Army/6,,,,,Sunday,2025-10-12_Army_Stonehill
2025-10-12,Non-Conference,,Vermont,/reports/team/Vermont/55,,St Lawrence,/reports/team/St-Lawrence/53,,,,,Sunday,2025-10-12_St. Lawrence_Vermont
2025-10-14,Atlantic Hockey,,Canisius,/reports/team/Canisius/13,,Army,/reports/team/Army/6,,,,,Tuesday,2025-10-14_Army_Canisius
2025-10-16,Non-Conference,,Robert Morris,/reports/team/Robert-Morris/50,,Michigan,/reports/team/Michigan/31,,,,,Thursday,2025-10-16_Michigan_Robert Morris
2025-10-16,Non-Conference,,St Lawrence,/reports/team/St-Lawrence/53,,Notre Dame,/reports/team/Notre-Dame/43,,,,,Thursday,2025-10-16_Notre Dame_St. Lawrence
2025-10-16,Non-Conference,,Minnesota State,/reports/team/Minnesota-State/35,,Wisconsin,/reports/team/Wisconsin/58,,,,,Thursday,2025-10-16_Wisconsin_Minnesota State
2025-10-17,Hockey East,,Northeastern,/reports/team/Northeastern/41,,Massachusetts,/reports/team/Massachusetts/27,,,,,Friday,2025-10-17_Massachusetts_Northeastern
2025-10-17,Non-Conference,,St Thomas,/reports/team/St-Thomas/63,,Air Force,/reports/team/Air-Force/1,,,,,Friday,2025-10-17_Air Force_St. Thomas
2025-10-17,Non-Conference,,Michigan State,/reports/team/Michigan-State/32,,Boston University,/reports/team/Boston-University/10,,,,,Friday,2025-10-17_Boston University_Michigan State
2025-10-17,Non-Conference,,Canisius,/reports/team/Canisius/13,,Colgate,/reports/team/Colgate/15,,,,,Friday,2025-10-17_Colgate_Canisius
2025-10-17,Non-Conference,,Ohio State,/reports/team/Ohio-State/44,,Connecticut,/reports/team/Connecticut/17,,,,,Friday,2025-10-17_Connecticut_Ohio State
2025-10-17,Non-Conference,,Western Michigan,/reports/team/Western-Michigan/57,,Mass Lowell,/reports/team/Mass-Lowell/26,,,,,Friday,2025-10-17_Mass.-Lowell_Western Michigan
2025-10-17,Non-Conference,,Robert Morris,/reports/team/Robert-Morris/50,,Michigan,/reports/team/Michigan/31,,,,,Friday,2025-10-17_Michigan_Robert Morris
2025-10-17,Non-Conference,,Minnesota,/reports/team/Minnesota/34,,North Dakota,/reports/team/North-Dakota/40,,,,,Friday,2025-10-17_North Dakota_Minnesota
2025-10-17,Non-Conference,,St Lawrence,/reports/team/St-Lawrence/53,,Notre Dame,/reports/team/Notre-Dame/43,,,,,Friday,2025-10-17_Notre Dame_St. Lawrence
2025-10-17,Non-Conference,,Maine,/reports/team/Maine/25,,Quinnipiac,/reports/team/Quinnipiac/47,,,,,Friday,2025-10-17_Quinnipiac_Maine
2025-10-17,Non-Conference,,Vermont,/reports/team/Vermont/55,,St Cloud State,/reports/team/St-Cloud-State/52,,,,,Friday,2025-10-17_St. Cloud State_Vermont
2025-10-17,Non-Conference,,Minnesota State,/reports/team/Minnesota-State/35,,Wisconsin,/reports/team/Wisconsin/58,,,,,Friday,2025-10-17_Wisconsin_Minnesota State
2025-10-17,Non-Conference,,Long Island,/reports/team/Long-Island/62,,Penn State,/reports/team/Penn-State/60,,,,,Friday,2025-10-17_Penn State_Long Island
2025-10-17,Non-Conference,,Boston College,/reports/team/Boston-College/9,,RPI,/reports/team/RPI/48,,,,,Friday,2025-10-17_RPI_Boston College
2025-10-17,Non-Conference,,Michigan Tech,/reports/team/Michigan-Tech/33,,Alaska,/reports/team/Alaska/4,,,,,Friday,2025-10-17_Alaska_Michigan Tech
2025-10-17,Non-Conference,,Colorado College,/reports/team/Colorado-College/16,,Northern Michigan,/reports/team/Northern-Michigan/42,,,,,Friday,2025-10-17_Northern Michigan_Colorado College
2025-10-17,Non-Conference,,Arizona State,/reports/team/Arizona-State/61,,Augustana,/reports/team/Augustana/64,,,,,Friday,2025-10-17_Augustana_Arizona State
2025-10-17,Non-Conference,,Minnesota Duluth,/reports/team/Minnesota-Duluth/36,,Bemidji State,/reports/team/Bemidji-State/7,,,,,Friday,2025-10-17_Bemidji State_Minnesota-Duluth
2025-10-17,Non-Conference,,Denver,/reports/team/Denver/20,,Lindenwood,/reports/team/Lindenwood/433,,,,,Friday,2025-10-17_Lindenwood_Denver
2025-10-17,Non-Conference,,Niagara,/reports/team/Niagara/39,,Union,/reports/team/Union/54,,,,,Friday,2025-10-17_Union_Niagara
2025-10-17,Exhibition,,Simon Fraser,,,Ferris State,/reports/team/Ferris-State/21,,,,,Friday,2025-10-17_Ferris State_Simon Fraser
2025-10-17,Exhibition,,Univerzitni,,,Cornell,/reports/team/Cornell/18,,,,,Friday,2025-10-17_Cornell_Univerzitni
2025-10-17,Exhibition,,Lake Superior,/reports/team/Lake-Superior/24,,US Under 18,,,,,,Friday,2025-10-17_US Under-18_Lake Superior
2025-10-17,Exhibition,,Windsor,,,Bowling Green,/reports/team/Bowling-Green/11,,,,,Friday,2025-10-17_Bowling Green_Windsor
2025-10-18,Hockey East,,New Hampshire,/reports/team/New-Hampshire/38,,Merrimack,/reports/team/Merrimack/29,,,,,Saturday,2025-10-18_Merrimack_New Hampshire
2025-10-18,Non-Conference,,St Thomas,/reports/team/St-Thomas/63,,Air Force,/reports/team/Air-Force/1,,,,,Saturday,2025-10-18_Air Force_St. Thomas
2025-10-18,Non-Conference,,Michigan State,/reports/team/Michigan-State/32,,Boston University,/reports/team/Boston-University/10,,,,,Saturday,2025-10-18_Boston University_Michigan State
2025-10-18,Non-Conference,,RIT,/reports/team/RIT/49,,Clarkson,/reports/team/Clarkson/14,,,,,Saturday,2025-10-18_Clarkson_RIT
2025-10-18,Non-Conference,,Canisius,/reports/team/Canisius/13,,Colgate,/reports/team/Colgate/15,,,,,Saturday,2025-10-18_Colgate_Canisius
2025-10-18,Non-Conference,,Ohio State,/reports/team/Ohio-State/44,,Connecticut,/reports/team/Connecticut/17,,,,,Saturday,2025-10-18_Connecticut_Ohio State
2025-10-18,Non-Conference,,Bentley,/reports/team/Bentley/8,,Massachusetts,/reports/team/Massachusetts/27,,,,,Saturday,2025-10-18_Massachusetts_Bentley
2025-10-18,Non-Conference,,Bemidji State,/reports/team/Bemidji-State/7,,Minnesota Duluth,/reports/team/Minnesota-Duluth/36,,,,,Saturday,2025-10-18_Minnesota-Duluth_Bemidji State
2025-10-18,Non-Conference,,Minnesota,/reports/team/Minnesota/34,,North Dakota,/reports/team/North-Dakota/40,,,,,Saturday,2025-10-18_North Dakota_Minnesota
2025-10-18,Non-Conference,,Maine,/reports/team/Maine/25,,Quinnipiac,/reports/team/Quinnipiac/47,,,,,Saturday,2025-10-18_Quinnipiac_Maine
2025-10-18,Non-Conference,,Clarkson,/reports/team/Clarkson/14,,RIT,/reports/team/RIT/49,,,,,Saturday,2025-10-18_RIT_Clarkson
2025-10-18,Non-Conference,,Vermont,/reports/team/Vermont/55,,St Cloud State,/reports/team/St-Cloud-State/52,,,,,Saturday,2025-10-18_St. Cloud State_Vermont
2025-10-18,Non-Conference,,Long Island,/reports/team/Long-Island/62,,Penn State,/reports/team/Penn-State/60,,,,,Saturday,2025-10-18_Penn State_Long Island
2025-10-18,Non-Conference,,Providence,/reports/team/Providence/46,,RPI,/reports/team/RPI/48,,,,,Saturday,2025-10-18_RPI_Providence
2025-10-18,Non-Conference,,Stonehill,/reports/team/Stonehill/422,,Sacred Heart,/reports/team/Sacred-Heart/51,,,,,Saturday,2025-10-18_Sacred Heart_Stonehill
2025-10-18,Non-Conference,,Western Michigan,/reports/team/Western-Michigan/57,,Mass Lowell,/reports/team/Mass-Lowell/26,,,,,Saturday,2025-10-18_Mass.-Lowell_Western Michigan
2025-10-18,Non-Conference,,Colorado College,/reports/team/Colorado-College/16,,Northern Michigan,/reports/team/Northern-Michigan/42,,,,,Saturday,2025-10-18_Northern Michigan_Colorado College
2025-10-18,Non-Conference,,Arizona State,/reports/team/Arizona-State/61,,Augustana,/reports/team/Augustana/64,,,,,Saturday,2025-10-18_Augustana_Arizona State
2025-10-18,Non-Conference,,Michigan Tech,/reports/team/Michigan-Tech/33,,Alaska,/reports/team/Alaska/4,,,,,Saturday,2025-10-18_Alaska_Michigan Tech
2025-10-18,Non-Conference,,Denver,/reports/team/Denver/20,,Lindenwood,/reports/team/Lindenwood/433,,,,,Saturday,2025-10-18_Lindenwood_Denver
2025-10-18,Non-Conference,,Niagara,/reports/team/Niagara/39,,Union,/reports/team/Union/54,,,,,Saturday,2025-10-18_Union_Niagara
2025-10-18,Exhibition,,US Under 18,,,Ferris State,/reports/team/Ferris-State/21,,,,,Saturday,2025-10-18_Ferris State_US Under-18
2025-10-18,Exhibition,,Harvard,/reports/team/Harvard/22,,Northeastern,/reports/team/Northeastern/41,,,,,Saturday,2025-10-18_Northeastern_Harvard
2025-10-18,Exhibition,,Simon Fraser,,,Lake Superior,/reports/team/Lake-Superior/24,,,,,Saturday,2025-10-18_Lake Superior_Simon Fraser
2025-10-18,Atlantic Hockey,,Holy Cross,/reports/team/Holy-Cross/23,,Mercyhurst,/reports/team/Mercyhurst/28,,,,,Saturday,2025-10-18_Mercyhurst_Holy Cross
2025-10-21,Non-Conference,,Quinnipiac,/reports/team/Quinnipiac/47,,Holy Cross,/reports/team/Holy-Cross/23,,,,,Tuesday,2025-10-21_Holy Cross_Quinnipiac
2025-10-23,Non-Conference,,Western Michigan,/reports/team/Western-Michigan/57,,Michigan,/reports/team/Michigan/31,,,,,Thursday,2025-10-23_Michigan_Western Michigan
2025-10-24,Atlantic Hockey,,Holy Cross,/reports/team/Holy-Cross/23,,Army,/reports/team/Army/6,,,,,Friday,2025-10-24_Army_Holy Cross
2025-10-24,Atlantic Hockey,,Canisius,/reports/team/Canisius/13,,Bentley,/reports/team/Bentley/8,,,,,Friday,2025-10-24_Bentley_Canisius
2025-10-24,Atlantic Hockey,,Air Force,/reports/team/Air-Force/1,,RIT,/reports/team/RIT/49,,,,,Friday,2025-10-24_RIT_Air Force
2025-10-24,Hockey East,,Connecticut,/reports/team/Connecticut/17,,Boston University,/reports/team/Boston-University/10,,,,,Friday,2025-10-24_Boston University_Connecticut
2025-10-24,Non-Conference,,Quinnipiac,/reports/team/Quinnipiac/47,,Merrimack,/reports/team/Merrimack/29,,,,,Friday,2025-10-24_Merrimack_Quinnipiac
2025-10-24,Non-Conference,,Minnesota Duluth,/reports/team/Minnesota-Duluth/36,,Minnesota,/reports/team/Minnesota/34,,,,,Friday,2025-10-24_Minnesota_Minnesota-Duluth
2025-10-24,Non-Conference,,Massachusetts,/reports/team/Massachusetts/27,,Omaha,/reports/team/Omaha/37,,,,,Friday,2025-10-24_Omaha_Massachusetts
2025-10-24,Non-Conference,,Robert Morris,/reports/team/Robert-Morris/50,,Notre Dame,/reports/team/Notre-Dame/43,,,,,Friday,2025-10-24_Notre Dame_Robert Morris
2025-10-24,Non-Conference,,Sacred Heart,/reports/team/Sacred-Heart/51,,Ohio State,/reports/team/Ohio-State/44,,,,,Friday,2025-10-24_Ohio State_Sacred Heart
2025-10-24,Non-Conference,,Alaska Anchorage,/reports/team/Alaska-Anchorage/3,,St Cloud State,/reports/team/St-Cloud-State/52,,,,,Friday,2025-10-24_St. Cloud State_Alaska-Anchorage
2025-10-24,Non-Conference,,Michigan,/reports/team/Michigan/31,,Western Michigan,/reports/team/Western-Michigan/57,,,,,Friday,2025-10-24_Western Michigan_Michigan
2025-10-24,Non-Conference,,Alaska,/reports/team/Alaska/4,,Wisconsin,/reports/team/Wisconsin/58,,,,,Friday,2025-10-24_Wisconsin_Alaska
2025-10-24,Non-Conference,,Stonehill,/reports/team/Stonehill/422,,Penn State,/reports/team/Penn-State/60,,,,,Friday,2025-10-24_Penn State_Stonehill
2025-10-24,Non-Conference,,Providence,/reports/team/Providence/46,,St Thomas,/reports/team/St-Thomas/63,,,,,Friday,2025-10-24_St. Thomas_Providence
2025-10-24,Non-Conference,,Denver,/reports/team/Denver/20,,Boston College,/reports/team/Boston-College/9,,,,,Friday,2025-10-24_Boston College_Denver
2025-10-24,Non-Conference,,North Dakota,/reports/team/North-Dakota/40,,Clarkson,/reports/team/Clarkson/14,,,,,Friday,2025-10-24_Clarkson_North Dakota
2025-10-24,Non-Conference,,Colgate,/reports/team/Colgate/15,,Maine,/reports/team/Maine/25,,,,,Friday,2025-10-24_Maine_Colgate
2025-10-24,Non-Conference,,Mass Lowell,/reports/team/Mass-Lowell/26,,Mercyhurst,/reports/team/Mercyhurst/28,,,,,Friday,2025-10-24_Mercyhurst_Mass.-Lowell
2025-10-24,Non-Conference,,Long Island,/reports/team/Long-Island/62,,New Hampshire,/reports/team/New-Hampshire/38,,,,,Friday,2025-10-24_New Hampshire_Long Island
2025-10-24,Non-Conference,,RPI,/reports/team/RPI/48,,Minnesota State,/reports/team/Minnesota-State/35,,,,,Friday,2025-10-24_Minnesota State_RPI
2025-10-24,Non-Conference,,Michigan State,/reports/team/Michigan-State/32,,Northern Michigan,/reports/team/Northern-Michigan/42,,,,,Friday,2025-10-24_Northern Michigan_Michigan State
2025-10-24,Non-Conference,,Miami,/reports/team/Miami/30,,Lindenwood,/reports/team/Lindenwood/433,,,,,Friday,2025-10-24_Lindenwood_Miami
2025-10-24,Exhibition,,US Under 18,,,Niagara,/reports/team/Niagara/39,,,,,Friday,2025-10-24_Niagara_US Under-18
2025-10-24,CCHA,,Bowling Green,/reports/team/Bowling-Green/11,,Lake Superior,/reports/team/Lake-Superior/24,,,,,Friday,2025-10-24_Lake Superior_Bowling Green
2025-10-24,CCHA,,Ferris State,/reports/team/Ferris-State/21,,Michigan Tech,/reports/team/Michigan-Tech/33,,,,,Friday,2025-10-24_Michigan Tech_Ferris State
2025-10-24,CCHA,,Augustana,/reports/team/Augustana/64,,Bemidji State,/reports/team/Bemidji-State/7,,,,,Friday,2025-10-24_Bemidji State_Augustana
2025-10-25,Atlantic Hockey,,Holy Cross,/reports/team/Holy-Cross/23,,Army,/reports/team/Army/6,,,,,Saturday,2025-10-25_Army_Holy Cross
2025-10-25,Atlantic Hockey,,Canisius,/reports/team/Canisius/13,,Bentley,/reports/team/Bentley/8,,,,,Saturday,2025-10-25_Bentley_Canisius
2025-10-25,Atlantic Hockey,,Air Force,/reports/team/Air-Force/1,,RIT,/reports/team/RIT/49,,,,,Saturday,2025-10-25_RIT_Air Force
2025-10-25,Hockey East,,Boston University,/reports/team/Boston-University/10,,Connecticut,/reports/team/Connecticut/17,,,,,Saturday,2025-10-25_Connecticut_Boston University
2025-10-25,Non-Conference,,Long Island,/reports/team/Long-Island/62,,Merrimack,/reports/team/Merrimack/29,,,,,Saturday,2025-10-25_Merrimack_Long Island
2025-10-25,Non-Conference,,Minnesota Duluth,/reports/team/Minnesota-Duluth/36,,Minnesota,/reports/team/Minnesota/34,,,,,Saturday,2025-10-25_Minnesota_Minnesota-Duluth
2025-10-25,Non-Conference,,Massachusetts,/reports/team/Massachusetts/27,,Omaha,/reports/team/Omaha/37,,,,,Saturday,2025-10-25_Omaha_Massachusetts
2025-10-25,Non-Conference,,Denver,/reports/team/Denver/20,,Northeastern,/reports/team/Northeastern/41,,,,,Saturday,2025-10-25_Northeastern_Denver
2025-10-25,Non-Conference,,Robert Morris,/reports/team/Robert-Morris/50,,Notre Dame,/reports/team/Notre-Dame/43,,,,,Saturday,2025-10-25_Notre Dame_Robert Morris
2025-10-25,Non-Conference,,Sacred Heart,/reports/team/Sacred-Heart/51,,Ohio State,/reports/team/Ohio-State/44,,,,,Saturday,2025-10-25_Ohio State_Sacred Heart
2025-10-25,Non-Conference,,Alaska Anchorage,/reports/team/Alaska-Anchorage/3,,St Cloud State,/reports/team/St-Cloud-State/52,,,,,Saturday,2025-10-25_St. Cloud State_Alaska-Anchorage
2025-10-25,Non-Conference,,Alaska,/reports/team/Alaska/4,,Wisconsin,/reports/team/Wisconsin/58,,,,,Saturday,2025-10-25_Wisconsin_Alaska
2025-10-25,Non-Conference,,Stonehill,/reports/team/Stonehill/422,,Penn State,/reports/team/Penn-State/60,,,,,Saturday,2025-10-25_Penn State_Stonehill
2025-10-25,Non-Conference,,Providence,/reports/team/Providence/46,,St Thomas,/reports/team/St-Thomas/63,,,,,Saturday,2025-10-25_St. Thomas_Providence
2025-10-25,Non-Conference,,Mass Lowell,/reports/team/Mass-Lowell/26,,Mercyhurst,/reports/team/Mercyhurst/28,,,,,Saturday,2025-10-25_Mercyhurst_Mass.-Lowell
2025-10-25,Non-Conference,,RPI,/reports/team/RPI/48,,Minnesota State,/reports/team/Minnesota-State/35,,,,,Saturday,2025-10-25_Minnesota State_RPI
2025-10-25,Non-Conference,,Michigan State,/reports/team/Michigan-State/32,,Northern Michigan,/reports/team/Northern-Michigan/42,,,,,Saturday,2025-10-25_Northern Michigan_Michigan State
2025-10-25,Non-Conference,,North Dakota,/reports/team/North-Dakota/40,,Clarkson,/reports/team/Clarkson/14,,,,,Saturday,2025-10-25_Clarkson_North Dakota
2025-10-25,Non-Conference,,Colgate,/reports/team/Colgate/15,,Maine,/reports/team/Maine/25,,,,,Saturday,2025-10-25_Maine_Colgate
2025-10-25,Non-Conference,,Quinnipiac,/reports/team/Quinnipiac/47,,New Hampshire,/reports/team/New-Hampshire/38,,,,,Saturday,2025-10-25_New Hampshire_Quinnipiac
2025-10-25,Non-Conference,,Miami,/reports/team/Miami/30,,Lindenwood,/reports/team/Lindenwood/433,,,,,Saturday,2025-10-25_Lindenwood_Miami
2025-10-25,CCHA,,Bowling Green,/reports/team/Bowling-Green/11,,Lake Superior,/reports/team/Lake-Superior/24,,,,,Saturday,2025-10-25_Lake Superior_Bowling Green
2025-10-25,CCHA,,Ferris State,/reports/team/Ferris-State/21,,Michigan Tech,/reports/team/Michigan-Tech/33,,,,,Saturday,2025-10-25_Michigan Tech_Ferris State
2025-10-25,CCHA,,Augustana,/reports/team/Augustana/64,,Bemidji State,/reports/team/Bemidji-State/7,,,,,Saturday,2025-10-25_Bemidji State_Augustana
2025-10-25,Exhibition,,US Under 18,,,Cornell,/reports/team/Cornell/18,,,,,Saturday,2025-10-25_Cornell_US Under-18
2025-10-25,Exhibition,,Simon Fraser,,,Princeton,/reports/team/Princeton/45,,,,,Saturday,2025-10-25_Princeton_Simon Fraser
2025-10-25,Exhibition,,Toronto,,,St Lawrence,/reports/team/St-Lawrence/53,,,,,Saturday,2025-10-25_St. Lawrence_Toronto
2025-10-26,Exhibition,,Norwich,,,Dartmouth,/reports/team/Dartmouth/19,,,,,Sunday,2025-10-26_Dartmouth_Norwich
2025-10-27,Exhibition,,Simon Fraser,,,Long Island,/reports/team/Long-Island/62,,,,,Monday,2025-10-27_Long Island_Simon Fraser
2025-10-30,Atlantic Hockey,,Sacred Heart,/reports/team/Sacred-Heart/51,,Holy Cross,/reports/team/Holy-Cross/23,,,,,Thursday,2025-10-30_Holy Cross_Sacred Heart
2025-10-30,Hockey East,,Northeastern,/reports/team/Northeastern/41,,Boston College,/reports/team/Boston-College/9,,,,,Thursday,2025-10-30_Boston College_Northeastern
2025-10-30,Exhibition,,Maryville,,,Long Island,/reports/team/Long-Island/62,,,,,Thursday,2025-10-30_Long Island_Maryville
2025-10-31,Atlantic Hockey,,Sacred Heart,/reports/team/Sacred-Heart/51,,Holy Cross,/reports/team/Holy-Cross/23,,,,,Friday,2025-10-31_Holy Cross_Sacred Heart
2025-10-31,Atlantic Hockey,,Bentley,/reports/team/Bentley/8,,Mercyhurst,/reports/team/Mercyhurst/28,,,,,Friday,2025-10-31_Mercyhurst_Bentley
2025-10-31,Atlantic Hockey,,Niagara,/reports/team/Niagara/39,,Robert Morris,/reports/team/Robert-Morris/50,,,,,Friday,2025-10-31_Robert Morris_Niagara
2025-10-31,CCHA,,Minnesota State,/reports/team/Minnesota-State/35,,St Thomas,/reports/team/St-Thomas/63,,,,,Friday,2025-10-31_St. Thomas_Minnesota State
2025-10-31,CCHA,,Bemidji State,/reports/team/Bemidji-State/7,,Bowling Green,/reports/team/Bowling-Green/11,,,,,Friday,2025-10-31_Bowling Green_Bemidji State
2025-10-31,CCHA,,Northern Michigan,/reports/team/Northern-Michigan/42,,Augustana,/reports/team/Augustana/64,,,,,Friday,2025-10-31_Augustana_Northern Michigan
2025-10-31,Hockey East,,Boston College,/reports/team/Boston-College/9,,Northeastern,/reports/team/Northeastern/41,,,,,Friday,2025-10-31_Northeastern_Boston College
2025-10-31,Hockey East,,Mass Lowell,/reports/team/Mass-Lowell/26,,Providence,/reports/team/Providence/46,,,,,Friday,2025-10-31_Providence_Mass.-Lowell
2025-10-31,Hockey East,,Boston University,/reports/team/Boston-University/10,,Maine,/reports/team/Maine/25,,,,,Friday,2025-10-31_Maine_Boston University
2025-10-31,Hockey East,,Vermont,/reports/team/Vermont/55,,New Hampshire,/reports/team/New-Hampshire/38,,,,,Friday,2025-10-31_New Hampshire_Vermont
2025-10-31,NCHC,,Omaha,/reports/team/Omaha/37,,Colorado College,/reports/team/Colorado-College/16,,,,,Friday,2025-10-31_Colorado College_Omaha
2025-10-31,NCHC,,Arizona State,/reports/team/Arizona-State/61,,Miami,/reports/team/Miami/30,,,,,Friday,2025-10-31_Miami_Arizona State
2025-10-31,NCHC,,Minnesota Duluth,/reports/team/Minnesota-Duluth/36,,North Dakota,/reports/team/North-Dakota/40,,,,,Friday,2025-10-31_North Dakota_Minnesota-Duluth
2025-10-31,NCHC,,Western Michigan,/reports/team/Western-Michigan/57,,St Cloud State,/reports/team/St-Cloud-State/52,,,,,Friday,2025-10-31_St. Cloud State_Western Michigan
2025-10-31,Non-Conference,,Brown,/reports/team/Brown/12,,Air Force,/reports/team/Air-Force/1,,,,,Friday,2025-10-31_Air Force_Brown
2025-10-31,Non-Conference,,RIT,/reports/team/RIT/49,,Colgate,/reports/team/Colgate/15,,,,,Friday,2025-10-31_Colgate_RIT
2025-10-31,Non-Conference,,Harvard,/reports/team/Harvard/22,,Connecticut,/reports/team/Connecticut/17,,,,,Friday,2025-10-31_Connecticut_Harvard
2025-10-31,Non-Conference,,Lindenwood,/reports/team/Lindenwood/433,,Ferris State,/reports/team/Ferris-State/21,,,,,Friday,2025-10-31_Ferris State_Lindenwood
2025-10-31,Non-Conference,,Michigan Tech,/reports/team/Michigan-Tech/33,,Clarkson,/reports/team/Clarkson/14,,,,,Friday,2025-10-31_Clarkson_Michigan Tech
2025-10-31,Non-Conference,,Alaska Anchorage,/reports/team/Alaska-Anchorage/3,,Denver,/reports/team/Denver/20,,,,,Friday,2025-10-31_Denver_Alaska-Anchorage
2025-10-31,Non-Conference,,Cornell,/reports/team/Cornell/18,,Massachusetts,/reports/team/Massachusetts/27,,,,,Friday,2025-10-31_Massachusetts_Cornell
2025-10-31,Non-Conference,,Alaska,/reports/team/Alaska/4,,Princeton,/reports/team/Princeton/45,,,,,Friday,2025-10-31_Princeton_Alaska
2025-10-31,Non-Conference,,Lake Superior,/reports/team/Lake-Superior/24,,St Lawrence,/reports/team/St-Lawrence/53,,,,,Friday,2025-10-31_St. Lawrence_Lake Superior
2025-10-31,ECAC,,RPI,/reports/team/RPI/48,,Union,/reports/team/Union/54,,,,,Friday,2025-10-31_Union_RPI
2025-10-31,Exhibition,,Maryville,,,Long Island,/reports/team/Long-Island/62,,,,,Friday,2025-10-31_Long Island_Maryville
2025-11-01,Atlantic Hockey,,Army,/reports/team/Army/6,,Canisius,/reports/team/Canisius/13,,,,,Saturday,2025-11-01_Canisius_Army
2025-11-01,Atlantic Hockey,,Robert Morris,/reports/team/Robert-Morris/50,,Niagara,/reports/team/Niagara/39,,,,,Saturday,2025-11-01_Niagara_Robert Morris
2025-11-01,Atlantic Hockey,,Bentley,/reports/team/Bentley/8,,Mercyhurst,/reports/team/Mercyhurst/28,,,,,Saturday,2025-11-01_Mercyhurst_Bentley
2025-11-01,Hockey East,,Merrimack,/reports/team/Merrimack/29,,Connecticut,/reports/team/Connecticut/17,,,,,Saturday,2025-11-01_Connecticut_Merrimack
2025-11-01,Hockey East,,Providence,/reports/team/Providence/46,,Mass Lowell,/reports/team/Mass-Lowell/26,,,,,Saturday,2025-11-01_Mass.-Lowell_Providence
2025-11-01,Hockey East,,Vermont,/reports/team/Vermont/55,,New Hampshire,/reports/team/New-Hampshire/38,,,,,Saturday,2025-11-01_New Hampshire_Vermont
2025-11-01,Hockey East,,Boston University,/reports/team/Boston-University/10,,Maine,/reports/team/Maine/25,,,,,Saturday,2025-11-01_Maine_Boston University
2025-11-01,NCHC,,Omaha,/reports/team/Omaha/37,,Colorado College,/reports/team/Colorado-College/16,,,,,Saturday,2025-11-01_Colorado College_Omaha
2025-11-01,NCHC,,Arizona State,/reports/team/Arizona-State/61,,Miami,/reports/team/Miami/30,,,,,Saturday,2025-11-01_Miami_Arizona State
2025-11-01,NCHC,,Minnesota Duluth,/reports/team/Minnesota-Duluth/36,,North Dakota,/reports/team/North-Dakota/40,,,,,Saturday,2025-11-01_North Dakota_Minnesota-Duluth
2025-11-01,NCHC,,Western Michigan,/reports/team/Western-Michigan/57,,St Cloud State,/reports/team/St-Cloud-State/52,,,,,Saturday,2025-11-01_St. Cloud State_Western Michigan
2025-11-01,Non-Conference,,Brown,/reports/team/Brown/12,,Air Force,/reports/team/Air-Force/1,,,,,Saturday,2025-11-01_Air Force_Brown
2025-11-01,Non-Conference,,RIT,/reports/team/RIT/49,,Colgate,/reports/team/Colgate/15,,,,,Saturday,2025-11-01_Colgate_RIT
2025-11-01,Non-Conference,,Lindenwood,/reports/team/Lindenwood/433,,Ferris State,/reports/team/Ferris-State/21,,,,,Saturday,2025-11-01_Ferris State_Lindenwood
2025-11-01,Non-Conference,,Alaska Anchorage,/reports/team/Alaska-Anchorage/3,,Denver,/reports/team/Denver/20,,,,,Saturday,2025-11-01_Denver_Alaska-Anchorage
2025-11-01,Non-Conference,,Lake Superior,/reports/team/Lake-Superior/24,,Clarkson,/reports/team/Clarkson/14,,,,,Saturday,2025-11-01_Clarkson_Lake Superior
2025-11-01,Non-Conference,,Cornell,/reports/team/Cornell/18,,Massachusetts,/reports/team/Massachusetts/27,,,,,Saturday,2025-11-01_Massachusetts_Cornell
2025-11-01,Non-Conference,,Dartmouth,/reports/team/Dartmouth/19,,Stonehill,/reports/team/Stonehill/422,,,,,Saturday,2025-11-01_Stonehill_Dartmouth
2025-11-01,Non-Conference,,Alaska,/reports/team/Alaska/4,,Princeton,/reports/team/Princeton/45,,,,,Saturday,2025-11-01_Princeton_Alaska
2025-11-01,Non-Conference,,Michigan Tech,/reports/team/Michigan-Tech/33,,St Lawrence,/reports/team/St-Lawrence/53,,,,,Saturday,2025-11-01_St. Lawrence_Michigan Tech
2025-11-01,ECAC,,Union,/reports/team/Union/54,,RPI,/reports/team/RPI/48,,,,,Saturday,2025-11-01_RPI_Union
2025-11-01,CCHA,,St Thomas,/reports/team/St-Thomas/63,,Minnesota State,/reports/team/Minnesota-State/35,,,,,Saturday,2025-11-01_Minnesota State_St. Thomas
2025-11-01,CCHA,,Northern Michigan,/reports/team/Northern-Michigan/42,,Augustana,/reports/team/Augustana/64,,,,,Saturday,2025-11-01_Augustana_Northern Michigan
2025-11-01,CCHA,,Bemidji State,/reports/team/Bemidji-State/7,,Bowling Green,/reports/team/Bowling-Green/11,,,,,Saturday,2025-11-01_Bowling Green_Bemidji State
2025-11-02,ECAC,,Yale,/reports/team/Yale/59,,Dartmouth,/reports/team/Dartmouth/19,,,,,Sunday,2025-11-02_Dartmouth_Yale
2025-11-04,Non-Conference,,Alaska,/reports/team/Alaska/4,,Quinnipiac,/reports/team/Quinnipiac/47,,,,,Tuesday,2025-11-04_Quinnipiac_Alaska
2025-11-04,Non-Conference,,Stonehill,/reports/team/Stonehill/422,,Harvard,/reports/team/Harvard/22,,,,,Tuesday,2025-11-04_Harvard_Stonehill
2025-11-06,Hockey East,,Maine,/reports/team/Maine/25,,Massachusetts,/reports/team/Massachusetts/27,,,,,Thursday,2025-11-06_Massachusetts_Maine
2025-11-07,Atlantic Hockey,,Niagara,/reports/team/Niagara/39,,Holy Cross,/reports/team/Holy-Cross/23,,,,,Friday,2025-11-07_Holy Cross_Niagara
2025-11-07,Atlantic Hockey,,Army,/reports/team/Army/6,,Bentley,/reports/team/Bentley/8,,,,,Friday,2025-11-07_Bentley_Army
2025-11-07,Atlantic Hockey,,Air Force,/reports/team/Air-Force/1,,Sacred Heart,/reports/team/Sacred-Heart/51,,,,,Friday,2025-11-07_Sacred Heart_Air Force
2025-11-07,Atlantic Hockey,,Mercyhurst,/reports/team/Mercyhurst/28,,RIT,/reports/team/RIT/49,,,,,Friday,2025-11-07_RIT_Mercyhurst
2025-11-07,CCHA,,Augustana,/reports/team/Augustana/64,,Ferris State,/reports/team/Ferris-State/21,,,,,Friday,2025-11-07_Ferris State_Augustana
2025-11-07,CCHA,,Northern Michigan,/reports/team/Northern-Michigan/42,,Michigan Tech,/reports/team/Michigan-Tech/33,,,,,Friday,2025-11-07_Michigan Tech_Northern Michigan
2025-11-07,CCHA,,Bowling Green,/reports/team/Bowling-Green/11,,Minnesota State,/reports/team/Minnesota-State/35,,,,,Friday,2025-11-07_Minnesota State_Bowling Green
2025-11-07,CCHA,,Lake Superior,/reports/team/Lake-Superior/24,,Bemidji State,/reports/team/Bemidji-State/7,,,,,Friday,2025-11-07_Bemidji State_Lake Superior
2025-11-07,ECAC,,Princeton,/reports/team/Princeton/45,,Brown,/reports/team/Brown/12,,,,,Friday,2025-11-07_Brown_Princeton
2025-11-07,ECAC,,Quinnipiac,/reports/team/Quinnipiac/47,,Yale,/reports/team/Yale/59,,,,,Friday,2025-11-07_Yale_Quinnipiac
2025-11-07,ECAC,,Colgate,/reports/team/Colgate/15,,Dartmouth,/reports/team/Dartmouth/19,,,,,Friday,2025-11-07_Dartmouth_Colgate
2025-11-07,ECAC,,Cornell,/reports/team/Cornell/18,,Harvard,/reports/team/Harvard/22,,,,,Friday,2025-11-07_Harvard_Cornell
2025-11-07,ECAC,,St Lawrence,/reports/team/St-Lawrence/53,,RPI,/reports/team/RPI/48,,,,,Friday,2025-11-07_RPI_St. Lawrence
2025-11-07,ECAC,,Clarkson,/reports/team/Clarkson/14,,Union,/reports/team/Union/54,,,,,Friday,2025-11-07_Union_Clarkson
2025-11-07,Hockey East,,Merrimack,/reports/team/Merrimack/29,,Boston University,/reports/team/Boston-University/10,,,,,Friday,2025-11-07_Boston University_Merrimack
2025-11-07,Hockey East,,Providence,/reports/team/Providence/46,,Connecticut,/reports/team/Connecticut/17,,,,,Friday,2025-11-07_Connecticut_Providence
2025-11-07,Hockey East,,Maine,/reports/team/Maine/25,,Massachusetts,/reports/team/Massachusetts/27,,,,,Friday,2025-11-07_Massachusetts_Maine
2025-11-07,Hockey East,,Boston College,/reports/team/Boston-College/9,,Vermont,/reports/team/Vermont/55,,,,,Friday,2025-11-07_Vermont_Boston College
2025-11-07,Hockey East,,New Hampshire,/reports/team/New-Hampshire/38,,Mass Lowell,/reports/team/Mass-Lowell/26,,,,,Friday,2025-11-07_Mass.-Lowell_New Hampshire
2025-11-07,NCHC,,St Cloud State,/reports/team/St-Cloud-State/52,,Minnesota Duluth,/reports/team/Minnesota-Duluth/36,,,,,Friday,2025-11-07_Minnesota-Duluth_St. Cloud State
2025-11-07,NCHC,,North Dakota,/reports/team/North-Dakota/40,,Omaha,/reports/team/Omaha/37,,,,,Friday,2025-11-07_Omaha_North Dakota
2025-11-07,NCHC,,Denver,/reports/team/Denver/20,,Western Michigan,/reports/team/Western-Michigan/57,,,,,Friday,2025-11-07_Western Michigan_Denver
2025-11-07,NCHC,,Colorado College,/reports/team/Colorado-College/16,,Arizona State,/reports/team/Arizona-State/61,,,,,Friday,2025-11-07_Arizona State_Colorado College
2025-11-07,Non-Conference,,Stonehill,/reports/team/Stonehill/422,,Northeastern,/reports/team/Northeastern/41,,,,,Friday,2025-11-07_Northeastern_Stonehill
2025-11-07,Non-Conference,,Long Island,/reports/team/Long-Island/62,,Robert Morris,/reports/team/Robert-Morris/50,,,,,Friday,2025-11-07_Robert Morris_Long Island
2025-11-08,Atlantic Hockey,,Niagara,/reports/team/Niagara/39,,Holy Cross,/reports/team/Holy-Cross/23,,,,,Saturday,2025-11-08_Holy Cross_Niagara
2025-11-08,Atlantic Hockey,,Air Force,/reports/team/Air-Force/1,,Sacred Heart,/reports/team/Sacred-Heart/51,,,,,Saturday,2025-11-08_Sacred Heart_Air Force
2025-11-08,Atlantic Hockey,,Mercyhurst,/reports/team/Mercyhurst/28,,RIT,/reports/team/RIT/49,,,,,Saturday,2025-11-08_RIT_Mercyhurst
2025-11-08,CCHA,,Augustana,/reports/team/Augustana/64,,Ferris State,/reports/team/Ferris-State/21,,,,,Saturday,2025-11-08_Ferris State_Augustana
2025-11-08,CCHA,,Bowling Green,/reports/team/Bowling-Green/11,,Minnesota State,/reports/team/Minnesota-State/35,,,,,Saturday,2025-11-08_Minnesota State_Bowling Green
2025-11-08,CCHA,,Michigan Tech,/reports/team/Michigan-Tech/33,,Northern Michigan,/reports/team/Northern-Michigan/42,,,,,Saturday,2025-11-08_Northern Michigan_Michigan Tech
2025-11-08,CCHA,,Lake Superior,/reports/team/Lake-Superior/24,,Bemidji State,/reports/team/Bemidji-State/7,,,,,Saturday,2025-11-08_Bemidji State_Lake Superior
2025-11-08,ECAC,,Quinnipiac,/reports/team/Quinnipiac/47,,Brown,/reports/team/Brown/12,,,,,Saturday,2025-11-08_Brown_Quinnipiac
2025-11-08,ECAC,,Princeton,/reports/team/Princeton/45,,Yale,/reports/team/Yale/59,,,,,Saturday,2025-11-08_Yale_Princeton
2025-11-08,ECAC,,Clarkson,/reports/team/Clarkson/14,,RPI,/reports/team/RPI/48,,,,,Saturday,2025-11-08_RPI_Clarkson
2025-11-08,ECAC,,Cornell,/reports/team/Cornell/18,,Dartmouth,/reports/team/Dartmouth/19,,,,,Saturday,2025-11-08_Dartmouth_Cornell
2025-11-08,ECAC,,Colgate,/reports/team/Colgate/15,,Harvard,/reports/team/Harvard/22,,,,,Saturday,2025-11-08_Harvard_Colgate
2025-11-08,ECAC,,St Lawrence,/reports/team/St-Lawrence/53,,Union,/reports/team/Union/54,,,,,Saturday,2025-11-08_Union_St. Lawrence
2025-11-08,Hockey East,,Boston University,/reports/team/Boston-University/10,,Merrimack,/reports/team/Merrimack/29,,,,,Saturday,2025-11-08_Merrimack_Boston University
2025-11-08,Hockey East,,Connecticut,/reports/team/Connecticut/17,,Providence,/reports/team/Providence/46,,,,,Saturday,2025-11-08_Providence_Connecticut
2025-11-08,Hockey East,,Mass Lowell,/reports/team/Mass-Lowell/26,,New Hampshire,/reports/team/New-Hampshire/38,,,,,Saturday,2025-11-08_New Hampshire_Mass.-Lowell
2025-11-08,Hockey East,,Boston College,/reports/team/Boston-College/9,,Vermont,/reports/team/Vermont/55,,,,,Saturday,2025-11-08_Vermont_Boston College
2025-11-08,NCHC,,St Cloud State,/reports/team/St-Cloud-State/52,,Minnesota Duluth,/reports/team/Minnesota-Duluth/36,,,,,Saturday,2025-11-08_Minnesota-Duluth_St. Cloud State
2025-11-08,NCHC,,North Dakota,/reports/team/North-Dakota/40,,Omaha,/reports/team/Omaha/37,,,,,Saturday,2025-11-08_Omaha_North Dakota
2025-11-08,NCHC,,Denver,/reports/team/Denver/20,,Western Michigan,/reports/team/Western-Michigan/57,,,,,Saturday,2025-11-08_Western Michigan_Denver
2025-11-08,NCHC,,Colorado College,/reports/team/Colorado-College/16,,Arizona State,/reports/team/Arizona-State/61,,,,,Saturday,2025-11-08_Arizona State_Colorado College
2025-11-08,Non-Conference,,Stonehill,/reports/team/Stonehill/422,,Northeastern,/reports/team/Northeastern/41,,,,,Saturday,2025-11-08_Northeastern_Stonehill
2025-11-08,Non-Conference,,Long Island,/reports/team/Long-Island/62,,Robert Morris,/reports/team/Robert-Morris/50,,,,,Saturday,2025-11-08_Robert Morris_Long Island
2025-11-08,Exhibition,,Simon Fraser,,,Alaska,/reports/team/Alaska/4,,,,,Saturday,2025-11-08_Alaska_Simon Fraser
2025-11-09,Atlantic Hockey,,Bentley,/reports/team/Bentley/8,,Army,/reports/team/Army/6,,,,,Sunday,2025-11-09_Army_Bentley
2025-11-11,Non-Conference,,St Cloud State,/reports/team/St-Cloud-State/52,,St Thomas,/reports/team/St-Thomas/63,,,,,Tuesday,2025-11-11_St. Thomas_St. Cloud State
2025-11-14,Atlantic Hockey,,Holy Cross,/reports/team/Holy-Cross/23,,Air Force,/reports/team/Air-Force/1,,,,,Friday,2025-11-14_Air Force_Holy Cross
2025-11-14,Atlantic Hockey,,Army,/reports/team/Army/6,,Niagara,/reports/team/Niagara/39,,,,,Friday,2025-11-14_Niagara_Army
2025-11-14,Atlantic Hockey,,RIT,/reports/team/RIT/49,,Robert Morris,/reports/team/Robert-Morris/50,,,,,Friday,2025-11-14_Robert Morris_RIT
2025-11-14,Atlantic Hockey,,Canisius,/reports/team/Canisius/13,,Sacred Heart,/reports/team/Sacred-Heart/51,,,,,Friday,2025-11-14_Sacred Heart_Canisius
2025-11-14,ECAC,,Yale,/reports/team/Yale/59,,Colgate,/reports/team/Colgate/15,,,,,Friday,2025-11-14_Colgate_Yale
2025-11-14,ECAC,,Harvard,/reports/team/Harvard/22,,Clarkson,/reports/team/Clarkson/14,,,,,Friday,2025-11-14_Clarkson_Harvard
2025-11-14,ECAC,,Brown,/reports/team/Brown/12,,Cornell,/reports/team/Cornell/18,,,,,Friday,2025-11-14_Cornell_Brown
2025-11-14,ECAC,,Dartmouth,/reports/team/Dartmouth/19,,St Lawrence,/reports/team/St-Lawrence/53,,,,,Friday,2025-11-14_St. Lawrence_Dartmouth
2025-11-14,Hockey East,,Northeastern,/reports/team/Northeastern/41,,Connecticut,/reports/team/Connecticut/17,,,,,Friday,2025-11-14_Connecticut_Northeastern
2025-11-14,Hockey East,,Merrimack,/reports/team/Merrimack/29,,Providence,/reports/team/Providence/46,,,,,Friday,2025-11-14_Providence_Merrimack
2025-11-14,Hockey East,,Massachusetts,/reports/team/Massachusetts/27,,Boston College,/reports/team/Boston-College/9,,,,,Friday,2025-11-14_Boston College_Massachusetts
2025-11-14,Hockey East,,Vermont,/reports/team/Vermont/55,,Maine,/reports/team/Maine/25,,,,,Friday,2025-11-14_Maine_Vermont
2025-11-14,NCHC,,Omaha,/reports/team/Omaha/37,,Minnesota Duluth,/reports/team/Minnesota-Duluth/36,,,,,Friday,2025-11-14_Minnesota-Duluth_Omaha
2025-11-14,NCHC,,Arizona State,/reports/team/Arizona-State/61,,North Dakota,/reports/team/North-Dakota/40,,,,,Friday,2025-11-14_North Dakota_Arizona State
2025-11-14,NCHC,,Miami,/reports/team/Miami/30,,Western Michigan,/reports/team/Western-Michigan/57,,,,,Friday,2025-11-14_Western Michigan_Miami
2025-11-14,NCHC,,Colorado College,/reports/team/Colorado-College/16,,Denver,/reports/team/Denver/20,,,,,Friday,2025-11-14_Denver_Colorado College
2025-11-14,Non-Conference,,Long Island,/reports/team/Long-Island/62,,Minnesota,/reports/team/Minnesota/34,,,,,Friday,2025-11-14_Minnesota_Long Island
2025-11-14,Non-Conference,,Alaska Anchorage,/reports/team/Alaska-Anchorage/3,,Bentley,/reports/team/Bentley/8,,,,,Friday,2025-11-14_Bentley_Alaska-Anchorage
2025-11-14,Non-Conference,,New Hampshire,/reports/team/New-Hampshire/38,,RPI,/reports/team/RPI/48,,,,,Friday,2025-11-14_RPI_New Hampshire
2025-11-14,Non-Conference,,Mass Lowell,/reports/team/Mass-Lowell/26,,Union,/reports/team/Union/54,,,,,Friday,2025-11-14_Union_Mass.-Lowell
2025-11-14,CCHA,,Ferris State,/reports/team/Ferris-State/21,,Bowling Green,/reports/team/Bowling-Green/11,,,,,Friday,2025-11-14_Bowling Green_Ferris State
2025-11-14,CCHA,,Minnesota State,/reports/team/Minnesota-State/35,,Lake Superior,/reports/team/Lake-Superior/24,,,,,Friday,2025-11-14_Lake Superior_Minnesota State
2025-11-14,CCHA,,Bemidji State,/reports/team/Bemidji-State/7,,Michigan Tech,/reports/team/Michigan-Tech/33,,,,,Friday,2025-11-14_Michigan Tech_Bemidji State
2025-11-14,Exhibition,,Grand Canyon,,,Lindenwood,/reports/team/Lindenwood/433,,,,,Friday,2025-11-14_Lindenwood_Grand Canyon
2025-11-15,Atlantic Hockey,,Holy Cross,/reports/team/Holy-Cross/23,,Air Force,/reports/team/Air-Force/1,,,,,Saturday,2025-11-15_Air Force_Holy Cross
2025-11-15,Atlantic Hockey,,Army,/reports/team/Army/6,,Niagara,/reports/team/Niagara/39,,,,,Saturday,2025-11-15_Niagara_Army
2025-11-15,Atlantic Hockey,,Canisius,/reports/team/Canisius/13,,Sacred Heart,/reports/team/Sacred-Heart/51,,,,,Saturday,2025-11-15_Sacred Heart_Canisius
2025-11-15,Atlantic Hockey,,RIT,/reports/team/RIT/49,,Robert Morris,/reports/team/Robert-Morris/50,,,,,Saturday,2025-11-15_Robert Morris_RIT
2025-11-15,CCHA,,St Thomas,/reports/team/St-Thomas/63,,Augustana,/reports/team/Augustana/64,,,,,Saturday,2025-11-15_Augustana_St. Thomas
2025-11-15,CCHA,,Minnesota State,/reports/team/Minnesota-State/35,,Lake Superior,/reports/team/Lake-Superior/24,,,,,Saturday,2025-11-15_Lake Superior_Minnesota State
2025-11-15,CCHA,,Bemidji State,/reports/team/Bemidji-State/7,,Michigan Tech,/reports/team/Michigan-Tech/33,,,,,Saturday,2025-11-15_Michigan Tech_Bemidji State
2025-11-15,CCHA,,Ferris State,/reports/team/Ferris-State/21,,Bowling Green,/reports/team/Bowling-Green/11,,,,,Saturday,2025-11-15_Bowling Green_Ferris State
2025-11-15,ECAC,,Brown,/reports/team/Brown/12,,Colgate,/reports/team/Colgate/15,,,,,Saturday,2025-11-15_Colgate_Brown
2025-11-15,ECAC,,Dartmouth,/reports/team/Dartmouth/19,,Clarkson,/reports/team/Clarkson/14,,,,,Saturday,2025-11-15_Clarkson_Dartmouth
2025-11-15,ECAC,,Yale,/reports/team/Yale/59,,Cornell,/reports/team/Cornell/18,,,,,Saturday,2025-11-15_Cornell_Yale
2025-11-15,ECAC,,Harvard,/reports/team/Harvard/22,,St Lawrence,/reports/team/St-Lawrence/53,,,,,Saturday,2025-11-15_St. Lawrence_Harvard
2025-11-15,Hockey East,,Boston College,/reports/team/Boston-College/9,,Massachusetts,/reports/team/Massachusetts/27,,,,,Saturday,2025-11-15_Massachusetts_Boston College
2025-11-15,Hockey East,,Providence,/reports/team/Providence/46,,Merrimack,/reports/team/Merrimack/29,,,,,Saturday,2025-11-15_Merrimack_Providence
2025-11-15,Hockey East,,Connecticut,/reports/team/Connecticut/17,,Northeastern,/reports/team/Northeastern/41,,,,,Saturday,2025-11-15_Northeastern_Connecticut
2025-11-15,Hockey East,,Vermont,/reports/team/Vermont/55,,Maine,/reports/team/Maine/25,,,,,Saturday,2025-11-15_Maine_Vermont
2025-11-15,NCHC,,Denver,/reports/team/Denver/20,,Colorado College,/reports/team/Colorado-College/16,,,,,Saturday,2025-11-15_Colorado College_Denver
2025-11-15,NCHC,,Omaha,/reports/team/Omaha/37,,Minnesota Duluth,/reports/team/Minnesota-Duluth/36,,,,,Saturday,2025-11-15_Minnesota-Duluth_Omaha
2025-11-15,NCHC,,Arizona State,/reports/team/Arizona-State/61,,North Dakota,/reports/team/North-Dakota/40,,,,,Saturday,2025-11-15_North Dakota_Arizona State
2025-11-15,NCHC,,Miami,/reports/team/Miami/30,,Western Michigan,/reports/team/Western-Michigan/57,,,,,Saturday,2025-11-15_Western Michigan_Miami
2025-11-15,Non-Conference,,Long Island,/reports/team/Long-Island/62,,Minnesota,/reports/team/Minnesota/34,,,,,Saturday,2025-11-15_Minnesota_Long Island
2025-11-15,Non-Conference,,Boston University,/reports/team/Boston-University/10,,Quinnipiac,/reports/team/Quinnipiac/47,,,,,Saturday,2025-11-15_Quinnipiac_Boston University
2025-11-15,Non-Conference,,Alaska Anchorage,/reports/team/Alaska-Anchorage/3,,Bentley,/reports/team/Bentley/8,,,,,Saturday,2025-11-15_Bentley_Alaska-Anchorage
2025-11-15,Non-Conference,,Mass Lowell,/reports/team/Mass-Lowell/26,,RPI,/reports/team/RPI/48,,,,,Saturday,2025-11-15_RPI_Mass.-Lowell
2025-11-15,Non-Conference,,New Hampshire,/reports/team/New-Hampshire/38,,Union,/reports/team/Union/54,,,,,Saturday,2025-11-15_Union_New Hampshire
2025-11-15,Non-Conference,,Stonehill,/reports/team/Stonehill/422,,Princeton,/reports/team/Princeton/45,,,,,Saturday,2025-11-15_Princeton_Stonehill
2025-11-15,Exhibition,,Grand Canyon,,,Lindenwood,/reports/team/Lindenwood/433,,,,,Saturday,2025-11-15_Lindenwood_Grand Canyon
2025-11-18,Atlantic Hockey,,RIT,/reports/team/RIT/49,,Niagara,/reports/team/Niagara/39,,,,,Tuesday,2025-11-18_Niagara_RIT
2025-11-18,Non-Conference,,Alaska Anchorage,/reports/team/Alaska-Anchorage/3,,Stonehill,/reports/team/Stonehill/422,,,,,Tuesday,2025-11-18_Stonehill_Alaska-Anchorage
2025-11-19,Non-Conference,,Alaska Anchorage,/reports/team/Alaska-Anchorage/3,,Brown,/reports/team/Brown/12,,,,,Wednesday,2025-11-19_Brown_Alaska-Anchorage
2025-11-20,Hockey East,,Massachusetts,/reports/team/Massachusetts/27,,Providence,/reports/team/Providence/46,,,,,Thursday,2025-11-20_Providence_Massachusetts
2025-11-20,Non-Conference,,Alaska Anchorage,/reports/team/Alaska-Anchorage/3,,Holy Cross,/reports/team/Holy-Cross/23,,,,,Thursday,2025-11-20_Holy Cross_Alaska-Anchorage
2025-11-21,Atlantic Hockey,,Mercyhurst,/reports/team/Mercyhurst/28,,Canisius,/reports/team/Canisius/13,,,,,Friday,2025-11-21_Canisius_Mercyhurst
2025-11-21,Atlantic Hockey,,Air Force,/reports/team/Air-Force/1,,Army,/reports/team/Army/6,,,,,Friday,2025-11-21_Army_Air Force
2025-11-21,Atlantic Hockey,,RIT,/reports/team/RIT/49,,Bentley,/reports/team/Bentley/8,,,,,Friday,2025-11-21_Bentley_RIT
2025-11-21,CCHA,,Lake Superior,/reports/team/Lake-Superior/24,,Ferris State,/reports/team/Ferris-State/21,,,,,Friday,2025-11-21_Ferris State_Lake Superior
2025-11-21,CCHA,,Bowling Green,/reports/team/Bowling-Green/11,,St Thomas,/reports/team/St-Thomas/63,,,,,Friday,2025-11-21_St. Thomas_Bowling Green
2025-11-21,CCHA,,Michigan Tech,/reports/team/Michigan-Tech/33,,Minnesota State,/reports/team/Minnesota-State/35,,,,,Friday,2025-11-21_Minnesota State_Michigan Tech
2025-11-21,CCHA,,Northern Michigan,/reports/team/Northern-Michigan/42,,Bemidji State,/reports/team/Bemidji-State/7,,,,,Friday,2025-11-21_Bemidji State_Northern Michigan
2025-11-21,ECAC,,RPI,/reports/team/RPI/48,,Colgate,/reports/team/Colgate/15,,,,,Friday,2025-11-21_Colgate_RPI
2025-11-21,ECAC,,Clarkson,/reports/team/Clarkson/14,,Quinnipiac,/reports/team/Quinnipiac/47,,,,,Friday,2025-11-21_Quinnipiac_Clarkson
2025-11-21,ECAC,,Union,/reports/team/Union/54,,Cornell,/reports/team/Cornell/18,,,,,Friday,2025-11-21_Cornell_Union
2025-11-21,ECAC,,St Lawrence,/reports/team/St-Lawrence/53,,Princeton,/reports/team/Princeton/45,,,,,Friday,2025-11-21_Princeton_St. Lawrence
2025-11-21,Hockey East,,Boston University,/reports/team/Boston-University/10,,Northeastern,/reports/team/Northeastern/41,,,,,Friday,2025-11-21_Northeastern_Boston University
2025-11-21,Hockey East,,Maine,/reports/team/Maine/25,,Boston College,/reports/team/Boston-College/9,,,,,Friday,2025-11-21_Boston College_Maine
2025-11-21,Hockey East,,Connecticut,/reports/team/Connecticut/17,,New Hampshire,/reports/team/New-Hampshire/38,,,,,Friday,2025-11-21_New Hampshire_Connecticut
2025-11-21,NCHC,,Minnesota Duluth,/reports/team/Minnesota-Duluth/36,,Colorado College,/reports/team/Colorado-College/16,,,,,Friday,2025-11-21_Colorado College_Minnesota-Duluth
2025-11-21,NCHC,,St Cloud State,/reports/team/St-Cloud-State/52,,Miami,/reports/team/Miami/30,,,,,Friday,2025-11-21_Miami_St. Cloud State
2025-11-21,NCHC,,Western Michigan,/reports/team/Western-Michigan/57,,Omaha,/reports/team/Omaha/37,,,,,Friday,2025-11-21_Omaha_Western Michigan
2025-11-21,NCHC,,Denver,/reports/team/Denver/20,,Arizona State,/reports/team/Arizona-State/61,,,,,Friday,2025-11-21_Arizona State_Denver
2025-11-21,Exhibition,,US Under 18,,,North Dakota,/reports/team/North-Dakota/40,,,,,Friday,2025-11-21_North Dakota_US Under-18
2025-11-21,Non-Conference,,Merrimack,/reports/team/Merrimack/29,,Long Island,/reports/team/Long-Island/62,,,,,Friday,2025-11-21_Long Island_Merrimack
2025-11-21,Non-Conference,,Robert Morris,/reports/team/Robert-Morris/50,,Lindenwood,/reports/team/Lindenwood/433,,,,,Friday,2025-11-21_Lindenwood_Robert Morris
2025-11-22,Atlantic Hockey,,Mercyhurst,/reports/team/Mercyhurst/28,,Canisius,/reports/team/Canisius/13,,,,,Saturday,2025-11-22_Canisius_Mercyhurst
2025-11-22,Atlantic Hockey,,RIT,/reports/team/RIT/49,,Bentley,/reports/team/Bentley/8,,,,,Saturday,2025-11-22_Bentley_RIT
2025-11-22,CCHA,,Lake Superior,/reports/team/Lake-Superior/24,,Ferris State,/reports/team/Ferris-State/21,,,,,Saturday,2025-11-22_Ferris State_Lake Superior
2025-11-22,CCHA,,Bowling Green,/reports/team/Bowling-Green/11,,St Thomas,/reports/team/St-Thomas/63,,,,,Saturday,2025-11-22_St. Thomas_Bowling Green
2025-11-22,CCHA,,Michigan Tech,/reports/team/Michigan-Tech/33,,Minnesota State,/reports/team/Minnesota-State/35,,,,,Saturday,2025-11-22_Minnesota State_Michigan Tech
2025-11-22,CCHA,,Northern Michigan,/reports/team/Northern-Michigan/42,,Bemidji State,/reports/team/Bemidji-State/7,,,,,Saturday,2025-11-22_Bemidji State_Northern Michigan
2025-11-22,ECAC,,Union,/reports/team/Union/54,,Colgate,/reports/team/Colgate/15,,,,,Saturday,2025-11-22_Colgate_Union
2025-11-22,ECAC,,St Lawrence,/reports/team/St-Lawrence/53,,Quinnipiac,/reports/team/Quinnipiac/47,,,,,Saturday,2025-11-22_Quinnipiac_St. Lawrence
2025-11-22,ECAC,,RPI,/reports/team/RPI/48,,Cornell,/reports/team/Cornell/18,,,,,Saturday,2025-11-22_Cornell_RPI
2025-11-22,ECAC,,Clarkson,/reports/team/Clarkson/14,,Princeton,/reports/team/Princeton/45,,,,,Saturday,2025-11-22_Princeton_Clarkson
2025-11-22,Hockey East,,Northeastern,/reports/team/Northeastern/41,,Boston University,/reports/team/Boston-University/10,,,,,Saturday,2025-11-22_Boston University_Northeastern
2025-11-22,Hockey East,,New Hampshire,/reports/team/New-Hampshire/38,,Connecticut,/reports/team/Connecticut/17,,,,,Saturday,2025-11-22_Connecticut_New Hampshire
2025-11-22,Hockey East,,Providence,/reports/team/Providence/46,,Massachusetts,/reports/team/Massachusetts/27,,,,,Saturday,2025-11-22_Massachusetts_Providence
2025-11-22,Hockey East,,Maine,/reports/team/Maine/25,,Boston College,/reports/team/Boston-College/9,,,,,Saturday,2025-11-22_Boston College_Maine
2025-11-22,NCHC,,Minnesota Duluth,/reports/team/Minnesota-Duluth/36,,Colorado College,/reports/team/Colorado-College/16,,,,,Saturday,2025-11-22_Colorado College_Minnesota-Duluth
2025-11-22,NCHC,,St Cloud State,/reports/team/St-Cloud-State/52,,Miami,/reports/team/Miami/30,,,,,Saturday,2025-11-22_Miami_St. Cloud State
2025-11-22,NCHC,,Western Michigan,/reports/team/Western-Michigan/57,,Omaha,/reports/team/Omaha/37,,,,,Saturday,2025-11-22_Omaha_Western Michigan
2025-11-22,NCHC,,Denver,/reports/team/Denver/20,,Arizona State,/reports/team/Arizona-State/61,,,,,Saturday,2025-11-22_Arizona State_Denver
2025-11-22,Non-Conference,,Long Island,/reports/team/Long-Island/62,,Sacred Heart,/reports/team/Sacred-Heart/51,,,,,Saturday,2025-11-22_Sacred Heart_Long Island
2025-11-22,Non-Conference,,Harvard,/reports/team/Harvard/22,,Vermont,/reports/team/Vermont/55,,,,,Saturday,2025-11-22_Vermont_Harvard
2025-11-22,Non-Conference,,Robert Morris,/reports/team/Robert-Morris/50,,Lindenwood,/reports/team/Lindenwood/433,,,,,Saturday,2025-11-22_Lindenwood_Robert Morris
2025-11-23,Atlantic Hockey,,Air Force,/reports/team/Air-Force/1,,Army,/reports/team/Army/6,,,,,Sunday,2025-11-23_Army_Air Force
2025-11-23,Non-Conference,,Alaska Anchorage,/reports/team/Alaska-Anchorage/3,,Holy Cross,/reports/team/Holy-Cross/23,,,,,Sunday,2025-11-23_Holy Cross_Alaska-Anchorage
2025-11-25,Atlantic Hockey,,Bentley,/reports/team/Bentley/8,,Army,/reports/team/Army/6,,,,,Tuesday,2025-11-25_Army_Bentley
2025-11-25,Non-Conference,,Stonehill,/reports/team/Stonehill/422,,Connecticut,/reports/team/Connecticut/17,,,,,Tuesday,2025-11-25_Connecticut_Stonehill
2025-11-26,Non-Conference,,Notre Dame,/reports/team/Notre-Dame/43,,Merrimack,/reports/team/Merrimack/29,,,,,Wednesday,2025-11-26_Merrimack_Notre Dame
2025-11-26,Non-Conference,,Colgate,/reports/team/Colgate/15,,Michigan State,/reports/team/Michigan-State/32,,,,,Wednesday,2025-11-26_Michigan State_Colgate
2025-11-26,Non-Conference,,Holy Cross,/reports/team/Holy-Cross/23,,Quinnipiac,/reports/team/Quinnipiac/47,,,,,Wednesday,2025-11-26_Quinnipiac_Holy Cross
2025-11-28,Atlantic Hockey,,Air Force,/reports/team/Air-Force/1,,Canisius,/reports/team/Canisius/13,,,,,Friday,2025-11-28_Canisius_Air Force
2025-11-28,Atlantic Hockey,,Robert Morris,/reports/team/Robert-Morris/50,,Mercyhurst,/reports/team/Mercyhurst/28,,,,,Friday,2025-11-28_Mercyhurst_Robert Morris
2025-11-28,CCHA,,Minnesota State,/reports/team/Minnesota-State/35,,Northern Michigan,/reports/team/Northern-Michigan/42,,,,,Friday,2025-11-28_Northern Michigan_Minnesota State
2025-11-28,CCHA,,Augustana,/reports/team/Augustana/64,,Lake Superior,/reports/team/Lake-Superior/24,,,,,Friday,2025-11-28_Lake Superior_Augustana
2025-11-28,CCHA,,St Thomas,/reports/team/St-Thomas/63,,Michigan Tech,/reports/team/Michigan-Tech/33,,,,,Friday,2025-11-28_Michigan Tech_St. Thomas
2025-11-28,"Friendship Four (at SSE Arena, Belfast, N. Ireland)",,RIT,/reports/team/RIT/49,,Miami,/reports/team/Miami/30,,,,,Friday,2025-11-28_Miami_RIT
2025-11-28,"Friendship Four (at SSE Arena, Belfast, N. Ireland)",,Sacred Heart,/reports/team/Sacred-Heart/51,,Union,/reports/team/Union/54,,,,,Friday,2025-11-28_Union_Sacred Heart
2025-11-28,Non-Conference,"U.S. Hockey Hall of Fame Game – Ball Arena, Denver",Minnesota,/reports/team/Minnesota/34,,Denver,/reports/team/Denver/20,,,,,Friday,2025-11-28_Denver_Minnesota
2025-11-28,Non-Conference,,Colgate,/reports/team/Colgate/15,,Michigan State,/reports/team/Michigan-State/32,,,,,Friday,2025-11-28_Michigan State_Colgate
2025-11-28,Non-Conference,,RPI,/reports/team/RPI/48,,Niagara,/reports/team/Niagara/39,,,,,Friday,2025-11-28_Niagara_RPI
2025-11-28,Non-Conference,,Omaha,/reports/team/Omaha/37,,Yale,/reports/team/Yale/59,,,,,Friday,2025-11-28_Yale_Omaha
2025-11-28,Non-Conference,,Ohio State,/reports/team/Ohio-State/44,,Arizona State,/reports/team/Arizona-State/61,,,,,Friday,2025-11-28_Arizona State_Ohio State
2025-11-28,Non-Conference,,Notre Dame,/reports/team/Notre-Dame/43,,Boston College,/reports/team/Boston-College/9,,,,,Friday,2025-11-28_Boston College_Notre Dame
2025-11-28,Non-Conference,,Providence,/reports/team/Providence/46,,Colorado College,/reports/team/Colorado-College/16,,,,,Friday,2025-11-28_Colorado College_Providence
2025-11-28,Non-Conference,,Vermont,/reports/team/Vermont/55,,Dartmouth,/reports/team/Dartmouth/19,,,,,Friday,2025-11-28_Dartmouth_Vermont
2025-11-28,Non-Conference,,Michigan,/reports/team/Michigan/31,,Harvard,/reports/team/Harvard/22,,,,,Friday,2025-11-28_Harvard_Michigan
2025-11-28,Non-Conference,,Princeton,/reports/team/Princeton/45,,Bowling Green,/reports/team/Bowling-Green/11,,,,,Friday,2025-11-28_Bowling Green_Princeton
2025-11-28,Non-Conference,,North Dakota,/reports/team/North-Dakota/40,,Bemidji State,/reports/team/Bemidji-State/7,,,,,Friday,2025-11-28_Bemidji State_North Dakota
2025-11-28,Non-Conference,,Long Island,/reports/team/Long-Island/62,,Lindenwood,/reports/team/Lindenwood/433,,,,,Friday,2025-11-28_Lindenwood_Long Island
2025-11-28,"Adirondack Winter Invitational (at 1980 Rink Herb Brooks Arena, Lake Placid, N.Y.)",,Alaska,/reports/team/Alaska/4,,St Lawrence,/reports/team/St-Lawrence/53,,,,,Friday,2025-11-28_St. Lawrence_Alaska
2025-11-28,"Adirondack Winter Invitational (at 1980 Rink Herb Brooks Arena, Lake Placid, N.Y.)",,Mass Lowell,/reports/team/Mass-Lowell/26,,Clarkson,/reports/team/Clarkson/14,,,,,Friday,2025-11-28_Clarkson_Mass.-Lowell
2025-11-29,Atlantic Hockey,,Air Force,/reports/team/Air-Force/1,,Canisius,/reports/team/Canisius/13,,,,,Saturday,2025-11-29_Canisius_Air Force
2025-11-29,Atlantic Hockey,,Mercyhurst,/reports/team/Mercyhurst/28,,Robert Morris,/reports/team/Robert-Morris/50,,,,,Saturday,2025-11-29_Robert Morris_Mercyhurst
2025-11-29,CCHA,,Minnesota State,/reports/team/Minnesota-State/35,,Northern Michigan,/reports/team/Northern-Michigan/42,,,,,Saturday,2025-11-29_Northern Michigan_Minnesota State
2025-11-29,CCHA,,Augustana,/reports/team/Augustana/64,,Lake Superior,/reports/team/Lake-Superior/24,,,,,Saturday,2025-11-29_Lake Superior_Augustana
2025-11-29,CCHA,,St Thomas,/reports/team/St-Thomas/63,,Michigan Tech,/reports/team/Michigan-Tech/33,,,,,Saturday,2025-11-29_Michigan Tech_St. Thomas
2025-11-29,"Friendship Four (at SSE Arena, Belfast, N. Ireland)",,RIT,/reports/team/RIT/49,,TBD,,,,,,Saturday,2025-11-29_TBD_RIT
2025-11-29,"Friendship Four (at SSE Arena, Belfast, N. Ireland)",,Miami,/reports/team/Miami/30,,TBD,,,,,,Saturday,2025-11-29_TBD_Miami
2025-11-29,"Friendship Four (at SSE Arena, Belfast, N. Ireland)",,Sacred Heart,/reports/team/Sacred-Heart/51,,TBD,,,,,,Saturday,2025-11-29_TBD_Sacred Heart
2025-11-29,"Friendship Four (at SSE Arena, Belfast, N. Ireland)",,Union,/reports/team/Union/54,,TBD,,,,,,Saturday,2025-11-29_TBD_Union
2025-11-29,Non-Conference,,RPI,/reports/team/RPI/48,,Niagara,/reports/team/Niagara/39,,,,,Saturday,2025-11-29_Niagara_RPI
2025-11-29,Non-Conference,,Bemidji State,/reports/team/Bemidji-State/7,,North Dakota,/reports/team/North-Dakota/40,,,,,Saturday,2025-11-29_North Dakota_Bemidji State
2025-11-29,Non-Conference,,Stonehill,/reports/team/Stonehill/422,,Quinnipiac,/reports/team/Quinnipiac/47,,,,,Saturday,2025-11-29_Quinnipiac_Stonehill
2025-11-29,Non-Conference,,Omaha,/reports/team/Omaha/37,,Yale,/reports/team/Yale/59,,,,,Saturday,2025-11-29_Yale_Omaha
2025-11-29,Non-Conference,,Massachusetts,/reports/team/Massachusetts/27,,Army,/reports/team/Army/6,,,,,Saturday,2025-11-29_Army_Massachusetts
2025-11-29,Non-Conference,,Ohio State,/reports/team/Ohio-State/44,,Arizona State,/reports/team/Arizona-State/61,,,,,Saturday,2025-11-29_Arizona State_Ohio State
2025-11-29,Non-Conference,,New Hampshire,/reports/team/New-Hampshire/38,,Bentley,/reports/team/Bentley/8,,,,,Saturday,2025-11-29_Bentley_New Hampshire
2025-11-29,Non-Conference,,Merrimack,/reports/team/Merrimack/29,,Dartmouth,/reports/team/Dartmouth/19,,,,,Saturday,2025-11-29_Dartmouth_Merrimack
2025-11-29,Non-Conference,,Providence,/reports/team/Providence/46,,Colorado College,/reports/team/Colorado-College/16,,,,,Saturday,2025-11-29_Colorado College_Providence
2025-11-29,Non-Conference,,Long Island,/reports/team/Long-Island/62,,Lindenwood,/reports/team/Lindenwood/433,,,,,Saturday,2025-11-29_Lindenwood_Long Island
2025-11-29,Non-Conference,,Michigan,/reports/team/Michigan/31,,Harvard,/reports/team/Harvard/22,,,,,Saturday,2025-11-29_Harvard_Michigan
2025-11-29,Non-Conference,,Princeton,/reports/team/Princeton/45,,Bowling Green,/reports/team/Bowling-Green/11,,,,,Saturday,2025-11-29_Bowling Green_Princeton
2025-11-29,Non-Conference,"Red Hot Hockey – Madison Square Garden, New York",Boston University,/reports/team/Boston-University/10,,Cornell,/reports/team/Cornell/18,,,,,Saturday,2025-11-29_Cornell_Boston University
2025-11-29,"Adirondack Winter Invitational (at 1980 Rink Herb Brooks Arena, Lake Placid, N.Y.)",,Mass Lowell,/reports/team/Mass-Lowell/26,,St Lawrence,/reports/team/St-Lawrence/53,,,,,Saturday,2025-11-29_St. Lawrence_Mass.-Lowell
2025-11-29,"Adirondack Winter Invitational (at 1980 Rink Herb Brooks Arena, Lake Placid, N.Y.)",,Alaska,/reports/team/Alaska/4,,Clarkson,/reports/team/Clarkson/14,,,,,Saturday,2025-11-29_Clarkson_Alaska
2025-12-05,Atlantic Hockey,,Robert Morris,/reports/team/Robert-Morris/50,,Air Force,/reports/team/Air-Force/1,,,,,Friday,2025-12-05_Air Force_Robert Morris
2025-12-05,Atlantic Hockey,,Niagara,/reports/team/Niagara/39,,Bentley,/reports/team/Bentley/8,,,,,Friday,2025-12-05_Bentley_Niagara
2025-12-05,Atlantic Hockey,,Army,/reports/team/Army/6,,Sacred Heart,/reports/team/Sacred-Heart/51,,,,,Friday,2025-12-05_Sacred Heart_Army
2025-12-05,Atlantic Hockey,,Canisius,/reports/team/Canisius/13,,RIT,/reports/team/RIT/49,,,,,Friday,2025-12-05_RIT_Canisius
2025-12-05,CCHA,,Lake Superior,/reports/team/Lake-Superior/24,,St Thomas,/reports/team/St-Thomas/63,,,,,Friday,2025-12-05_St. Thomas_Lake Superior
2025-12-05,CCHA,,Northern Michigan,/reports/team/Northern-Michigan/42,,Bowling Green,/reports/team/Bowling-Green/11,,,,,Friday,2025-12-05_Bowling Green_Northern Michigan
2025-12-05,CCHA,,Ferris State,/reports/team/Ferris-State/21,,Minnesota State,/reports/team/Minnesota-State/35,,,,,Friday,2025-12-05_Minnesota State_Ferris State
2025-12-05,CCHA,,Bemidji State,/reports/team/Bemidji-State/7,,Augustana,/reports/team/Augustana/64,,,,,Friday,2025-12-05_Augustana_Bemidji State
2025-12-05,Hockey East,,Vermont,/reports/team/Vermont/55,,Boston University,/reports/team/Boston-University/10,,,,,Friday,2025-12-05_Boston University_Vermont
2025-12-05,Hockey East,,Connecticut,/reports/team/Connecticut/17,,Merrimack,/reports/team/Merrimack/29,,,,,Friday,2025-12-05_Merrimack_Connecticut
2025-12-05,Hockey East,,New Hampshire,/reports/team/New-Hampshire/38,,Maine,/reports/team/Maine/25,,,,,Friday,2025-12-05_Maine_New Hampshire
2025-12-05,Hockey East,,Boston College,/reports/team/Boston-College/9,,Mass Lowell,/reports/team/Mass-Lowell/26,,,,,Friday,2025-12-05_Mass.-Lowell_Boston College
2025-12-05,NCHC,,North Dakota,/reports/team/North-Dakota/40,,St Cloud State,/reports/team/St-Cloud-State/52,,,,,Friday,2025-12-05_St. Cloud State_North Dakota
2025-12-05,NCHC,,Minnesota Duluth,/reports/team/Minnesota-Duluth/36,,Western Michigan,/reports/team/Western-Michigan/57,,,,,Friday,2025-12-05_Western Michigan_Minnesota-Duluth
2025-12-05,NCHC,,Miami,/reports/team/Miami/30,,Denver,/reports/team/Denver/20,,,,,Friday,2025-12-05_Denver_Miami
2025-12-05,Exhibition,,Assumption,,,Long Island,/reports/team/Long-Island/62,,,,,Friday,2025-12-05_Long Island_Assumption
2025-12-05,ECAC,,Cornell,/reports/team/Cornell/18,,Clarkson,/reports/team/Clarkson/14,,,,,Friday,2025-12-05_Clarkson_Cornell
2025-12-05,ECAC,,Brown,/reports/team/Brown/12,,Dartmouth,/reports/team/Dartmouth/19,,,,,Friday,2025-12-05_Dartmouth_Brown
2025-12-05,ECAC,,Yale,/reports/team/Yale/59,,Harvard,/reports/team/Harvard/22,,,,,Friday,2025-12-05_Harvard_Yale
2025-12-05,ECAC,,Quinnipiac,/reports/team/Quinnipiac/47,,RPI,/reports/team/RPI/48,,,,,Friday,2025-12-05_RPI_Quinnipiac
2025-12-05,ECAC,,Colgate,/reports/team/Colgate/15,,St Lawrence,/reports/team/St-Lawrence/53,,,,,Friday,2025-12-05_St. Lawrence_Colgate
2025-12-05,ECAC,,Princeton,/reports/team/Princeton/45,,Union,/reports/team/Union/54,,,,,Friday,2025-12-05_Union_Princeton
2025-12-05,Non-Conference,,Stonehill,/reports/team/Stonehill/422,,Alaska Anchorage,/reports/team/Alaska-Anchorage/3,,,,,Friday,2025-12-05_Alaska-Anchorage_Stonehill
2025-12-06,Atlantic Hockey,,Robert Morris,/reports/team/Robert-Morris/50,,Air Force,/reports/team/Air-Force/1,,,,,Saturday,2025-12-06_Air Force_Robert Morris
2025-12-06,Atlantic Hockey,,RIT,/reports/team/RIT/49,,Canisius,/reports/team/Canisius/13,,,,,Saturday,2025-12-06_Canisius_RIT
2025-12-06,Atlantic Hockey,,Mercyhurst,/reports/team/Mercyhurst/28,,Holy Cross,/reports/team/Holy-Cross/23,,,,,Saturday,2025-12-06_Holy Cross_Mercyhurst
2025-12-06,Atlantic Hockey,,Niagara,/reports/team/Niagara/39,,Bentley,/reports/team/Bentley/8,,,,,Saturday,2025-12-06_Bentley_Niagara
2025-12-06,Atlantic Hockey,,Army,/reports/team/Army/6,,Sacred Heart,/reports/team/Sacred-Heart/51,,,,,Saturday,2025-12-06_Sacred Heart_Army
2025-12-06,CCHA,,Lake Superior,/reports/team/Lake-Superior/24,,St Thomas,/reports/team/St-Thomas/63,,,,,Saturday,2025-12-06_St. Thomas_Lake Superior
2025-12-06,CCHA,,Ferris State,/reports/team/Ferris-State/21,,Minnesota State,/reports/team/Minnesota-State/35,,,,,Saturday,2025-12-06_Minnesota State_Ferris State
2025-12-06,CCHA,,Bemidji State,/reports/team/Bemidji-State/7,,Augustana,/reports/team/Augustana/64,,,,,Saturday,2025-12-06_Augustana_Bemidji State
2025-12-06,CCHA,,Northern Michigan,/reports/team/Northern-Michigan/42,,Bowling Green,/reports/team/Bowling-Green/11,,,,,Saturday,2025-12-06_Bowling Green_Northern Michigan
2025-12-06,Hockey East,,Vermont,/reports/team/Vermont/55,,Boston University,/reports/team/Boston-University/10,,,,,Saturday,2025-12-06_Boston University_Vermont
2025-12-06,Hockey East,,Merrimack,/reports/team/Merrimack/29,,Connecticut,/reports/team/Connecticut/17,,,,,Saturday,2025-12-06_Connecticut_Merrimack
2025-12-06,Hockey East,,Massachusetts,/reports/team/Massachusetts/27,,Northeastern,/reports/team/Northeastern/41,,,,,Saturday,2025-12-06_Northeastern_Massachusetts
2025-12-06,Hockey East,,Mass Lowell,/reports/team/Mass-Lowell/26,,Boston College,/reports/team/Boston-College/9,,,,,Saturday,2025-12-06_Boston College_Mass.-Lowell
2025-12-06,Hockey East,,New Hampshire,/reports/team/New-Hampshire/38,,Maine,/reports/team/Maine/25,,,,,Saturday,2025-12-06_Maine_New Hampshire
2025-12-06,NCHC,,North Dakota,/reports/team/North-Dakota/40,,St Cloud State,/reports/team/St-Cloud-State/52,,,,,Saturday,2025-12-06_St. Cloud State_North Dakota
2025-12-06,NCHC,,Minnesota Duluth,/reports/team/Minnesota-Duluth/36,,Western Michigan,/reports/team/Western-Michigan/57,,,,,Saturday,2025-12-06_Western Michigan_Minnesota-Duluth
2025-12-06,NCHC,,Miami,/reports/team/Miami/30,,Denver,/reports/team/Denver/20,,,,,Saturday,2025-12-06_Denver_Miami
2025-12-06,ECAC,,Quinnipiac,/reports/team/Quinnipiac/47,,Union,/reports/team/Union/54,,,,,Saturday,2025-12-06_Union_Quinnipiac
2025-12-06,ECAC,,Princeton,/reports/team/Princeton/45,,RPI,/reports/team/RPI/48,,,,,Saturday,2025-12-06_RPI_Princeton
2025-12-06,ECAC,,Colgate,/reports/team/Colgate/15,,Clarkson,/reports/team/Clarkson/14,,,,,Saturday,2025-12-06_Clarkson_Colgate
2025-12-06,ECAC,,Yale,/reports/team/Yale/59,,Dartmouth,/reports/team/Dartmouth/19,,,,,Saturday,2025-12-06_Dartmouth_Yale
2025-12-06,ECAC,,Brown,/reports/team/Brown/12,,Harvard,/reports/team/Harvard/22,,,,,Saturday,2025-12-06_Harvard_Brown
2025-12-06,ECAC,,Cornell,/reports/team/Cornell/18,,St Lawrence,/reports/team/St-Lawrence/53,,,,,Saturday,2025-12-06_St. Lawrence_Cornell
2025-12-06,Non-Conference,,Stonehill,/reports/team/Stonehill/422,,Alaska Anchorage,/reports/team/Alaska-Anchorage/3,,,,,Saturday,2025-12-06_Alaska-Anchorage_Stonehill
2025-12-06,Exhibition,,Grand Canyon,,,Alaska,/reports/team/Alaska/4,,,,,Saturday,2025-12-06_Alaska_Grand Canyon
2025-12-07,Non-Conference,,Massachusetts,/reports/team/Massachusetts/27,,Northeastern,/reports/team/Northeastern/41,,,,,Sunday,2025-12-07_Northeastern_Massachusetts
2025-12-09,Non-Conference,,Providence,/reports/team/Providence/46,,Brown,/reports/team/Brown/12,,,,,Tuesday,2025-12-09_Brown_Providence
2025-12-10,Hockey East,,Mass Lowell,/reports/team/Mass-Lowell/26,,Maine,/reports/team/Maine/25,,,,,Wednesday,2025-12-10_Maine_Mass.-Lowell
2025-12-10,Hockey East,,Maine,/reports/team/Maine/25,,Mass Lowell,/reports/team/Mass-Lowell/26,,,,,Wednesday,2025-12-10_Mass.-Lowell_Maine
2025-12-10,Exhibition,,Maryville,,,Alaska Anchorage,/reports/team/Alaska-Anchorage/3,,,,,Wednesday,2025-12-10_Alaska-Anchorage_Maryville
2025-12-12,CCHA,,Michigan Tech,/reports/team/Michigan-Tech/33,,Ferris State,/reports/team/Ferris-State/21,,,,,Friday,2025-12-12_Ferris State_Michigan Tech
2025-12-12,CCHA,,St Thomas,/reports/team/St-Thomas/63,,Northern Michigan,/reports/team/Northern-Michigan/42,,,,,Friday,2025-12-12_Northern Michigan_St. Thomas
2025-12-12,CCHA,,Minnesota State,/reports/team/Minnesota-State/35,,Augustana,/reports/team/Augustana/64,,,,,Friday,2025-12-12_Augustana_Minnesota State
2025-12-12,NCHC,,Colorado College,/reports/team/Colorado-College/16,,Miami,/reports/team/Miami/30,,,,,Friday,2025-12-12_Miami_Colorado College
2025-12-12,NCHC,,Arizona State,/reports/team/Arizona-State/61,,Minnesota Duluth,/reports/team/Minnesota-Duluth/36,,,,,Friday,2025-12-12_Minnesota-Duluth_Arizona State
2025-12-12,NCHC,,Omaha,/reports/team/Omaha/37,,North Dakota,/reports/team/North-Dakota/40,,,,,Friday,2025-12-12_North Dakota_Omaha
2025-12-12,NCHC,,Denver,/reports/team/Denver/20,,St Cloud State,/reports/team/St-Cloud-State/52,,,,,Friday,2025-12-12_St. Cloud State_Denver
2025-12-12,Exhibition,,US Under 18,,,St Lawrence,/reports/team/St-Lawrence/53,,,,,Friday,2025-12-12_St. Lawrence_US Under-18
2025-12-12,Non-Conference,,Army,/reports/team/Army/6,,Dartmouth,/reports/team/Dartmouth/19,,,,,Friday,2025-12-12_Dartmouth_Army
2025-12-12,Non-Conference,,Alaska,/reports/team/Alaska/4,,Union,/reports/team/Union/54,,,,,Friday,2025-12-12_Union_Alaska
2025-12-13,CCHA,,Michigan Tech,/reports/team/Michigan-Tech/33,,Ferris State,/reports/team/Ferris-State/21,,,,,Saturday,2025-12-13_Ferris State_Michigan Tech
2025-12-13,CCHA,,St Thomas,/reports/team/St-Thomas/63,,Northern Michigan,/reports/team/Northern-Michigan/42,,,,,Saturday,2025-12-13_Northern Michigan_St. Thomas
2025-12-13,CCHA,,Minnesota State,/reports/team/Minnesota-State/35,,Augustana,/reports/team/Augustana/64,,,,,Saturday,2025-12-13_Augustana_Minnesota State
2025-12-13,Hockey East,,Boston University,/reports/team/Boston-University/10,,Northeastern,/reports/team/Northeastern/41,,,,,Saturday,2025-12-13_Northeastern_Boston University
2025-12-13,NCHC,,Colorado College,/reports/team/Colorado-College/16,,Miami,/reports/team/Miami/30,,,,,Saturday,2025-12-13_Miami_Colorado College
2025-12-13,NCHC,,Arizona State,/reports/team/Arizona-State/61,,Minnesota Duluth,/reports/team/Minnesota-Duluth/36,,,,,Saturday,2025-12-13_Minnesota-Duluth_Arizona State
2025-12-13,NCHC,,Omaha,/reports/team/Omaha/37,,North Dakota,/reports/team/North-Dakota/40,,,,,Saturday,2025-12-13_North Dakota_Omaha
2025-12-13,NCHC,,Denver,/reports/team/Denver/20,,St Cloud State,/reports/team/St-Cloud-State/52,,,,,Saturday,2025-12-13_St. Cloud State_Denver
2025-12-13,Exhibition,,US Under 18,,,Clarkson,/reports/team/Clarkson/14,,,,,Saturday,2025-12-13_Clarkson_US Under-18
2025-12-13,Non-Conference,,Alaska,/reports/team/Alaska/4,,Union,/reports/team/Union/54,,,,,Saturday,2025-12-13_Union_Alaska
2025-12-13,Non-Conference,,Army,/reports/team/Army/6,,Vermont,/reports/team/Vermont/55,,,,,Saturday,2025-12-13_Vermont_Army
2025-12-13,Non-Conference,,Lindenwood,/reports/team/Lindenwood/433,,Maine,/reports/team/Maine/25,,,,,Saturday,2025-12-13_Maine_Lindenwood
2025-12-14,Non-Conference,,Lindenwood,/reports/team/Lindenwood/433,,Maine,/reports/team/Maine/25,,,,,Sunday,2025-12-14_Maine_Lindenwood
2025-12-14,Non-Conference,,Dartmouth,/reports/team/Dartmouth/19,,New Hampshire,/reports/team/New-Hampshire/38,,,,,Sunday,2025-12-14_New Hampshire_Dartmouth
2025-12-19,Non-Conference,,Omaha,/reports/team/Omaha/37,,Augustana,/reports/team/Augustana/64,,,,,Friday,2025-12-19_Augustana_Omaha
2025-12-20,Non-Conference,,Omaha,/reports/team/Omaha/37,,Augustana,/reports/team/Augustana/64,,,,,Saturday,2025-12-20_Augustana_Omaha
2025-12-27,Non-Conference,,Arizona State,/reports/team/Arizona-State/61,,Dartmouth,/reports/team/Dartmouth/19,,,,,Saturday,2025-12-27_Dartmouth_Arizona State
2025-12-28,"Holiday Face-Off (at Fiserv Forum, Milwaukee, Wis.)",,TBD,,,Lake Superior,/reports/team/Lake-Superior/24,,,,,Sunday,2025-12-28_Lake Superior_TBD
2025-12-28,"Holiday Face-Off (at Fiserv Forum, Milwaukee, Wis.)",,TBD,,,Western Michigan,/reports/team/Western-Michigan/57,,,,,Sunday,2025-12-28_Western Michigan_TBD
2025-12-28,"Holiday Face-Off (at Fiserv Forum, Milwaukee, Wis.)",,TBD,,,Wisconsin,/reports/team/Wisconsin/58,,,,,Sunday,2025-12-28_Wisconsin_TBD
2025-12-28,"Holiday Face-Off (at Fiserv Forum, Milwaukee, Wis.)",,TBD,,,Boston College,/reports/team/Boston-College/9,,,,,Sunday,2025-12-28_Boston College_TBD
2025-12-28,"Great Lakes Invitational (at Van Andel Arena, Grand Rapids, Mich.)",,Michigan State,/reports/team/Michigan-State/32,,Ferris State,/reports/team/Ferris-State/21,,,,,Sunday,2025-12-28_Ferris State_Michigan State
2025-12-28,"Great Lakes Invitational (at Van Andel Arena, Grand Rapids, Mich.)",,Michigan Tech,/reports/team/Michigan-Tech/33,,Miami,/reports/team/Miami/30,,,,,Sunday,2025-12-28_Miami_Michigan Tech
2025-12-28,Exhibition,,Concordia,,,Quinnipiac,/reports/team/Quinnipiac/47,,,,,Sunday,2025-12-28_Quinnipiac_Concordia
2025-12-28,Exhibition,,Bentley,/reports/team/Bentley/8,,Mass Lowell,/reports/team/Mass-Lowell/26,,,,,Sunday,2025-12-28_Mass.-Lowell_Bentley
2025-12-28,ECAC,,Brown,/reports/team/Brown/12,,Princeton,/reports/team/Princeton/45,,,,,Sunday,2025-12-28_Princeton_Brown
2025-12-28,Non-Conference,,Arizona State,/reports/team/Arizona-State/61,,Dartmouth,/reports/team/Dartmouth/19,,,,,Sunday,2025-12-28_Dartmouth_Arizona State
2025-12-28,Non-Conference,,Army,/reports/team/Army/6,,Long Island,/reports/team/Long-Island/62,,,,,Sunday,2025-12-28_Long Island_Army
2025-12-29,"Holiday Face-Off (at Fiserv Forum, Milwaukee, Wis.)",,TBD,,,Lake Superior,/reports/team/Lake-Superior/24,,,,,Monday,2025-12-29_Lake Superior_TBD
2025-12-29,"Holiday Face-Off (at Fiserv Forum, Milwaukee, Wis.)",,TBD,,,Western Michigan,/reports/team/Western-Michigan/57,,,,,Monday,2025-12-29_Western Michigan_TBD
2025-12-29,"Holiday Face-Off (at Fiserv Forum, Milwaukee, Wis.)",,TBD,,,Wisconsin,/reports/team/Wisconsin/58,,,,,Monday,2025-12-29_Wisconsin_TBD
2025-12-29,"Holiday Face-Off (at Fiserv Forum, Milwaukee, Wis.)",,TBD,,,Boston College,/reports/team/Boston-College/9,,,,,Monday,2025-12-29_Boston College_TBD
2025-12-29,"Great Lakes Invitational (at Van Andel Arena, Grand Rapids, Mich.)",,Michigan Tech,/reports/team/Michigan-Tech/33,,TBD,,,,,,Monday,2025-12-29_TBD_Michigan Tech
2025-12-29,"Great Lakes Invitational (at Van Andel Arena, Grand Rapids, Mich.)",,Michigan State,/reports/team/Michigan-State/32,,TBD,,,,,,Monday,2025-12-29_TBD_Michigan State
2025-12-29,"Great Lakes Invitational (at Van Andel Arena, Grand Rapids, Mich.)",,Miami,/reports/team/Miami/30,,TBD,,,,,,Monday,2025-12-29_TBD_Miami
2025-12-29,"Great Lakes Invitational (at Van Andel Arena, Grand Rapids, Mich.)",,Ferris State,/reports/team/Ferris-State/21,,TBD,,,,,,Monday,2025-12-29_TBD_Ferris State
2025-12-29,Hockey East,,Merrimack,/reports/team/Merrimack/29,,Vermont,/reports/team/Vermont/55,,,,,Monday,2025-12-29_Vermont_Merrimack
2025-12-29,Non-Conference,,RIT,/reports/team/RIT/49,,Clarkson,/reports/team/Clarkson/14,,,,,Monday,2025-12-29_Clarkson_RIT
2025-12-29,Exhibition,,US Under 18,,,Bowling Green,/reports/team/Bowling-Green/11,,,,,Monday,2025-12-29_Bowling Green_US Under-18
2025-12-30,Hockey East,,Merrimack,/reports/team/Merrimack/29,,Vermont,/reports/team/Vermont/55,,,,,Tuesday,2025-12-30_Vermont_Merrimack
2025-12-30,Atlantic Hockey,,Robert Morris,/reports/team/Robert-Morris/50,,Sacred Heart,/reports/team/Sacred-Heart/51,,,,,Tuesday,2025-12-30_Sacred Heart_Robert Morris
2025-12-31,Non-Conference,,Long Island,/reports/team/Long-Island/62,,Connecticut,/reports/team/Connecticut/17,,,,,Wednesday,2025-12-31_Connecticut_Long Island
2025-12-31,Exhibition,,Guelph,,,Niagara,/reports/team/Niagara/39,,,,,Wednesday,2025-12-31_Niagara_Guelph
2026-01-02,Atlantic Hockey,,Holy Cross,/reports/team/Holy-Cross/23,,Bentley,/reports/team/Bentley/8,,,,,Friday,2026-01-02_Bentley_Holy Cross
2026-01-02,CCHA,,Ferris State,/reports/team/Ferris-State/21,,St Thomas,/reports/team/St-Thomas/63,,,,,Friday,2026-01-02_St. Thomas_Ferris State
2026-01-02,ECAC,,Harvard,/reports/team/Harvard/22,,Quinnipiac,/reports/team/Quinnipiac/47,,,,,Friday,2026-01-02_Quinnipiac_Harvard
2026-01-02,ECAC,,Dartmouth,/reports/team/Dartmouth/19,,Princeton,/reports/team/Princeton/45,,,,,Friday,2026-01-02_Princeton_Dartmouth
2026-01-02,"Cactus Cup (at Acrisure Arena, Palm Springs, Calif.)",,Mass Lowell,/reports/team/Mass-Lowell/26,,Minnesota State,/reports/team/Minnesota-State/35,,,,,Friday,2026-01-02_Minnesota State_Mass.-Lowell
2026-01-02,"Cactus Cup (at Acrisure Arena, Palm Springs, Calif.)",,Yale,/reports/team/Yale/59,,St Cloud State,/reports/team/St-Cloud-State/52,,,,,Friday,2026-01-02_St. Cloud State_Yale
2026-01-02,"Desert Hockey Classic (at Cadet Ice Arena, Colorado Springs, Colo.)",,TBD,,,Air Force,/reports/team/Air-Force/1,,,,,Friday,2026-01-02_Air Force_TBD
2026-01-02,"Desert Hockey Classic (at Cadet Ice Arena, Colorado Springs, Colo.)",,TBD,,,Alaska Anchorage,/reports/team/Alaska-Anchorage/3,,,,,Friday,2026-01-02_Alaska-Anchorage_TBD
2026-01-02,"Desert Hockey Classic (at Cadet Ice Arena, Colorado Springs, Colo.)",,TBD,,,Michigan Tech,/reports/team/Michigan-Tech/33,,,,,Friday,2026-01-02_Michigan Tech_TBD
2026-01-02,"Desert Hockey Classic (at Cadet Ice Arena, Colorado Springs, Colo.)",,TBD,,,Arizona State,/reports/team/Arizona-State/61,,,,,Friday,2026-01-02_Arizona State_TBD
2026-01-02,Non-Conference,,Mercyhurst,/reports/team/Mercyhurst/28,,North Dakota,/reports/team/North-Dakota/40,,,,,Friday,2026-01-02_North Dakota_Mercyhurst
2026-01-02,Non-Conference,,Western Michigan,/reports/team/Western-Michigan/57,,Notre Dame,/reports/team/Notre-Dame/43,,,,,Friday,2026-01-02_Notre Dame_Western Michigan
2026-01-02,Non-Conference,,Bowling Green,/reports/team/Bowling-Green/11,,Ohio State,/reports/team/Ohio-State/44,,,,,Friday,2026-01-02_Ohio State_Bowling Green
2026-01-02,Non-Conference,,Alaska,/reports/team/Alaska/4,,Providence,/reports/team/Providence/46,,,,,Friday,2026-01-02_Providence_Alaska
2026-01-02,Non-Conference,,Northeastern,/reports/team/Northeastern/41,,Army,/reports/team/Army/6,,,,,Friday,2026-01-02_Army_Northeastern
2026-01-02,Non-Conference,,RIT,/reports/team/RIT/49,,Penn State,/reports/team/Penn-State/60,,,,,Friday,2026-01-02_Penn State_RIT
2026-01-02,Non-Conference,,Omaha,/reports/team/Omaha/37,,Cornell,/reports/team/Cornell/18,,,,,Friday,2026-01-02_Cornell_Omaha
2026-01-02,Non-Conference,,Maine,/reports/team/Maine/25,,Denver,/reports/team/Denver/20,,,,,Friday,2026-01-02_Denver_Maine
2026-01-02,Non-Conference,,Stonehill,/reports/team/Stonehill/422,,St Lawrence,/reports/team/St-Lawrence/53,,,,,Friday,2026-01-02_St. Lawrence_Stonehill
2026-01-02,Non-Conference,,Colorado College,/reports/team/Colorado-College/16,,Augustana,/reports/team/Augustana/64,,,,,Friday,2026-01-02_Augustana_Colorado College
2026-01-02,Non-Conference,,Canisius,/reports/team/Canisius/13,,Lindenwood,/reports/team/Lindenwood/433,,,,,Friday,2026-01-02_Lindenwood_Canisius
2026-01-02,Exhibition,,Minnesota,/reports/team/Minnesota/34,,Bemidji State,/reports/team/Bemidji-State/7,,,,,Friday,2026-01-02_Bemidji State_Minnesota
2026-01-03,Atlantic Hockey,,Bentley,/reports/team/Bentley/8,,Holy Cross,/reports/team/Holy-Cross/23,,,,,Saturday,2026-01-03_Holy Cross_Bentley
2026-01-03,Atlantic Hockey,,Sacred Heart,/reports/team/Sacred-Heart/51,,Robert Morris,/reports/team/Robert-Morris/50,,,,,Saturday,2026-01-03_Robert Morris_Sacred Heart
2026-01-03,CCHA,,Ferris State,/reports/team/Ferris-State/21,,St Thomas,/reports/team/St-Thomas/63,,,,,Saturday,2026-01-03_St. Thomas_Ferris State
2026-01-03,CCHA,,Northern Michigan,/reports/team/Northern-Michigan/42,,Lake Superior,/reports/team/Lake-Superior/24,,,,,Saturday,2026-01-03_Lake Superior_Northern Michigan
2026-01-03,ECAC,,Dartmouth,/reports/team/Dartmouth/19,,Quinnipiac,/reports/team/Quinnipiac/47,,,,,Saturday,2026-01-03_Quinnipiac_Dartmouth
2026-01-03,ECAC,,Harvard,/reports/team/Harvard/22,,Princeton,/reports/team/Princeton/45,,,,,Saturday,2026-01-03_Princeton_Harvard
2026-01-03,"Cactus Cup (at Acrisure Arena, Palm Springs, Calif.)",,Yale,/reports/team/Yale/59,,TBD,,,,,,Saturday,2026-01-03_TBD_Yale
2026-01-03,"Cactus Cup (at Acrisure Arena, Palm Springs, Calif.)",,Mass Lowell,/reports/team/Mass-Lowell/26,,TBD,,,,,,Saturday,2026-01-03_TBD_Mass.-Lowell
2026-01-03,"Cactus Cup (at Acrisure Arena, Palm Springs, Calif.)",,St Cloud State,/reports/team/St-Cloud-State/52,,TBD,,,,,,Saturday,2026-01-03_TBD_St. Cloud State
2026-01-03,"Cactus Cup (at Acrisure Arena, Palm Springs, Calif.)",,Minnesota State,/reports/team/Minnesota-State/35,,TBD,,,,,,Saturday,2026-01-03_TBD_Minnesota State
2026-01-03,"Desert Hockey Classic (at Mullett Arena, Tempe, Ariz.)",,TBD,,,Arizona State,/reports/team/Arizona-State/61,,,,,Saturday,2026-01-03_Arizona State_TBD
2026-01-03,"Desert Hockey Classic (at Mullett Arena, Tempe, Ariz.)",,Alaska Anchorage,/reports/team/Alaska-Anchorage/3,,TBD,,,,,,Saturday,2026-01-03_TBD_Alaska-Anchorage
2026-01-03,"Desert Hockey Classic (at Mullett Arena, Tempe, Ariz.)",,Air Force,/reports/team/Air-Force/1,,TBD,,,,,,Saturday,2026-01-03_TBD_Air Force
2026-01-03,"Desert Hockey Classic (at Mullett Arena, Tempe, Ariz.)",,Michigan Tech,/reports/team/Michigan-Tech/33,,TBD,,,,,,Saturday,2026-01-03_TBD_Michigan Tech
2026-01-03,Non-Conference,,Clarkson,/reports/team/Clarkson/14,,Niagara,/reports/team/Niagara/39,,,,,Saturday,2026-01-03_Niagara_Clarkson
2026-01-03,Non-Conference,,Mercyhurst,/reports/team/Mercyhurst/28,,North Dakota,/reports/team/North-Dakota/40,,,,,Saturday,2026-01-03_North Dakota_Mercyhurst
2026-01-03,Non-Conference,,Alaska,/reports/team/Alaska/4,,Providence,/reports/team/Providence/46,,,,,Saturday,2026-01-03_Providence_Alaska
2026-01-03,Non-Conference,,Notre Dame,/reports/team/Notre-Dame/43,,Western Michigan,/reports/team/Western-Michigan/57,,,,,Saturday,2026-01-03_Western Michigan_Notre Dame
2026-01-03,Non-Conference,,Connecticut,/reports/team/Connecticut/17,,Long Island,/reports/team/Long-Island/62,,,,,Saturday,2026-01-03_Long Island_Connecticut
2026-01-03,Non-Conference,,Canisius,/reports/team/Canisius/13,,Lindenwood,/reports/team/Lindenwood/433,,,,,Saturday,2026-01-03_Lindenwood_Canisius
2026-01-03,Non-Conference,,Stonehill,/reports/team/Stonehill/422,,St Lawrence,/reports/team/St-Lawrence/53,,,,,Saturday,2026-01-03_St. Lawrence_Stonehill
2026-01-03,Non-Conference,,Maine,/reports/team/Maine/25,,Denver,/reports/team/Denver/20,,,,,Saturday,2026-01-03_Denver_Maine
2026-01-03,Non-Conference,,RPI,/reports/team/RPI/48,,Vermont,/reports/team/Vermont/55,,,,,Saturday,2026-01-03_Vermont_RPI
2026-01-03,Non-Conference,,Colorado College,/reports/team/Colorado-College/16,,Augustana,/reports/team/Augustana/64,,,,,Saturday,2026-01-03_Augustana_Colorado College
2026-01-03,Non-Conference,,Omaha,/reports/team/Omaha/37,,Cornell,/reports/team/Cornell/18,,,,,Saturday,2026-01-03_Cornell_Omaha
2026-01-03,Non-Conference,,Colgate,/reports/team/Colgate/15,,New Hampshire,/reports/team/New-Hampshire/38,,,,,Saturday,2026-01-03_New Hampshire_Colgate
2026-01-03,Non-Conference,,Penn State,/reports/team/Penn-State/60,,RIT,/reports/team/RIT/49,,,,,Saturday,2026-01-03_RIT_Penn State
2026-01-03,Non-Conference,,Ohio State,/reports/team/Ohio-State/44,,Bowling Green,/reports/team/Bowling-Green/11,,,,,Saturday,2026-01-03_Bowling Green_Ohio State
2026-01-03,Exhibition,,Simon Fraser,,,Boston University,/reports/team/Boston-University/10,,,,,Saturday,2026-01-03_Boston University_Simon Fraser
2026-01-03,Exhibition,,Royal Military,,,Union,/reports/team/Union/54,,,,,Saturday,2026-01-03_Union_Royal Military
2026-01-04,Exhibition,,US Under 18,,,Michigan State,/reports/team/Michigan-State/32,,,,,Sunday,2026-01-04_Michigan State_US Under-18
2026-01-04,CCHA,,Northern Michigan,/reports/team/Northern-Michigan/42,,Lake Superior,/reports/team/Lake-Superior/24,,,,,Sunday,2026-01-04_Lake Superior_Northern Michigan
2026-01-04,Non-Conference,,Colgate,/reports/team/Colgate/15,,New Hampshire,/reports/team/New-Hampshire/38,,,,,Sunday,2026-01-04_New Hampshire_Colgate
2026-01-09,Atlantic Hockey,,Bentley,/reports/team/Bentley/8,,Air Force,/reports/team/Air-Force/1,,,,,Friday,2026-01-09_Air Force_Bentley
2026-01-09,Atlantic Hockey,,Sacred Heart,/reports/team/Sacred-Heart/51,,Niagara,/reports/team/Niagara/39,,,,,Friday,2026-01-09_Niagara_Sacred Heart
2026-01-09,Atlantic Hockey,,Army,/reports/team/Army/6,,Mercyhurst,/reports/team/Mercyhurst/28,,,,,Friday,2026-01-09_Mercyhurst_Army
2026-01-09,Atlantic Hockey,,Robert Morris,/reports/team/Robert-Morris/50,,RIT,/reports/team/RIT/49,,,,,Friday,2026-01-09_RIT_Robert Morris
2026-01-09,CCHA,,Bowling Green,/reports/team/Bowling-Green/11,,Ferris State,/reports/team/Ferris-State/21,,,,,Friday,2026-01-09_Ferris State_Bowling Green
2026-01-09,CCHA,,Augustana,/reports/team/Augustana/64,,Northern Michigan,/reports/team/Northern-Michigan/42,,,,,Friday,2026-01-09_Northern Michigan_Augustana
2026-01-09,CCHA,,Michigan Tech,/reports/team/Michigan-Tech/33,,Bemidji State,/reports/team/Bemidji-State/7,,,,,Friday,2026-01-09_Bemidji State_Michigan Tech
2026-01-09,ECAC,,Clarkson,/reports/team/Clarkson/14,,Brown,/reports/team/Brown/12,,,,,Friday,2026-01-09_Brown_Clarkson
2026-01-09,ECAC,,Union,/reports/team/Union/54,,Quinnipiac,/reports/team/Quinnipiac/47,,,,,Friday,2026-01-09_Quinnipiac_Union
2026-01-09,ECAC,,St Lawrence,/reports/team/St-Lawrence/53,,Yale,/reports/team/Yale/59,,,,,Friday,2026-01-09_Yale_St. Lawrence
2026-01-09,ECAC,,Harvard,/reports/team/Harvard/22,,Dartmouth,/reports/team/Dartmouth/19,,,,,Friday,2026-01-09_Dartmouth_Harvard
2026-01-09,ECAC,,RPI,/reports/team/RPI/48,,Princeton,/reports/team/Princeton/45,,,,,Friday,2026-01-09_Princeton_RPI
2026-01-09,Hockey East,,Mass Lowell,/reports/team/Mass-Lowell/26,,Connecticut,/reports/team/Connecticut/17,,,,,Friday,2026-01-09_Connecticut_Mass.-Lowell
2026-01-09,Hockey East,,Boston University,/reports/team/Boston-University/10,,Massachusetts,/reports/team/Massachusetts/27,,,,,Friday,2026-01-09_Massachusetts_Boston University
2026-01-09,Hockey East,,Maine,/reports/team/Maine/25,,Providence,/reports/team/Providence/46,,,,,Friday,2026-01-09_Providence_Maine
2026-01-09,Hockey East,,Northeastern,/reports/team/Northeastern/41,,Vermont,/reports/team/Vermont/55,,,,,Friday,2026-01-09_Vermont_Northeastern
2026-01-09,NCHC,,North Dakota,/reports/team/North-Dakota/40,,Colorado College,/reports/team/Colorado-College/16,,,,,Friday,2026-01-09_Colorado College_North Dakota
2026-01-09,NCHC,,St Cloud State,/reports/team/St-Cloud-State/52,,Omaha,/reports/team/Omaha/37,,,,,Friday,2026-01-09_Omaha_St. Cloud State
2026-01-09,NCHC,,Western Michigan,/reports/team/Western-Michigan/57,,Denver,/reports/team/Denver/20,,,,,Friday,2026-01-09_Denver_Western Michigan
2026-01-09,NCHC,,Miami,/reports/team/Miami/30,,Arizona State,/reports/team/Arizona-State/61,,,,,Friday,2026-01-09_Arizona State_Miami
2026-01-09,Non-Conference,,Lindenwood,/reports/team/Lindenwood/433,,Minnesota Duluth,/reports/team/Minnesota-Duluth/36,,,,,Friday,2026-01-09_Minnesota-Duluth_Lindenwood
2026-01-09,Non-Conference,,Alaska Anchorage,/reports/team/Alaska-Anchorage/3,,Wisconsin,/reports/team/Wisconsin/58,,,,,Friday,2026-01-09_Wisconsin_Alaska-Anchorage
2026-01-09,Non-Conference,,Alaska,/reports/team/Alaska/4,,Cornell,/reports/team/Cornell/18,,,,,Friday,2026-01-09_Cornell_Alaska
2026-01-09,Exhibition,,Stonehill,/reports/team/Stonehill/422,,Boston College,/reports/team/Boston-College/9,,,,,Friday,2026-01-09_Boston College_Stonehill
2026-01-10,Atlantic Hockey,,Bentley,/reports/team/Bentley/8,,Air Force,/reports/team/Air-Force/1,,,,,Saturday,2026-01-10_Air Force_Bentley
2026-01-10,Atlantic Hockey,,Sacred Heart,/reports/team/Sacred-Heart/51,,Niagara,/reports/team/Niagara/39,,,,,Saturday,2026-01-10_Niagara_Sacred Heart
2026-01-10,Atlantic Hockey,,Army,/reports/team/Army/6,,Mercyhurst,/reports/team/Mercyhurst/28,,,,,Saturday,2026-01-10_Mercyhurst_Army
2026-01-10,Atlantic Hockey,,Robert Morris,/reports/team/Robert-Morris/50,,RIT,/reports/team/RIT/49,,,,,Saturday,2026-01-10_RIT_Robert Morris
2026-01-10,CCHA,,Bowling Green,/reports/team/Bowling-Green/11,,Ferris State,/reports/team/Ferris-State/21,,,,,Saturday,2026-01-10_Ferris State_Bowling Green
2026-01-10,CCHA,,Augustana,/reports/team/Augustana/64,,Northern Michigan,/reports/team/Northern-Michigan/42,,,,,Saturday,2026-01-10_Northern Michigan_Augustana
2026-01-10,CCHA,,Michigan Tech,/reports/team/Michigan-Tech/33,,Bemidji State,/reports/team/Bemidji-State/7,,,,,Saturday,2026-01-10_Bemidji State_Michigan Tech
2026-01-10,CCHA,,St Thomas,/reports/team/St-Thomas/63,,Minnesota State,/reports/team/Minnesota-State/35,,,,,Saturday,2026-01-10_Minnesota State_St. Thomas
2026-01-10,ECAC,,St Lawrence,/reports/team/St-Lawrence/53,,Brown,/reports/team/Brown/12,,,,,Saturday,2026-01-10_Brown_St. Lawrence
2026-01-10,ECAC,,RPI,/reports/team/RPI/48,,Quinnipiac,/reports/team/Quinnipiac/47,,,,,Saturday,2026-01-10_Quinnipiac_RPI
2026-01-10,ECAC,,Clarkson,/reports/team/Clarkson/14,,Yale,/reports/team/Yale/59,,,,,Saturday,2026-01-10_Yale_Clarkson
2026-01-10,ECAC,,Union,/reports/team/Union/54,,Princeton,/reports/team/Princeton/45,,,,,Saturday,2026-01-10_Princeton_Union
2026-01-10,Hockey East,,Massachusetts,/reports/team/Massachusetts/27,,Boston University,/reports/team/Boston-University/10,,,,,Saturday,2026-01-10_Boston University_Massachusetts
2026-01-10,Hockey East,,Maine,/reports/team/Maine/25,,Providence,/reports/team/Providence/46,,,,,Saturday,2026-01-10_Providence_Maine
2026-01-10,Hockey East,,Connecticut,/reports/team/Connecticut/17,,Mass Lowell,/reports/team/Mass-Lowell/26,,,,,Saturday,2026-01-10_Mass.-Lowell_Connecticut
2026-01-10,Hockey East,,Northeastern,/reports/team/Northeastern/41,,Vermont,/reports/team/Vermont/55,,,,,Saturday,2026-01-10_Vermont_Northeastern
2026-01-10,NCHC,,North Dakota,/reports/team/North-Dakota/40,,Colorado College,/reports/team/Colorado-College/16,,,,,Saturday,2026-01-10_Colorado College_North Dakota
2026-01-10,NCHC,,St Cloud State,/reports/team/St-Cloud-State/52,,Omaha,/reports/team/Omaha/37,,,,,Saturday,2026-01-10_Omaha_St. Cloud State
2026-01-10,NCHC,,Miami,/reports/team/Miami/30,,Arizona State,/reports/team/Arizona-State/61,,,,,Saturday,2026-01-10_Arizona State_Miami
2026-01-10,NCHC,,Western Michigan,/reports/team/Western-Michigan/57,,Denver,/reports/team/Denver/20,,,,,Saturday,2026-01-10_Denver_Western Michigan
2026-01-10,Non-Conference,,Merrimack,/reports/team/Merrimack/29,,Holy Cross,/reports/team/Holy-Cross/23,,,,,Saturday,2026-01-10_Holy Cross_Merrimack
2026-01-10,Non-Conference,,Lindenwood,/reports/team/Lindenwood/433,,Minnesota Duluth,/reports/team/Minnesota-Duluth/36,,,,,Saturday,2026-01-10_Minnesota-Duluth_Lindenwood
2026-01-10,Non-Conference,,Alaska Anchorage,/reports/team/Alaska-Anchorage/3,,Wisconsin,/reports/team/Wisconsin/58,,,,,Saturday,2026-01-10_Wisconsin_Alaska-Anchorage
2026-01-10,Non-Conference,,Alaska,/reports/team/Alaska/4,,Cornell,/reports/team/Cornell/18,,,,,Saturday,2026-01-10_Cornell_Alaska
2026-01-11,Non-Conference,,Long Island,/reports/team/Long-Island/62,,Stonehill,/reports/team/Stonehill/422,,,,,Sunday,2026-01-11_Stonehill_Long Island
2026-01-12,Non-Conference,,Boston University,/reports/team/Boston-University/10,,Harvard,/reports/team/Harvard/22,,,,,Monday,2026-01-12_Harvard_Boston University
2026-01-16,Atlantic Hockey,,RIT,/reports/team/RIT/49,,Canisius,/reports/team/Canisius/13,,,,,Friday,2026-01-16_Canisius_RIT
2026-01-16,Atlantic Hockey,,Air Force,/reports/team/Air-Force/1,,Holy Cross,/reports/team/Holy-Cross/23,,,,,Friday,2026-01-16_Holy Cross_Air Force
2026-01-16,Atlantic Hockey,,Robert Morris,/reports/team/Robert-Morris/50,,Army,/reports/team/Army/6,,,,,Friday,2026-01-16_Army_Robert Morris
2026-01-16,Atlantic Hockey,,Niagara,/reports/team/Niagara/39,,Mercyhurst,/reports/team/Mercyhurst/28,,,,,Friday,2026-01-16_Mercyhurst_Niagara
2026-01-16,Atlantic Hockey,,Bentley,/reports/team/Bentley/8,,Sacred Heart,/reports/team/Sacred-Heart/51,,,,,Friday,2026-01-16_Sacred Heart_Bentley
2026-01-16,CCHA,,Bemidji State,/reports/team/Bemidji-State/7,,St Thomas,/reports/team/St-Thomas/63,,,,,Friday,2026-01-16_St. Thomas_Bemidji State
2026-01-16,CCHA,,Lake Superior,/reports/team/Lake-Superior/24,,Bowling Green,/reports/team/Bowling-Green/11,,,,,Friday,2026-01-16_Bowling Green_Lake Superior
2026-01-16,CCHA,,Minnesota State,/reports/team/Minnesota-State/35,,Michigan Tech,/reports/team/Michigan-Tech/33,,,,,Friday,2026-01-16_Michigan Tech_Minnesota State
2026-01-16,CCHA,,Ferris State,/reports/team/Ferris-State/21,,Augustana,/reports/team/Augustana/64,,,,,Friday,2026-01-16_Augustana_Ferris State
2026-01-16,ECAC,,Quinnipiac,/reports/team/Quinnipiac/47,,Colgate,/reports/team/Colgate/15,,,,,Friday,2026-01-16_Colgate_Quinnipiac
2026-01-16,ECAC,,Princeton,/reports/team/Princeton/45,,Cornell,/reports/team/Cornell/18,,,,,Friday,2026-01-16_Cornell_Princeton
2026-01-16,ECAC,,Clarkson,/reports/team/Clarkson/14,,Dartmouth,/reports/team/Dartmouth/19,,,,,Friday,2026-01-16_Dartmouth_Clarkson
2026-01-16,ECAC,,St Lawrence,/reports/team/St-Lawrence/53,,Harvard,/reports/team/Harvard/22,,,,,Friday,2026-01-16_Harvard_St. Lawrence
2026-01-16,ECAC,,Yale,/reports/team/Yale/59,,RPI,/reports/team/RPI/48,,,,,Friday,2026-01-16_RPI_Yale
2026-01-16,ECAC,,Brown,/reports/team/Brown/12,,Union,/reports/team/Union/54,,,,,Friday,2026-01-16_Union_Brown
2026-01-16,Hockey East,,Mass Lowell,/reports/team/Mass-Lowell/26,,Boston University,/reports/team/Boston-University/10,,,,,Friday,2026-01-16_Boston University_Mass.-Lowell
2026-01-16,Hockey East,,Vermont,/reports/team/Vermont/55,,Connecticut,/reports/team/Connecticut/17,,,,,Friday,2026-01-16_Connecticut_Vermont
2026-01-16,Hockey East,,Massachusetts,/reports/team/Massachusetts/27,,Merrimack,/reports/team/Merrimack/29,,,,,Friday,2026-01-16_Merrimack_Massachusetts
2026-01-16,Hockey East,,Providence,/reports/team/Providence/46,,Boston College,/reports/team/Boston-College/9,,,,,Friday,2026-01-16_Boston College_Providence
2026-01-16,Hockey East,,Northeastern,/reports/team/Northeastern/41,,New Hampshire,/reports/team/New-Hampshire/38,,,,,Friday,2026-01-16_New Hampshire_Northeastern
2026-01-16,NCHC,,Omaha,/reports/team/Omaha/37,,Miami,/reports/team/Miami/30,,,,,Friday,2026-01-16_Miami_Omaha
2026-01-16,NCHC,,Denver,/reports/team/Denver/20,,North Dakota,/reports/team/North-Dakota/40,,,,,Friday,2026-01-16_North Dakota_Denver
2026-01-16,NCHC,,Minnesota Duluth,/reports/team/Minnesota-Duluth/36,,St Cloud State,/reports/team/St-Cloud-State/52,,,,,Friday,2026-01-16_St. Cloud State_Minnesota-Duluth
2026-01-16,Non-Conference,,Alaska Anchorage,/reports/team/Alaska-Anchorage/3,,Alaska,/reports/team/Alaska/4,,,,,Friday,2026-01-16_Alaska_Alaska-Anchorage
2026-01-16,Non-Conference,,Stonehill,/reports/team/Stonehill/422,,Lindenwood,/reports/team/Lindenwood/433,,,,,Friday,2026-01-16_Lindenwood_Stonehill
2026-01-17,Atlantic Hockey,,Air Force,/reports/team/Air-Force/1,,Holy Cross,/reports/team/Holy-Cross/23,,,,,Saturday,2026-01-17_Holy Cross_Air Force
2026-01-17,Atlantic Hockey,,Mercyhurst,/reports/team/Mercyhurst/28,,Niagara,/reports/team/Niagara/39,,,,,Saturday,2026-01-17_Niagara_Mercyhurst
2026-01-17,Atlantic Hockey,,Robert Morris,/reports/team/Robert-Morris/50,,Army,/reports/team/Army/6,,,,,Saturday,2026-01-17_Army_Robert Morris
2026-01-17,Atlantic Hockey,,Bentley,/reports/team/Bentley/8,,Sacred Heart,/reports/team/Sacred-Heart/51,,,,,Saturday,2026-01-17_Sacred Heart_Bentley
2026-01-17,Atlantic Hockey,,Canisius,/reports/team/Canisius/13,,RIT,/reports/team/RIT/49,,,,,Saturday,2026-01-17_RIT_Canisius
2026-01-17,CCHA,,Bemidji State,/reports/team/Bemidji-State/7,,St Thomas,/reports/team/St-Thomas/63,,,,,Saturday,2026-01-17_St. Thomas_Bemidji State
2026-01-17,CCHA,,Minnesota State,/reports/team/Minnesota-State/35,,Michigan Tech,/reports/team/Michigan-Tech/33,,,,,Saturday,2026-01-17_Michigan Tech_Minnesota State
2026-01-17,CCHA,,Ferris State,/reports/team/Ferris-State/21,,Augustana,/reports/team/Augustana/64,,,,,Saturday,2026-01-17_Augustana_Ferris State
2026-01-17,CCHA,,Lake Superior,/reports/team/Lake-Superior/24,,Bowling Green,/reports/team/Bowling-Green/11,,,,,Saturday,2026-01-17_Bowling Green_Lake Superior
2026-01-17,ECAC,,Princeton,/reports/team/Princeton/45,,Colgate,/reports/team/Colgate/15,,,,,Saturday,2026-01-17_Colgate_Princeton
2026-01-17,ECAC,,Brown,/reports/team/Brown/12,,RPI,/reports/team/RPI/48,,,,,Saturday,2026-01-17_RPI_Brown
2026-01-17,ECAC,,Yale,/reports/team/Yale/59,,Union,/reports/team/Union/54,,,,,Saturday,2026-01-17_Union_Yale
2026-01-17,ECAC,,Quinnipiac,/reports/team/Quinnipiac/47,,Cornell,/reports/team/Cornell/18,,,,,Saturday,2026-01-17_Cornell_Quinnipiac
2026-01-17,ECAC,,St Lawrence,/reports/team/St-Lawrence/53,,Dartmouth,/reports/team/Dartmouth/19,,,,,Saturday,2026-01-17_Dartmouth_St. Lawrence
2026-01-17,ECAC,,Clarkson,/reports/team/Clarkson/14,,Harvard,/reports/team/Harvard/22,,,,,Saturday,2026-01-17_Harvard_Clarkson
2026-01-17,Hockey East,,Vermont,/reports/team/Vermont/55,,Connecticut,/reports/team/Connecticut/17,,,,,Saturday,2026-01-17_Connecticut_Vermont
2026-01-17,Hockey East,,Merrimack,/reports/team/Merrimack/29,,Massachusetts,/reports/team/Massachusetts/27,,,,,Saturday,2026-01-17_Massachusetts_Merrimack
2026-01-17,Hockey East,,New Hampshire,/reports/team/New-Hampshire/38,,Northeastern,/reports/team/Northeastern/41,,,,,Saturday,2026-01-17_Northeastern_New Hampshire
2026-01-17,Hockey East,,Boston College,/reports/team/Boston-College/9,,Providence,/reports/team/Providence/46,,,,,Saturday,2026-01-17_Providence_Boston College
2026-01-17,Hockey East,,Boston University,/reports/team/Boston-University/10,,Mass Lowell,/reports/team/Mass-Lowell/26,,,,,Saturday,2026-01-17_Mass.-Lowell_Boston University
2026-01-17,NCHC,,Omaha,/reports/team/Omaha/37,,Miami,/reports/team/Miami/30,,,,,Saturday,2026-01-17_Miami_Omaha
2026-01-17,NCHC,,Denver,/reports/team/Denver/20,,North Dakota,/reports/team/North-Dakota/40,,,,,Saturday,2026-01-17_North Dakota_Denver
2026-01-17,NCHC,,Minnesota Duluth,/reports/team/Minnesota-Duluth/36,,St Cloud State,/reports/team/St-Cloud-State/52,,,,,Saturday,2026-01-17_St. Cloud State_Minnesota-Duluth
2026-01-17,Exhibition,,Simon Fraser,,,Colorado College,/reports/team/Colorado-College/16,,,,,Saturday,2026-01-17_Colorado College_Simon Fraser
2026-01-17,Non-Conference,,Alaska Anchorage,/reports/team/Alaska-Anchorage/3,,Alaska,/reports/team/Alaska/4,,,,,Saturday,2026-01-17_Alaska_Alaska-Anchorage
2026-01-17,Non-Conference,,Stonehill,/reports/team/Stonehill/422,,Lindenwood,/reports/team/Lindenwood/433,,,,,Saturday,2026-01-17_Lindenwood_Stonehill
2026-01-19,ECAC,,Union,/reports/team/Union/54,,Harvard,/reports/team/Harvard/22,,,,,Monday,2026-01-19_Harvard_Union
2026-01-23,ECAC,,Harvard,/reports/team/Harvard/22,,Colgate,/reports/team/Colgate/15,,,,,Friday,2026-01-23_Colgate_Harvard
2026-01-23,ECAC,,St Lawrence,/reports/team/St-Lawrence/53,,Clarkson,/reports/team/Clarkson/14,,,,,Friday,2026-01-23_Clarkson_St. Lawrence
2026-01-23,ECAC,,Dartmouth,/reports/team/Dartmouth/19,,Cornell,/reports/team/Cornell/18,,,,,Friday,2026-01-23_Cornell_Dartmouth
2026-01-23,Hockey East,,Northeastern,/reports/team/Northeastern/41,,Merrimack,/reports/team/Merrimack/29,,,,,Friday,2026-01-23_Merrimack_Northeastern
2026-01-23,Hockey East,,Boston University,/reports/team/Boston-University/10,,Providence,/reports/team/Providence/46,,,,,Friday,2026-01-23_Providence_Boston University
2026-01-23,Hockey East,,New Hampshire,/reports/team/New-Hampshire/38,,Boston College,/reports/team/Boston-College/9,,,,,Friday,2026-01-23_Boston College_New Hampshire
2026-01-23,Hockey East,,Massachusetts,/reports/team/Massachusetts/27,,Vermont,/reports/team/Vermont/55,,,,,Friday,2026-01-23_Vermont_Massachusetts
2026-01-23,Hockey East,,Maine,/reports/team/Maine/25,,Mass Lowell,/reports/team/Mass-Lowell/26,,,,,Friday,2026-01-23_Mass.-Lowell_Maine
2026-01-23,NCHC,,Western Michigan,/reports/team/Western-Michigan/57,,Minnesota Duluth,/reports/team/Minnesota-Duluth/36,,,,,Friday,2026-01-23_Minnesota-Duluth_Western Michigan
2026-01-23,NCHC,,Colorado College,/reports/team/Colorado-College/16,,Omaha,/reports/team/Omaha/37,,,,,Friday,2026-01-23_Omaha_Colorado College
2026-01-23,NCHC,,North Dakota,/reports/team/North-Dakota/40,,Arizona State,/reports/team/Arizona-State/61,,,,,Friday,2026-01-23_Arizona State_North Dakota
2026-01-23,NCHC,,St Cloud State,/reports/team/St-Cloud-State/52,,Denver,/reports/team/Denver/20,,,,,Friday,2026-01-23_Denver_St. Cloud State
2026-01-23,"Connecticut Ice Tournament (at Ingalls Rink, New Haven, Conn.)",,Sacred Heart,/reports/team/Sacred-Heart/51,,Quinnipiac,/reports/team/Quinnipiac/47,,,,,Friday,2026-01-23_Quinnipiac_Sacred Heart
2026-01-23,"Connecticut Ice Tournament (at Ingalls Rink, New Haven, Conn.)",,Connecticut,/reports/team/Connecticut/17,,Yale,/reports/team/Yale/59,,,,,Friday,2026-01-23_Yale_Connecticut
2026-01-23,Non-Conference,,Princeton,/reports/team/Princeton/45,,Bentley,/reports/team/Bentley/8,,,,,Friday,2026-01-23_Bentley_Princeton
2026-01-23,Non-Conference,,Long Island,/reports/team/Long-Island/62,,Alaska Anchorage,/reports/team/Alaska-Anchorage/3,,,,,Friday,2026-01-23_Alaska-Anchorage_Long Island
2026-01-23,Non-Conference,,Lindenwood,/reports/team/Lindenwood/433,,Alaska,/reports/team/Alaska/4,,,,,Friday,2026-01-23_Alaska_Lindenwood
2026-01-23,Atlantic Hockey,,Canisius,/reports/team/Canisius/13,,Mercyhurst,/reports/team/Mercyhurst/28,,,,,Friday,2026-01-23_Mercyhurst_Canisius
2026-01-23,Atlantic Hockey,,Holy Cross,/reports/team/Holy-Cross/23,,Robert Morris,/reports/team/Robert-Morris/50,,,,,Friday,2026-01-23_Robert Morris_Holy Cross
2026-01-23,Atlantic Hockey,,Niagara,/reports/team/Niagara/39,,RIT,/reports/team/RIT/49,,,,,Friday,2026-01-23_RIT_Niagara
2026-01-23,CCHA,,St Thomas,/reports/team/St-Thomas/63,,Lake Superior,/reports/team/Lake-Superior/24,,,,,Friday,2026-01-23_Lake Superior_St. Thomas
2026-01-23,CCHA,,Michigan Tech,/reports/team/Michigan-Tech/33,,Northern Michigan,/reports/team/Northern-Michigan/42,,,,,Friday,2026-01-23_Northern Michigan_Michigan Tech
2026-01-23,CCHA,,Bowling Green,/reports/team/Bowling-Green/11,,Bemidji State,/reports/team/Bemidji-State/7,,,,,Friday,2026-01-23_Bemidji State_Bowling Green
2026-01-24,Atlantic Hockey,,RIT,/reports/team/RIT/49,,Niagara,/reports/team/Niagara/39,,,,,Saturday,2026-01-24_Niagara_RIT
2026-01-24,Atlantic Hockey,,Canisius,/reports/team/Canisius/13,,Mercyhurst,/reports/team/Mercyhurst/28,,,,,Saturday,2026-01-24_Mercyhurst_Canisius
2026-01-24,Atlantic Hockey,,Holy Cross,/reports/team/Holy-Cross/23,,Robert Morris,/reports/team/Robert-Morris/50,,,,,Saturday,2026-01-24_Robert Morris_Holy Cross
2026-01-24,ECAC,,Dartmouth,/reports/team/Dartmouth/19,,Colgate,/reports/team/Colgate/15,,,,,Saturday,2026-01-24_Colgate_Dartmouth
2026-01-24,ECAC,,Harvard,/reports/team/Harvard/22,,Cornell,/reports/team/Cornell/18,,,,,Saturday,2026-01-24_Cornell_Harvard
2026-01-24,ECAC,,Clarkson,/reports/team/Clarkson/14,,St Lawrence,/reports/team/St-Lawrence/53,,,,,Saturday,2026-01-24_St. Lawrence_Clarkson
2026-01-24,Hockey East,,Providence,/reports/team/Providence/46,,Boston University,/reports/team/Boston-University/10,,,,,Saturday,2026-01-24_Boston University_Providence
2026-01-24,Hockey East,,Merrimack,/reports/team/Merrimack/29,,Northeastern,/reports/team/Northeastern/41,,,,,Saturday,2026-01-24_Northeastern_Merrimack
2026-01-24,Hockey East,,Maine,/reports/team/Maine/25,,Mass Lowell,/reports/team/Mass-Lowell/26,,,,,Saturday,2026-01-24_Mass.-Lowell_Maine
2026-01-24,Hockey East,,Boston College,/reports/team/Boston-College/9,,New Hampshire,/reports/team/New-Hampshire/38,,,,,Saturday,2026-01-24_New Hampshire_Boston College
2026-01-24,Hockey East,,Massachusetts,/reports/team/Massachusetts/27,,Vermont,/reports/team/Vermont/55,,,,,Saturday,2026-01-24_Vermont_Massachusetts
2026-01-24,NCHC,,Western Michigan,/reports/team/Western-Michigan/57,,Minnesota Duluth,/reports/team/Minnesota-Duluth/36,,,,,Saturday,2026-01-24_Minnesota-Duluth_Western Michigan
2026-01-24,NCHC,,Colorado College,/reports/team/Colorado-College/16,,Omaha,/reports/team/Omaha/37,,,,,Saturday,2026-01-24_Omaha_Colorado College
2026-01-24,NCHC,,North Dakota,/reports/team/North-Dakota/40,,Arizona State,/reports/team/Arizona-State/61,,,,,Saturday,2026-01-24_Arizona State_North Dakota
2026-01-24,NCHC,,St Cloud State,/reports/team/St-Cloud-State/52,,Denver,/reports/team/Denver/20,,,,,Saturday,2026-01-24_Denver_St. Cloud State
2026-01-24,"Connecticut Ice Tournament (at Ingalls Rink, New Haven, Conn.)",,TBD,,,Yale,/reports/team/Yale/59,,,,,Saturday,2026-01-24_Yale_TBD
2026-01-24,"Connecticut Ice Tournament (at Ingalls Rink, New Haven, Conn.)",,Sacred Heart,/reports/team/Sacred-Heart/51,,TBD,,,,,,Saturday,2026-01-24_TBD_Sacred Heart
2026-01-24,"Connecticut Ice Tournament (at Ingalls Rink, New Haven, Conn.)",,Connecticut,/reports/team/Connecticut/17,,TBD,,,,,,Saturday,2026-01-24_TBD_Connecticut
2026-01-24,"Connecticut Ice Tournament (at Ingalls Rink, New Haven, Conn.)",,Quinnipiac,/reports/team/Quinnipiac/47,,TBD,,,,,,Saturday,2026-01-24_TBD_Quinnipiac
2026-01-24,Non-Conference,,Princeton,/reports/team/Princeton/45,,Bentley,/reports/team/Bentley/8,,,,,Saturday,2026-01-24_Bentley_Princeton
2026-01-24,Non-Conference,,Long Island,/reports/team/Long-Island/62,,Alaska Anchorage,/reports/team/Alaska-Anchorage/3,,,,,Saturday,2026-01-24_Alaska-Anchorage_Long Island
2026-01-24,Non-Conference,"Mayors Cup – MVP Arena, Albany, N.Y.",Union,/reports/team/Union/54,,RPI,/reports/team/RPI/48,,,,,Saturday,2026-01-24_RPI_Union
2026-01-24,Non-Conference,,Brown,/reports/team/Brown/12,,Stonehill,/reports/team/Stonehill/422,,,,,Saturday,2026-01-24_Stonehill_Brown
2026-01-24,Non-Conference,,Lindenwood,/reports/team/Lindenwood/433,,Alaska,/reports/team/Alaska/4,,,,,Saturday,2026-01-24_Alaska_Lindenwood
2026-01-24,Exhibition,,Royal Military,,,Army,/reports/team/Army/6,,,,,Saturday,2026-01-24_Army_Royal Military
2026-01-24,CCHA,,St Thomas,/reports/team/St-Thomas/63,,Lake Superior,/reports/team/Lake-Superior/24,,,,,Saturday,2026-01-24_Lake Superior_St. Thomas
2026-01-24,CCHA,,Northern Michigan,/reports/team/Northern-Michigan/42,,Michigan Tech,/reports/team/Michigan-Tech/33,,,,,Saturday,2026-01-24_Michigan Tech_Northern Michigan
2026-01-24,CCHA,,Bowling Green,/reports/team/Bowling-Green/11,,Bemidji State,/reports/team/Bemidji-State/7,,,,,Saturday,2026-01-24_Bemidji State_Bowling Green
2026-01-24,CCHA,,Augustana,/reports/team/Augustana/64,,Minnesota State,/reports/team/Minnesota-State/35,,,,,Saturday,2026-01-24_Minnesota State_Augustana
2026-01-27,Non-Conference,,Long Island,/reports/team/Long-Island/62,,Alaska Anchorage,/reports/team/Alaska-Anchorage/3,,,,,Tuesday,2026-01-27_Alaska-Anchorage_Long Island
2026-01-29,Atlantic Hockey,,Army,/reports/team/Army/6,,Holy Cross,/reports/team/Holy-Cross/23,,,,,Thursday,2026-01-29_Holy Cross_Army
2026-01-30,Atlantic Hockey,,Sacred Heart,/reports/team/Sacred-Heart/51,,Air Force,/reports/team/Air-Force/1,,,,,Friday,2026-01-30_Air Force_Sacred Heart
2026-01-30,Atlantic Hockey,,Niagara,/reports/team/Niagara/39,,Canisius,/reports/team/Canisius/13,,,,,Friday,2026-01-30_Canisius_Niagara
2026-01-30,Atlantic Hockey,,Army,/reports/team/Army/6,,Holy Cross,/reports/team/Holy-Cross/23,,,,,Friday,2026-01-30_Holy Cross_Army
2026-01-30,Atlantic Hockey,,RIT,/reports/team/RIT/49,,Mercyhurst,/reports/team/Mercyhurst/28,,,,,Friday,2026-01-30_Mercyhurst_RIT
2026-01-30,Atlantic Hockey,,Bentley,/reports/team/Bentley/8,,Robert Morris,/reports/team/Robert-Morris/50,,,,,Friday,2026-01-30_Robert Morris_Bentley
2026-01-30,CCHA,,Minnesota State,/reports/team/Minnesota-State/35,,Ferris State,/reports/team/Ferris-State/21,,,,,Friday,2026-01-30_Ferris State_Minnesota State
2026-01-30,CCHA,,Bemidji State,/reports/team/Bemidji-State/7,,Northern Michigan,/reports/team/Northern-Michigan/42,,,,,Friday,2026-01-30_Northern Michigan_Bemidji State
2026-01-30,CCHA,,Michigan Tech,/reports/team/Michigan-Tech/33,,St Thomas,/reports/team/St-Thomas/63,,,,,Friday,2026-01-30_St. Thomas_Michigan Tech
2026-01-30,CCHA,,Lake Superior,/reports/team/Lake-Superior/24,,Augustana,/reports/team/Augustana/64,,,,,Friday,2026-01-30_Augustana_Lake Superior
2026-01-30,ECAC,,Colgate,/reports/team/Colgate/15,,Brown,/reports/team/Brown/12,,,,,Friday,2026-01-30_Brown_Colgate
2026-01-30,ECAC,,Princeton,/reports/team/Princeton/45,,Clarkson,/reports/team/Clarkson/14,,,,,Friday,2026-01-30_Clarkson_Princeton
2026-01-30,ECAC,,Union,/reports/team/Union/54,,Dartmouth,/reports/team/Dartmouth/19,,,,,Friday,2026-01-30_Dartmouth_Union
2026-01-30,ECAC,,RPI,/reports/team/RPI/48,,Harvard,/reports/team/Harvard/22,,,,,Friday,2026-01-30_Harvard_RPI
2026-01-30,ECAC,,Quinnipiac,/reports/team/Quinnipiac/47,,St Lawrence,/reports/team/St-Lawrence/53,,,,,Friday,2026-01-30_St. Lawrence_Quinnipiac
2026-01-30,ECAC,,Cornell,/reports/team/Cornell/18,,Yale,/reports/team/Yale/59,,,,,Friday,2026-01-30_Yale_Cornell
2026-01-30,Hockey East,,Boston College,/reports/team/Boston-College/9,,Boston University,/reports/team/Boston-University/10,,,,,Friday,2026-01-30_Boston University_Boston College
2026-01-30,Hockey East,,Northeastern,/reports/team/Northeastern/41,,Massachusetts,/reports/team/Massachusetts/27,,,,,Friday,2026-01-30_Massachusetts_Northeastern
2026-01-30,Hockey East,,New Hampshire,/reports/team/New-Hampshire/38,,Merrimack,/reports/team/Merrimack/29,,,,,Friday,2026-01-30_Merrimack_New Hampshire
2026-01-30,NCHC,,Arizona State,/reports/team/Arizona-State/61,,Colorado College,/reports/team/Colorado-College/16,,,,,Friday,2026-01-30_Colorado College_Arizona State
2026-01-30,NCHC,,Miami,/reports/team/Miami/30,,St Cloud State,/reports/team/St-Cloud-State/52,,,,,Friday,2026-01-30_St. Cloud State_Miami
2026-01-30,NCHC,,Omaha,/reports/team/Omaha/37,,Western Michigan,/reports/team/Western-Michigan/57,,,,,Friday,2026-01-30_Western Michigan_Omaha
2026-01-30,NCHC,,Minnesota Duluth,/reports/team/Minnesota-Duluth/36,,Denver,/reports/team/Denver/20,,,,,Friday,2026-01-30_Denver_Minnesota-Duluth
2026-01-30,Non-Conference,,Bowling Green,/reports/team/Bowling-Green/11,,Notre Dame,/reports/team/Notre-Dame/43,,,,,Friday,2026-01-30_Notre Dame_Bowling Green
2026-01-30,Non-Conference,,Stonehill,/reports/team/Stonehill/422,,Vermont,/reports/team/Vermont/55,,,,,Friday,2026-01-30_Vermont_Stonehill
2026-01-30,Non-Conference,,Long Island,/reports/team/Long-Island/62,,Alaska,/reports/team/Alaska/4,,,,,Friday,2026-01-30_Alaska_Long Island
2026-01-31,Atlantic Hockey,,Sacred Heart,/reports/team/Sacred-Heart/51,,Air Force,/reports/team/Air-Force/1,,,,,Saturday,2026-01-31_Air Force_Sacred Heart
2026-01-31,Atlantic Hockey,,Canisius,/reports/team/Canisius/13,,Niagara,/reports/team/Niagara/39,,,,,Saturday,2026-01-31_Niagara_Canisius
2026-01-31,Atlantic Hockey,,RIT,/reports/team/RIT/49,,Mercyhurst,/reports/team/Mercyhurst/28,,,,,Saturday,2026-01-31_Mercyhurst_RIT
2026-01-31,Atlantic Hockey,,Bentley,/reports/team/Bentley/8,,Robert Morris,/reports/team/Robert-Morris/50,,,,,Saturday,2026-01-31_Robert Morris_Bentley
2026-01-31,CCHA,,Minnesota State,/reports/team/Minnesota-State/35,,Ferris State,/reports/team/Ferris-State/21,,,,,Saturday,2026-01-31_Ferris State_Minnesota State
2026-01-31,CCHA,,Bemidji State,/reports/team/Bemidji-State/7,,Northern Michigan,/reports/team/Northern-Michigan/42,,,,,Saturday,2026-01-31_Northern Michigan_Bemidji State
2026-01-31,CCHA,,Michigan Tech,/reports/team/Michigan-Tech/33,,St Thomas,/reports/team/St-Thomas/63,,,,,Saturday,2026-01-31_St. Thomas_Michigan Tech
2026-01-31,CCHA,,Lake Superior,/reports/team/Lake-Superior/24,,Augustana,/reports/team/Augustana/64,,,,,Saturday,2026-01-31_Augustana_Lake Superior
2026-01-31,ECAC,,Colgate,/reports/team/Colgate/15,,Yale,/reports/team/Yale/59,,,,,Saturday,2026-01-31_Yale_Colgate
2026-01-31,ECAC,,Cornell,/reports/team/Cornell/18,,Brown,/reports/team/Brown/12,,,,,Saturday,2026-01-31_Brown_Cornell
2026-01-31,ECAC,,Quinnipiac,/reports/team/Quinnipiac/47,,Clarkson,/reports/team/Clarkson/14,,,,,Saturday,2026-01-31_Clarkson_Quinnipiac
2026-01-31,ECAC,,RPI,/reports/team/RPI/48,,Dartmouth,/reports/team/Dartmouth/19,,,,,Saturday,2026-01-31_Dartmouth_RPI
2026-01-31,ECAC,,Princeton,/reports/team/Princeton/45,,St Lawrence,/reports/team/St-Lawrence/53,,,,,Saturday,2026-01-31_St. Lawrence_Princeton
2026-01-31,NCHC,,Arizona State,/reports/team/Arizona-State/61,,Colorado College,/reports/team/Colorado-College/16,,,,,Saturday,2026-01-31_Colorado College_Arizona State
2026-01-31,NCHC,,Miami,/reports/team/Miami/30,,St Cloud State,/reports/team/St-Cloud-State/52,,,,,Saturday,2026-01-31_St. Cloud State_Miami
2026-01-31,NCHC,,Omaha,/reports/team/Omaha/37,,Western Michigan,/reports/team/Western-Michigan/57,,,,,Saturday,2026-01-31_Western Michigan_Omaha
2026-01-31,NCHC,,Minnesota Duluth,/reports/team/Minnesota-Duluth/36,,Denver,/reports/team/Denver/20,,,,,Saturday,2026-01-31_Denver_Minnesota-Duluth
2026-01-31,Hockey East,,Providence,/reports/team/Providence/46,,Maine,/reports/team/Maine/25,,,,,Saturday,2026-01-31_Maine_Providence
2026-01-31,Hockey East,,Merrimack,/reports/team/Merrimack/29,,New Hampshire,/reports/team/New-Hampshire/38,,,,,Saturday,2026-01-31_New Hampshire_Merrimack
2026-01-31,Non-Conference,,Stonehill,/reports/team/Stonehill/422,,Vermont,/reports/team/Vermont/55,,,,,Saturday,2026-01-31_Vermont_Stonehill
2026-01-31,Non-Conference,,Notre Dame,/reports/team/Notre-Dame/43,,Bowling Green,/reports/team/Bowling-Green/11,,,,,Saturday,2026-01-31_Bowling Green_Notre Dame
2026-01-31,Non-Conference,,Long Island,/reports/team/Long-Island/62,,Alaska,/reports/team/Alaska/4,,,,,Saturday,2026-01-31_Alaska_Long Island
2026-02-01,Hockey East,,Massachusetts,/reports/team/Massachusetts/27,,Mass Lowell,/reports/team/Mass-Lowell/26,,,,,Sunday,2026-02-01_Mass.-Lowell_Massachusetts
2026-02-02,"Beanpot (at TD Garden, Boston)",,Boston College,/reports/team/Boston-College/9,,Harvard,/reports/team/Harvard/22,,,,,Monday,2026-02-02_Harvard_Boston College
2026-02-02,"Beanpot (at TD Garden, Boston)",,Boston University,/reports/team/Boston-University/10,,Northeastern,/reports/team/Northeastern/41,,,,,Monday,2026-02-02_Northeastern_Boston University
2026-02-03,Non-Conference,,Merrimack,/reports/team/Merrimack/29,,Stonehill,/reports/team/Stonehill/422,,,,,Tuesday,2026-02-03_Stonehill_Merrimack
2026-02-06,Atlantic Hockey,,Bentley,/reports/team/Bentley/8,,Holy Cross,/reports/team/Holy-Cross/23,,,,,Friday,2026-02-06_Holy Cross_Bentley
2026-02-06,Atlantic Hockey,,Air Force,/reports/team/Air-Force/1,,Niagara,/reports/team/Niagara/39,,,,,Friday,2026-02-06_Niagara_Air Force
2026-02-06,Atlantic Hockey,,RIT,/reports/team/RIT/49,,Army,/reports/team/Army/6,,,,,Friday,2026-02-06_Army_RIT
2026-02-06,Atlantic Hockey,,Canisius,/reports/team/Canisius/13,,Robert Morris,/reports/team/Robert-Morris/50,,,,,Friday,2026-02-06_Robert Morris_Canisius
2026-02-06,Atlantic Hockey,,Mercyhurst,/reports/team/Mercyhurst/28,,Sacred Heart,/reports/team/Sacred-Heart/51,,,,,Friday,2026-02-06_Sacred Heart_Mercyhurst
2026-02-06,ECAC,,Brown,/reports/team/Brown/12,,Quinnipiac,/reports/team/Quinnipiac/47,,,,,Friday,2026-02-06_Quinnipiac_Brown
2026-02-06,ECAC,,RPI,/reports/team/RPI/48,,Clarkson,/reports/team/Clarkson/14,,,,,Friday,2026-02-06_Clarkson_RPI
2026-02-06,ECAC,,Cornell,/reports/team/Cornell/18,,Colgate,/reports/team/Colgate/15,,,,,Friday,2026-02-06_Colgate_Cornell
2026-02-06,ECAC,,Dartmouth,/reports/team/Dartmouth/19,,Harvard,/reports/team/Harvard/22,,,,,Friday,2026-02-06_Harvard_Dartmouth
2026-02-06,ECAC,,Yale,/reports/team/Yale/59,,Princeton,/reports/team/Princeton/45,,,,,Friday,2026-02-06_Princeton_Yale
2026-02-06,ECAC,,Union,/reports/team/Union/54,,St Lawrence,/reports/team/St-Lawrence/53,,,,,Friday,2026-02-06_St. Lawrence_Union
2026-02-06,Hockey East,,Maine,/reports/team/Maine/25,,Boston University,/reports/team/Boston-University/10,,,,,Friday,2026-02-06_Boston University_Maine
2026-02-06,Hockey East,,Connecticut,/reports/team/Connecticut/17,,Northeastern,/reports/team/Northeastern/41,,,,,Friday,2026-02-06_Northeastern_Connecticut
2026-02-06,Hockey East,,Vermont,/reports/team/Vermont/55,,Boston College,/reports/team/Boston-College/9,,,,,Friday,2026-02-06_Boston College_Vermont
2026-02-06,Hockey East,,Providence,/reports/team/Providence/46,,New Hampshire,/reports/team/New-Hampshire/38,,,,,Friday,2026-02-06_New Hampshire_Providence
2026-02-06,Hockey East,,Massachusetts,/reports/team/Massachusetts/27,,Mass Lowell,/reports/team/Mass-Lowell/26,,,,,Friday,2026-02-06_Mass.-Lowell_Massachusetts
2026-02-06,NCHC,,Denver,/reports/team/Denver/20,,Colorado College,/reports/team/Colorado-College/16,,,,,Friday,2026-02-06_Colorado College_Denver
2026-02-06,NCHC,,Western Michigan,/reports/team/Western-Michigan/57,,Miami,/reports/team/Miami/30,,,,,Friday,2026-02-06_Miami_Western Michigan
2026-02-06,NCHC,,North Dakota,/reports/team/North-Dakota/40,,Minnesota Duluth,/reports/team/Minnesota-Duluth/36,,,,,Friday,2026-02-06_Minnesota-Duluth_North Dakota
2026-02-06,NCHC,,St Cloud State,/reports/team/St-Cloud-State/52,,Arizona State,/reports/team/Arizona-State/61,,,,,Friday,2026-02-06_Arizona State_St. Cloud State
2026-02-06,Non-Conference,,Alaska,/reports/team/Alaska/4,,Alaska Anchorage,/reports/team/Alaska-Anchorage/3,,,,,Friday,2026-02-06_Alaska-Anchorage_Alaska
2026-02-06,Non-Conference,,Lindenwood,/reports/team/Lindenwood/433,,Stonehill,/reports/team/Stonehill/422,,,,,Friday,2026-02-06_Stonehill_Lindenwood
2026-02-06,CCHA,,St Thomas,/reports/team/St-Thomas/63,,Bowling Green,/reports/team/Bowling-Green/11,,,,,Friday,2026-02-06_Bowling Green_St. Thomas
2026-02-06,CCHA,,Augustana,/reports/team/Augustana/64,,Michigan Tech,/reports/team/Michigan-Tech/33,,,,,Friday,2026-02-06_Michigan Tech_Augustana
2026-02-06,CCHA,,Ferris State,/reports/team/Ferris-State/21,,Bemidji State,/reports/team/Bemidji-State/7,,,,,Friday,2026-02-06_Bemidji State_Ferris State
2026-02-07,Atlantic Hockey,,Air Force,/reports/team/Air-Force/1,,Niagara,/reports/team/Niagara/39,,,,,Saturday,2026-02-07_Niagara_Air Force
2026-02-07,Atlantic Hockey,,RIT,/reports/team/RIT/49,,Army,/reports/team/Army/6,,,,,Saturday,2026-02-07_Army_RIT
2026-02-07,Atlantic Hockey,,Holy Cross,/reports/team/Holy-Cross/23,,Bentley,/reports/team/Bentley/8,,,,,Saturday,2026-02-07_Bentley_Holy Cross
2026-02-07,Atlantic Hockey,,Mercyhurst,/reports/team/Mercyhurst/28,,Sacred Heart,/reports/team/Sacred-Heart/51,,,,,Saturday,2026-02-07_Sacred Heart_Mercyhurst
2026-02-07,Atlantic Hockey,,Canisius,/reports/team/Canisius/13,,Robert Morris,/reports/team/Robert-Morris/50,,,,,Saturday,2026-02-07_Robert Morris_Canisius
2026-02-07,ECAC,,Yale,/reports/team/Yale/59,,Quinnipiac,/reports/team/Quinnipiac/47,,,,,Saturday,2026-02-07_Quinnipiac_Yale
2026-02-07,ECAC,,Union,/reports/team/Union/54,,Clarkson,/reports/team/Clarkson/14,,,,,Saturday,2026-02-07_Clarkson_Union
2026-02-07,ECAC,,Colgate,/reports/team/Colgate/15,,Cornell,/reports/team/Cornell/18,,,,,Saturday,2026-02-07_Cornell_Colgate
2026-02-07,ECAC,,Brown,/reports/team/Brown/12,,Princeton,/reports/team/Princeton/45,,,,,Saturday,2026-02-07_Princeton_Brown
2026-02-07,ECAC,,RPI,/reports/team/RPI/48,,St Lawrence,/reports/team/St-Lawrence/53,,,,,Saturday,2026-02-07_St. Lawrence_RPI
2026-02-07,Hockey East,,Mass Lowell,/reports/team/Mass-Lowell/26,,Massachusetts,/reports/team/Massachusetts/27,,,,,Saturday,2026-02-07_Massachusetts_Mass.-Lowell
2026-02-07,Hockey East,,Vermont,/reports/team/Vermont/55,,Providence,/reports/team/Providence/46,,,,,Saturday,2026-02-07_Providence_Vermont
2026-02-07,NCHC,,Western Michigan,/reports/team/Western-Michigan/57,,Miami,/reports/team/Miami/30,,,,,Saturday,2026-02-07_Miami_Western Michigan
2026-02-07,NCHC,,North Dakota,/reports/team/North-Dakota/40,,Minnesota Duluth,/reports/team/Minnesota-Duluth/36,,,,,Saturday,2026-02-07_Minnesota-Duluth_North Dakota
2026-02-07,NCHC,,St Cloud State,/reports/team/St-Cloud-State/52,,Arizona State,/reports/team/Arizona-State/61,,,,,Saturday,2026-02-07_Arizona State_St. Cloud State
2026-02-07,NCHC,,Colorado College,/reports/team/Colorado-College/16,,Denver,/reports/team/Denver/20,,,,,Saturday,2026-02-07_Denver_Colorado College
2026-02-07,Non-Conference,,Alaska,/reports/team/Alaska/4,,Alaska Anchorage,/reports/team/Alaska-Anchorage/3,,,,,Saturday,2026-02-07_Alaska-Anchorage_Alaska
2026-02-07,Non-Conference,,Lindenwood,/reports/team/Lindenwood/433,,Stonehill,/reports/team/Stonehill/422,,,,,Saturday,2026-02-07_Stonehill_Lindenwood
2026-02-07,CCHA,,Augustana,/reports/team/Augustana/64,,Michigan Tech,/reports/team/Michigan-Tech/33,,,,,Saturday,2026-02-07_Michigan Tech_Augustana
2026-02-07,CCHA,,Ferris State,/reports/team/Ferris-State/21,,Bemidji State,/reports/team/Bemidji-State/7,,,,,Saturday,2026-02-07_Bemidji State_Ferris State
2026-02-07,CCHA,,St Thomas,/reports/team/St-Thomas/63,,Bowling Green,/reports/team/Bowling-Green/11,,,,,Saturday,2026-02-07_Bowling Green_St. Thomas
2026-02-09,"Beanpot (at TD Garden, Boston)",,Boston University,/reports/team/Boston-University/10,,TBD,,,,,,Monday,2026-02-09_TBD_Boston University
2026-02-09,"Beanpot (at TD Garden, Boston)",,Boston College,/reports/team/Boston-College/9,,TBD,,,,,,Monday,2026-02-09_TBD_Boston College
2026-02-09,"Beanpot (at TD Garden, Boston)",,Northeastern,/reports/team/Northeastern/41,,TBD,,,,,,Monday,2026-02-09_TBD_Northeastern
2026-02-09,"Beanpot (at TD Garden, Boston)",,Harvard,/reports/team/Harvard/22,,TBD,,,,,,Monday,2026-02-09_TBD_Harvard
2026-02-10,Atlantic Hockey,,Army,/reports/team/Army/6,,Bentley,/reports/team/Bentley/8,,,,,Tuesday,2026-02-10_Bentley_Army
2026-02-10,Atlantic Hockey,,Niagara,/reports/team/Niagara/39,,RIT,/reports/team/RIT/49,,,,,Tuesday,2026-02-10_RIT_Niagara
2026-02-13,Atlantic Hockey,,Mercyhurst,/reports/team/Mercyhurst/28,,Air Force,/reports/team/Air-Force/1,,,,,Friday,2026-02-13_Air Force_Mercyhurst
2026-02-13,Atlantic Hockey,,Holy Cross,/reports/team/Holy-Cross/23,,Canisius,/reports/team/Canisius/13,,,,,Friday,2026-02-13_Canisius_Holy Cross
2026-02-13,Atlantic Hockey,,Robert Morris,/reports/team/Robert-Morris/50,,Niagara,/reports/team/Niagara/39,,,,,Friday,2026-02-13_Niagara_Robert Morris
2026-02-13,Atlantic Hockey,,Sacred Heart,/reports/team/Sacred-Heart/51,,Bentley,/reports/team/Bentley/8,,,,,Friday,2026-02-13_Bentley_Sacred Heart
2026-02-13,CCHA,,Northern Michigan,/reports/team/Northern-Michigan/42,,Ferris State,/reports/team/Ferris-State/21,,,,,Friday,2026-02-13_Ferris State_Northern Michigan
2026-02-13,CCHA,,Michigan Tech,/reports/team/Michigan-Tech/33,,Lake Superior,/reports/team/Lake-Superior/24,,,,,Friday,2026-02-13_Lake Superior_Michigan Tech
2026-02-13,CCHA,,Bemidji State,/reports/team/Bemidji-State/7,,Minnesota State,/reports/team/Minnesota-State/35,,,,,Friday,2026-02-13_Minnesota State_Bemidji State
2026-02-13,CCHA,,Bowling Green,/reports/team/Bowling-Green/11,,Augustana,/reports/team/Augustana/64,,,,,Friday,2026-02-13_Augustana_Bowling Green
2026-02-13,ECAC,,Harvard,/reports/team/Harvard/22,,Brown,/reports/team/Brown/12,,,,,Friday,2026-02-13_Brown_Harvard
2026-02-13,ECAC,,Dartmouth,/reports/team/Dartmouth/19,,Yale,/reports/team/Yale/59,,,,,Friday,2026-02-13_Yale_Dartmouth
2026-02-13,ECAC,,Cornell,/reports/team/Cornell/18,,RPI,/reports/team/RPI/48,,,,,Friday,2026-02-13_RPI_Cornell
2026-02-13,ECAC,,Colgate,/reports/team/Colgate/15,,Union,/reports/team/Union/54,,,,,Friday,2026-02-13_Union_Colgate
2026-02-13,Hockey East,,Boston College,/reports/team/Boston-College/9,,Merrimack,/reports/team/Merrimack/29,,,,,Friday,2026-02-13_Merrimack_Boston College
2026-02-13,Hockey East,,Northeastern,/reports/team/Northeastern/41,,Providence,/reports/team/Providence/46,,,,,Friday,2026-02-13_Providence_Northeastern
2026-02-13,Hockey East,,Connecticut,/reports/team/Connecticut/17,,Maine,/reports/team/Maine/25,,,,,Friday,2026-02-13_Maine_Connecticut
2026-02-13,Hockey East,,Boston University,/reports/team/Boston-University/10,,New Hampshire,/reports/team/New-Hampshire/38,,,,,Friday,2026-02-13_New Hampshire_Boston University
2026-02-13,Hockey East,,Mass Lowell,/reports/team/Mass-Lowell/26,,Vermont,/reports/team/Vermont/55,,,,,Friday,2026-02-13_Vermont_Mass.-Lowell
2026-02-13,NCHC,,Denver,/reports/team/Denver/20,,Omaha,/reports/team/Omaha/37,,,,,Friday,2026-02-13_Omaha_Denver
2026-02-13,NCHC,,Miami,/reports/team/Miami/30,,North Dakota,/reports/team/North-Dakota/40,,,,,Friday,2026-02-13_North Dakota_Miami
2026-02-13,NCHC,,Colorado College,/reports/team/Colorado-College/16,,St Cloud State,/reports/team/St-Cloud-State/52,,,,,Friday,2026-02-13_St. Cloud State_Colorado College
2026-02-13,NCHC,,Arizona State,/reports/team/Arizona-State/61,,Western Michigan,/reports/team/Western-Michigan/57,,,,,Friday,2026-02-13_Western Michigan_Arizona State
2026-02-13,Non-Conference,,Stonehill,/reports/team/Stonehill/422,,Long Island,/reports/team/Long-Island/62,,,,,Friday,2026-02-13_Long Island_Stonehill
2026-02-13,Non-Conference,,Alaska Anchorage,/reports/team/Alaska-Anchorage/3,,Lindenwood,/reports/team/Lindenwood/433,,,,,Friday,2026-02-13_Lindenwood_Alaska-Anchorage
2026-02-14,Atlantic Hockey,,Mercyhurst,/reports/team/Mercyhurst/28,,Air Force,/reports/team/Air-Force/1,,,,,Saturday,2026-02-14_Air Force_Mercyhurst
2026-02-14,Atlantic Hockey,,Holy Cross,/reports/team/Holy-Cross/23,,Canisius,/reports/team/Canisius/13,,,,,Saturday,2026-02-14_Canisius_Holy Cross
2026-02-14,Atlantic Hockey,,Sacred Heart,/reports/team/Sacred-Heart/51,,Bentley,/reports/team/Bentley/8,,,,,Saturday,2026-02-14_Bentley_Sacred Heart
2026-02-14,Atlantic Hockey,,Niagara,/reports/team/Niagara/39,,Robert Morris,/reports/team/Robert-Morris/50,,,,,Saturday,2026-02-14_Robert Morris_Niagara
2026-02-14,CCHA,,Northern Michigan,/reports/team/Northern-Michigan/42,,Ferris State,/reports/team/Ferris-State/21,,,,,Saturday,2026-02-14_Ferris State_Northern Michigan
2026-02-14,CCHA,,Michigan Tech,/reports/team/Michigan-Tech/33,,Lake Superior,/reports/team/Lake-Superior/24,,,,,Saturday,2026-02-14_Lake Superior_Michigan Tech
2026-02-14,CCHA,,Bemidji State,/reports/team/Bemidji-State/7,,Minnesota State,/reports/team/Minnesota-State/35,,,,,Saturday,2026-02-14_Minnesota State_Bemidji State
2026-02-14,CCHA,,Bowling Green,/reports/team/Bowling-Green/11,,Augustana,/reports/team/Augustana/64,,,,,Saturday,2026-02-14_Augustana_Bowling Green
2026-02-14,ECAC,,Dartmouth,/reports/team/Dartmouth/19,,Brown,/reports/team/Brown/12,,,,,Saturday,2026-02-14_Brown_Dartmouth
2026-02-14,ECAC,,Princeton,/reports/team/Princeton/45,,Quinnipiac,/reports/team/Quinnipiac/47,,,,,Saturday,2026-02-14_Quinnipiac_Princeton
2026-02-14,ECAC,,Harvard,/reports/team/Harvard/22,,Yale,/reports/team/Yale/59,,,,,Saturday,2026-02-14_Yale_Harvard
2026-02-14,ECAC,,Colgate,/reports/team/Colgate/15,,RPI,/reports/team/RPI/48,,,,,Saturday,2026-02-14_RPI_Colgate
2026-02-14,ECAC,,Cornell,/reports/team/Cornell/18,,Union,/reports/team/Union/54,,,,,Saturday,2026-02-14_Union_Cornell
2026-02-14,Hockey East,,New Hampshire,/reports/team/New-Hampshire/38,,Boston University,/reports/team/Boston-University/10,,,,,Saturday,2026-02-14_Boston University_New Hampshire
2026-02-14,Hockey East,,Connecticut,/reports/team/Connecticut/17,,Maine,/reports/team/Maine/25,,,,,Saturday,2026-02-14_Maine_Connecticut
2026-02-14,Hockey East,,Providence,/reports/team/Providence/46,,Northeastern,/reports/team/Northeastern/41,,,,,Saturday,2026-02-14_Northeastern_Providence
2026-02-14,Hockey East,,Mass Lowell,/reports/team/Mass-Lowell/26,,Vermont,/reports/team/Vermont/55,,,,,Saturday,2026-02-14_Vermont_Mass.-Lowell
2026-02-14,Hockey East,,Merrimack,/reports/team/Merrimack/29,,Boston College,/reports/team/Boston-College/9,,,,,Saturday,2026-02-14_Boston College_Merrimack
2026-02-14,NCHC,,Denver,/reports/team/Denver/20,,Omaha,/reports/team/Omaha/37,,,,,Saturday,2026-02-14_Omaha_Denver
2026-02-14,NCHC,,Miami,/reports/team/Miami/30,,North Dakota,/reports/team/North-Dakota/40,,,,,Saturday,2026-02-14_North Dakota_Miami
2026-02-14,NCHC,,Colorado College,/reports/team/Colorado-College/16,,St Cloud State,/reports/team/St-Cloud-State/52,,,,,Saturday,2026-02-14_St. Cloud State_Colorado College
2026-02-14,NCHC,,Arizona State,/reports/team/Arizona-State/61,,Western Michigan,/reports/team/Western-Michigan/57,,,,,Saturday,2026-02-14_Western Michigan_Arizona State
2026-02-14,Non-Conference,,Stonehill,/reports/team/Stonehill/422,,Long Island,/reports/team/Long-Island/62,,,,,Saturday,2026-02-14_Long Island_Stonehill
2026-02-14,Non-Conference,,Alaska Anchorage,/reports/team/Alaska-Anchorage/3,,Lindenwood,/reports/team/Lindenwood/433,,,,,Saturday,2026-02-14_Lindenwood_Alaska-Anchorage
2026-02-15,ECAC,,Quinnipiac,/reports/team/Quinnipiac/47,,Princeton,/reports/team/Princeton/45,,,,,Sunday,2026-02-15_Princeton_Quinnipiac
2026-02-20,Atlantic Hockey,,Army,/reports/team/Army/6,,Air Force,/reports/team/Air-Force/1,,,,,Friday,2026-02-20_Air Force_Army
2026-02-20,Atlantic Hockey,,Robert Morris,/reports/team/Robert-Morris/50,,Canisius,/reports/team/Canisius/13,,,,,Friday,2026-02-20_Canisius_Robert Morris
2026-02-20,Atlantic Hockey,,Niagara,/reports/team/Niagara/39,,Mercyhurst,/reports/team/Mercyhurst/28,,,,,Friday,2026-02-20_Mercyhurst_Niagara
2026-02-20,Atlantic Hockey,,Holy Cross,/reports/team/Holy-Cross/23,,Sacred Heart,/reports/team/Sacred-Heart/51,,,,,Friday,2026-02-20_Sacred Heart_Holy Cross
2026-02-20,Atlantic Hockey,,Bentley,/reports/team/Bentley/8,,RIT,/reports/team/RIT/49,,,,,Friday,2026-02-20_RIT_Bentley
2026-02-20,CCHA,,Augustana,/reports/team/Augustana/64,,St Thomas,/reports/team/St-Thomas/63,,,,,Friday,2026-02-20_St. Thomas_Augustana
2026-02-20,CCHA,,Minnesota State,/reports/team/Minnesota-State/35,,Bowling Green,/reports/team/Bowling-Green/11,,,,,Friday,2026-02-20_Bowling Green_Minnesota State
2026-02-20,CCHA,,Lake Superior,/reports/team/Lake-Superior/24,,Northern Michigan,/reports/team/Northern-Michigan/42,,,,,Friday,2026-02-20_Northern Michigan_Lake Superior
2026-02-20,Hockey East,,New Hampshire,/reports/team/New-Hampshire/38,,Massachusetts,/reports/team/Massachusetts/27,,,,,Friday,2026-02-20_Massachusetts_New Hampshire
2026-02-20,Hockey East,,Mass Lowell,/reports/team/Mass-Lowell/26,,Northeastern,/reports/team/Northeastern/41,,,,,Friday,2026-02-20_Northeastern_Mass.-Lowell
2026-02-20,Hockey East,,Connecticut,/reports/team/Connecticut/17,,Boston College,/reports/team/Boston-College/9,,,,,Friday,2026-02-20_Boston College_Connecticut
2026-02-20,Hockey East,,Merrimack,/reports/team/Merrimack/29,,Maine,/reports/team/Maine/25,,,,,Friday,2026-02-20_Maine_Merrimack
2026-02-20,Hockey East,,Providence,/reports/team/Providence/46,,Vermont,/reports/team/Vermont/55,,,,,Friday,2026-02-20_Vermont_Providence
2026-02-20,NCHC,,Western Michigan,/reports/team/Western-Michigan/57,,Colorado College,/reports/team/Colorado-College/16,,,,,Friday,2026-02-20_Colorado College_Western Michigan
2026-02-20,NCHC,,Minnesota Duluth,/reports/team/Minnesota-Duluth/36,,Miami,/reports/team/Miami/30,,,,,Friday,2026-02-20_Miami_Minnesota-Duluth
2026-02-20,NCHC,,St Cloud State,/reports/team/St-Cloud-State/52,,North Dakota,/reports/team/North-Dakota/40,,,,,Friday,2026-02-20_North Dakota_St. Cloud State
2026-02-20,NCHC,,Omaha,/reports/team/Omaha/37,,Arizona State,/reports/team/Arizona-State/61,,,,,Friday,2026-02-20_Arizona State_Omaha
2026-02-20,ECAC,,Yale,/reports/team/Yale/59,,Clarkson,/reports/team/Clarkson/14,,,,,Friday,2026-02-20_Clarkson_Yale
2026-02-20,ECAC,,Colgate,/reports/team/Colgate/15,,Princeton,/reports/team/Princeton/45,,,,,Friday,2026-02-20_Princeton_Colgate
2026-02-20,ECAC,,Cornell,/reports/team/Cornell/18,,Quinnipiac,/reports/team/Quinnipiac/47,,,,,Friday,2026-02-20_Quinnipiac_Cornell
2026-02-20,ECAC,,Dartmouth,/reports/team/Dartmouth/19,,RPI,/reports/team/RPI/48,,,,,Friday,2026-02-20_RPI_Dartmouth
2026-02-20,ECAC,,Brown,/reports/team/Brown/12,,St Lawrence,/reports/team/St-Lawrence/53,,,,,Friday,2026-02-20_St. Lawrence_Brown
2026-02-20,ECAC,,Harvard,/reports/team/Harvard/22,,Union,/reports/team/Union/54,,,,,Friday,2026-02-20_Union_Harvard
2026-02-20,Non-Conference,,Alaska,/reports/team/Alaska/4,,Alaska Anchorage,/reports/team/Alaska-Anchorage/3,,,,,Friday,2026-02-20_Alaska-Anchorage_Alaska
2026-02-20,Non-Conference,,Long Island,/reports/team/Long-Island/62,,Stonehill,/reports/team/Stonehill/422,,,,,Friday,2026-02-20_Stonehill_Long Island
2026-02-21,Atlantic Hockey,,Army,/reports/team/Army/6,,Air Force,/reports/team/Air-Force/1,,,,,Saturday,2026-02-21_Air Force_Army
2026-02-21,Atlantic Hockey,,Robert Morris,/reports/team/Robert-Morris/50,,Canisius,/reports/team/Canisius/13,,,,,Saturday,2026-02-21_Canisius_Robert Morris
2026-02-21,Atlantic Hockey,,Mercyhurst,/reports/team/Mercyhurst/28,,Niagara,/reports/team/Niagara/39,,,,,Saturday,2026-02-21_Niagara_Mercyhurst
2026-02-21,Atlantic Hockey,,Holy Cross,/reports/team/Holy-Cross/23,,Sacred Heart,/reports/team/Sacred-Heart/51,,,,,Saturday,2026-02-21_Sacred Heart_Holy Cross
2026-02-21,CCHA,,Augustana,/reports/team/Augustana/64,,St Thomas,/reports/team/St-Thomas/63,,,,,Saturday,2026-02-21_St. Thomas_Augustana
2026-02-21,CCHA,,Lake Superior,/reports/team/Lake-Superior/24,,Northern Michigan,/reports/team/Northern-Michigan/42,,,,,Saturday,2026-02-21_Northern Michigan_Lake Superior
2026-02-21,CCHA,,Minnesota State,/reports/team/Minnesota-State/35,,Bowling Green,/reports/team/Bowling-Green/11,,,,,Saturday,2026-02-21_Bowling Green_Minnesota State
2026-02-21,ECAC,,Colgate,/reports/team/Colgate/15,,Quinnipiac,/reports/team/Quinnipiac/47,,,,,Saturday,2026-02-21_Quinnipiac_Colgate
2026-02-21,ECAC,,Brown,/reports/team/Brown/12,,Clarkson,/reports/team/Clarkson/14,,,,,Saturday,2026-02-21_Clarkson_Brown
2026-02-21,ECAC,,Dartmouth,/reports/team/Dartmouth/19,,Union,/reports/team/Union/54,,,,,Saturday,2026-02-21_Union_Dartmouth
2026-02-21,ECAC,,Cornell,/reports/team/Cornell/18,,Princeton,/reports/team/Princeton/45,,,,,Saturday,2026-02-21_Princeton_Cornell
2026-02-21,ECAC,,Harvard,/reports/team/Harvard/22,,RPI,/reports/team/RPI/48,,,,,Saturday,2026-02-21_RPI_Harvard
2026-02-21,ECAC,,Yale,/reports/team/Yale/59,,St Lawrence,/reports/team/St-Lawrence/53,,,,,Saturday,2026-02-21_St. Lawrence_Yale
2026-02-21,Hockey East,,Boston College,/reports/team/Boston-College/9,,Connecticut,/reports/team/Connecticut/17,,,,,Saturday,2026-02-21_Connecticut_Boston College
2026-02-21,Hockey East,,Providence,/reports/team/Providence/46,,Vermont,/reports/team/Vermont/55,,,,,Saturday,2026-02-21_Vermont_Providence
2026-02-21,Hockey East,,Northeastern,/reports/team/Northeastern/41,,Mass Lowell,/reports/team/Mass-Lowell/26,,,,,Saturday,2026-02-21_Mass.-Lowell_Northeastern
2026-02-21,Hockey East,,Merrimack,/reports/team/Merrimack/29,,Maine,/reports/team/Maine/25,,,,,Saturday,2026-02-21_Maine_Merrimack
2026-02-21,Hockey East,,Massachusetts,/reports/team/Massachusetts/27,,New Hampshire,/reports/team/New-Hampshire/38,,,,,Saturday,2026-02-21_New Hampshire_Massachusetts
2026-02-21,NCHC,,Western Michigan,/reports/team/Western-Michigan/57,,Colorado College,/reports/team/Colorado-College/16,,,,,Saturday,2026-02-21_Colorado College_Western Michigan
2026-02-21,NCHC,,Minnesota Duluth,/reports/team/Minnesota-Duluth/36,,Miami,/reports/team/Miami/30,,,,,Saturday,2026-02-21_Miami_Minnesota-Duluth
2026-02-21,NCHC,,St Cloud State,/reports/team/St-Cloud-State/52,,North Dakota,/reports/team/North-Dakota/40,,,,,Saturday,2026-02-21_North Dakota_St. Cloud State
2026-02-21,NCHC,,Omaha,/reports/team/Omaha/37,,Arizona State,/reports/team/Arizona-State/61,,,,,Saturday,2026-02-21_Arizona State_Omaha
2026-02-21,Non-Conference,,Alaska,/reports/team/Alaska/4,,Alaska Anchorage,/reports/team/Alaska-Anchorage/3,,,,,Saturday,2026-02-21_Alaska-Anchorage_Alaska
2026-02-21,Non-Conference,,Long Island,/reports/team/Long-Island/62,,Stonehill,/reports/team/Stonehill/422,,,,,Saturday,2026-02-21_Stonehill_Long Island
2026-02-21,Exhibition,,US Under 18,,,Lindenwood,/reports/team/Lindenwood/433,,,,,Saturday,2026-02-21_Lindenwood_US Under-18
2026-02-22,Exhibition,,US Under 18,,,Lindenwood,/reports/team/Lindenwood/433,,,,,Sunday,2026-02-22_Lindenwood_US Under-18
2026-02-26,CCHA,,Ferris State,/reports/team/Ferris-State/21,,Lake Superior,/reports/team/Lake-Superior/24,,,,,Thursday,2026-02-26_Lake Superior_Ferris State
2026-02-27,Atlantic Hockey,,RIT,/reports/team/RIT/49,,Holy Cross,/reports/team/Holy-Cross/23,,,,,Friday,2026-02-27_Holy Cross_RIT
2026-02-27,Atlantic Hockey,,Canisius,/reports/team/Canisius/13,,Niagara,/reports/team/Niagara/39,,,,,Friday,2026-02-27_Niagara_Canisius
2026-02-27,Atlantic Hockey,,Mercyhurst,/reports/team/Mercyhurst/28,,Robert Morris,/reports/team/Robert-Morris/50,,,,,Friday,2026-02-27_Robert Morris_Mercyhurst
2026-02-27,Atlantic Hockey,,Sacred Heart,/reports/team/Sacred-Heart/51,,Army,/reports/team/Army/6,,,,,Friday,2026-02-27_Army_Sacred Heart
2026-02-27,Atlantic Hockey,,Air Force,/reports/team/Air-Force/1,,Bentley,/reports/team/Bentley/8,,,,,Friday,2026-02-27_Bentley_Air Force
2026-02-27,ECAC,,RPI,/reports/team/RPI/48,,Brown,/reports/team/Brown/12,,,,,Friday,2026-02-27_Brown_RPI
2026-02-27,ECAC,,Clarkson,/reports/team/Clarkson/14,,Colgate,/reports/team/Colgate/15,,,,,Friday,2026-02-27_Colgate_Clarkson
2026-02-27,ECAC,,Union,/reports/team/Union/54,,Yale,/reports/team/Yale/59,,,,,Friday,2026-02-27_Yale_Union
2026-02-27,ECAC,,St Lawrence,/reports/team/St-Lawrence/53,,Cornell,/reports/team/Cornell/18,,,,,Friday,2026-02-27_Cornell_St. Lawrence
2026-02-27,ECAC,,Quinnipiac,/reports/team/Quinnipiac/47,,Dartmouth,/reports/team/Dartmouth/19,,,,,Friday,2026-02-27_Dartmouth_Quinnipiac
2026-02-27,ECAC,,Princeton,/reports/team/Princeton/45,,Harvard,/reports/team/Harvard/22,,,,,Friday,2026-02-27_Harvard_Princeton
2026-02-27,Hockey East,,Boston College,/reports/team/Boston-College/9,,Boston University,/reports/team/Boston-University/10,,,,,Friday,2026-02-27_Boston University_Boston College
2026-02-27,Hockey East,,Massachusetts,/reports/team/Massachusetts/27,,Connecticut,/reports/team/Connecticut/17,,,,,Friday,2026-02-27_Connecticut_Massachusetts
2026-02-27,Hockey East,,Vermont,/reports/team/Vermont/55,,Merrimack,/reports/team/Merrimack/29,,,,,Friday,2026-02-27_Merrimack_Vermont
2026-02-27,Hockey East,,Maine,/reports/team/Maine/25,,Northeastern,/reports/team/Northeastern/41,,,,,Friday,2026-02-27_Northeastern_Maine
2026-02-27,Hockey East,,New Hampshire,/reports/team/New-Hampshire/38,,Providence,/reports/team/Providence/46,,,,,Friday,2026-02-27_Providence_New Hampshire
2026-02-27,NCHC,,Colorado College,/reports/team/Colorado-College/16,,Minnesota Duluth,/reports/team/Minnesota-Duluth/36,,,,,Friday,2026-02-27_Minnesota-Duluth_Colorado College
2026-02-27,NCHC,,Miami,/reports/team/Miami/30,,Omaha,/reports/team/Omaha/37,,,,,Friday,2026-02-27_Omaha_Miami
2026-02-27,NCHC,,North Dakota,/reports/team/North-Dakota/40,,Western Michigan,/reports/team/Western-Michigan/57,,,,,Friday,2026-02-27_Western Michigan_North Dakota
2026-02-27,NCHC,,Arizona State,/reports/team/Arizona-State/61,,Denver,/reports/team/Denver/20,,,,,Friday,2026-02-27_Denver_Arizona State
2026-02-27,Non-Conference,,Simon Fraser,,,Stonehill,/reports/team/Stonehill/422,,,,,Friday,2026-02-27_Stonehill_Simon Fraser
2026-02-27,Non-Conference,,Alaska Anchorage,/reports/team/Alaska-Anchorage/3,,Alaska,/reports/team/Alaska/4,,,,,Friday,2026-02-27_Alaska_Alaska-Anchorage
2026-02-27,CCHA,,Ferris State,/reports/team/Ferris-State/21,,Lake Superior,/reports/team/Lake-Superior/24,,,,,Friday,2026-02-27_Lake Superior_Ferris State
2026-02-27,CCHA,,Bowling Green,/reports/team/Bowling-Green/11,,Michigan Tech,/reports/team/Michigan-Tech/33,,,,,Friday,2026-02-27_Michigan Tech_Bowling Green
2026-02-27,CCHA,,Northern Michigan,/reports/team/Northern-Michigan/42,,Minnesota State,/reports/team/Minnesota-State/35,,,,,Friday,2026-02-27_Minnesota State_Northern Michigan
2026-02-27,CCHA,,St Thomas,/reports/team/St-Thomas/63,,Bemidji State,/reports/team/Bemidji-State/7,,,,,Friday,2026-02-27_Bemidji State_St. Thomas
2026-02-28,Atlantic Hockey,,Niagara,/reports/team/Niagara/39,,Canisius,/reports/team/Canisius/13,,,,,Saturday,2026-02-28_Canisius_Niagara
2026-02-28,Atlantic Hockey,,RIT,/reports/team/RIT/49,,Holy Cross,/reports/team/Holy-Cross/23,,,,,Saturday,2026-02-28_Holy Cross_RIT
2026-02-28,Atlantic Hockey,,Sacred Heart,/reports/team/Sacred-Heart/51,,Army,/reports/team/Army/6,,,,,Saturday,2026-02-28_Army_Sacred Heart
2026-02-28,Atlantic Hockey,,Air Force,/reports/team/Air-Force/1,,Bentley,/reports/team/Bentley/8,,,,,Saturday,2026-02-28_Bentley_Air Force
2026-02-28,Atlantic Hockey,,Robert Morris,/reports/team/Robert-Morris/50,,Mercyhurst,/reports/team/Mercyhurst/28,,,,,Saturday,2026-02-28_Mercyhurst_Robert Morris
2026-02-28,ECAC,,Union,/reports/team/Union/54,,Brown,/reports/team/Brown/12,,,,,Saturday,2026-02-28_Brown_Union
2026-02-28,ECAC,,St Lawrence,/reports/team/St-Lawrence/53,,Colgate,/reports/team/Colgate/15,,,,,Saturday,2026-02-28_Colgate_St. Lawrence
2026-02-28,ECAC,,RPI,/reports/team/RPI/48,,Yale,/reports/team/Yale/59,,,,,Saturday,2026-02-28_Yale_RPI
2026-02-28,ECAC,,Clarkson,/reports/team/Clarkson/14,,Cornell,/reports/team/Cornell/18,,,,,Saturday,2026-02-28_Cornell_Clarkson
2026-02-28,ECAC,,Princeton,/reports/team/Princeton/45,,Dartmouth,/reports/team/Dartmouth/19,,,,,Saturday,2026-02-28_Dartmouth_Princeton
2026-02-28,ECAC,,Quinnipiac,/reports/team/Quinnipiac/47,,Harvard,/reports/team/Harvard/22,,,,,Saturday,2026-02-28_Harvard_Quinnipiac
2026-02-28,Hockey East,,Connecticut,/reports/team/Connecticut/17,,Massachusetts,/reports/team/Massachusetts/27,,,,,Saturday,2026-02-28_Massachusetts_Connecticut
2026-02-28,Hockey East,,Vermont,/reports/team/Vermont/55,,Merrimack,/reports/team/Merrimack/29,,,,,Saturday,2026-02-28_Merrimack_Vermont
2026-02-28,Hockey East,,Maine,/reports/team/Maine/25,,Northeastern,/reports/team/Northeastern/41,,,,,Saturday,2026-02-28_Northeastern_Maine
2026-02-28,Hockey East,,Boston University,/reports/team/Boston-University/10,,Boston College,/reports/team/Boston-College/9,,,,,Saturday,2026-02-28_Boston College_Boston University
2026-02-28,Hockey East,,Providence,/reports/team/Providence/46,,New Hampshire,/reports/team/New-Hampshire/38,,,,,Saturday,2026-02-28_New Hampshire_Providence
2026-02-28,NCHC,,Colorado College,/reports/team/Colorado-College/16,,Minnesota Duluth,/reports/team/Minnesota-Duluth/36,,,,,Saturday,2026-02-28_Minnesota-Duluth_Colorado College
2026-02-28,NCHC,,Miami,/reports/team/Miami/30,,Omaha,/reports/team/Omaha/37,,,,,Saturday,2026-02-28_Omaha_Miami
2026-02-28,NCHC,,North Dakota,/reports/team/North-Dakota/40,,Western Michigan,/reports/team/Western-Michigan/57,,,,,Saturday,2026-02-28_Western Michigan_North Dakota
2026-02-28,NCHC,,Arizona State,/reports/team/Arizona-State/61,,Denver,/reports/team/Denver/20,,,,,Saturday,2026-02-28_Denver_Arizona State
2026-02-28,CCHA,,Bowling Green,/reports/team/Bowling-Green/11,,Michigan Tech,/reports/team/Michigan-Tech/33,,,,,Saturday,2026-02-28_Michigan Tech_Bowling Green
2026-02-28,CCHA,,Northern Michigan,/reports/team/Northern-Michigan/42,,Minnesota State,/reports/team/Minnesota-State/35,,,,,Saturday,2026-02-28_Minnesota State_Northern Michigan
2026-02-28,CCHA,,St Thomas,/reports/team/St-Thomas/63,,Bemidji State,/reports/team/Bemidji-State/7,,,,,Saturday,2026-02-28_Bemidji State_St. Thomas
2026-02-28,Non-Conference,,Simon Fraser,,,Stonehill,/reports/team/Stonehill/422,,,,,Saturday,2026-02-28_Stonehill_Simon Fraser
2026-02-28,Non-Conference,,Alaska Anchorage,/reports/team/Alaska-Anchorage/3,,Alaska,/reports/team/Alaska/4,,,,,Saturday,2026-02-28_Alaska_Alaska-Anchorage
2026-03-05,Hockey East,,New Hampshire,/reports/team/New-Hampshire/38,,Connecticut,/reports/team/Connecticut/17,,,,,Thursday,2026-03-05_Connecticut_New Hampshire
2026-03-05,Hockey East,,Boston College,/reports/team/Boston-College/9,,Massachusetts,/reports/team/Massachusetts/27,,,,,Thursday,2026-03-05_Massachusetts_Boston College
2026-03-06,Hockey East,,Mass Lowell,/reports/team/Mass-Lowell/26,,Merrimack,/reports/team/Merrimack/29,,,,,Friday,2026-03-06_Merrimack_Mass.-Lowell
2026-03-07,Hockey East,,Connecticut,/reports/team/Connecticut/17,,Providence,/reports/team/Providence/46,,,,,Saturday,2026-03-07_Providence_Connecticut
2026-03-07,Hockey East,,Maine,/reports/team/Maine/25,,Vermont,/reports/team/Vermont/55,,,,,Saturday,2026-03-07_Vermont_Maine
2026-03-07,Hockey East,,Northeastern,/reports/team/Northeastern/41,,Boston College,/reports/team/Boston-College/9,,,,,Saturday,2026-03-07_Boston College_Northeastern
2026-03-07,Hockey East,,Boston University,/reports/team/Boston-University/10,,Mass Lowell,/reports/team/Mass-Lowell/26,,,,,Saturday,2026-03-07_Mass.-Lowell_Boston University
2026-03-07,Hockey East,,Massachusetts,/reports/team/Massachusetts/27,,New Hampshire,/reports/team/New-Hampshire/38,,,,,Saturday,2026-03-07_New Hampshire_Massachusetts
